"state","statename","st_case","peds","pernotmvit","ve_total","ve_forms","pvh_invl","persons","permvit","county","countyname","city","cityname","month","monthname","day","dayname","day_week","day_weekname","year","hour","hourname","minute","minutename","tway_id","tway_id2","route","routename","rur_urb","rur_urbname","func_sys","func_sysname","rd_owner","rd_ownername","nhs","nhsname","sp_jur","sp_jurname","milept","mileptname","latitude","latitudename","longitud","longitudname","harm_ev","harm_evname","man_coll","man_collname","reljct1","reljct1name","reljct2","reljct2name","typ_int","typ_intname","rel_road","rel_roadname","wrk_zone","wrk_zonename","lgt_cond","lgt_condname","weather","weathername","sch_bus","sch_busname","rail","railname","not_hour","not_hourname","not_min","not_minname","arr_hour","arr_hourname","arr_min","arr_minname","hosp_hr","hosp_hrname","hosp_mn","hosp_mnname","fatals","route_category","day_type","quarter_year","day_quarter"
"1","Alabama","10171",1,1,1,1,0,1,1,101,"MONTGOMERY (101)",2130,"MONTGOMERY",3,"March",26,26,7,"Saturday",2022,17,"5:00pm-5:59pm",27,"27","I-85","",1,"Interstate",2,"Urban",1,"Interstate",1,"State Highway Agency",1,"This section IS ON the NHS",0,"No Special Jurisdiction",60,"60",32.36333333,32.36333333,-86.21425,-86.21425,8,"Pedestrian",0,"The First Harmful Event was Not a Collision with a Motor Vehicle in Transport",0,"No",1,"Non-Junction",1,"Not an Intersection",1,"On Roadway",0,"None",1,"Daylight",1,"Clear",0,"No","0000000","Not Applicable",17,"5:00pm-5:59pm",28,"28",17,"5:00pm-5:59pm",34,"34",88,"Not Applicable (Not Transported)",88,"Not Applicable (Not Transported)",1,"State Highway","Weekend","FQ1_Year","Last Quarter (Month)"
"1","Alabama","10175",0,0,1,1,0,1,1,79,"LAWRENCE (79)",0,"NOT APPLICABLE",3,"March",29,29,3,"Tuesday",2022,22,"10:00pm-10:59pm",10,"10","SR-33","",3,"State Highway",1,"Rural",5,"Major Collector",1,"State Highway Agency",0,"This section IS NOT on the NHS",0,"No Special Jurisdiction",150,"150",34.34535833,34.34535833,-87.33961111,-87.33961111,42,"Tree (Standing Only)",0,"The First Harmful Event was Not a Collision with a Motor Vehicle in Transport",0,"No",1,"Non-Junction",1,"Not an Intersection",4,"On Roadside",0,"None",2,"Dark - Not Lighted",1,"Clear",0,"No","0000000","Not Applicable",22,"10:00pm-10:59pm",10,"10",22,"10:00pm-10:59pm",23,"23",99,"Unknown",99,"Unknown EMS Hospital Arrival Time",1,"State Highway","Weekday","FQ1_Year","Last Quarter (Month)"
"1","Alabama","10180",1,1,1,1,0,1,1,17,"CHAMBERS (17)",1830,"LANETT",4,"April",1,1,6,"Friday",2022,6,"6:00am-6:59am",28,"28","SR-50","",3,"State Highway",2,"Urban",4,"Minor Arterial",1,"State Highway Agency",0,"This section IS NOT on the NHS",0,"No Special Jurisdiction",530,"530",32.85245833,32.85245833,-85.19954167,-85.19954167,8,"Pedestrian",0,"The First Harmful Event was Not a Collision with a Motor Vehicle in Transport",0,"No",1,"Non-Junction",1,"Not an Intersection",1,"On Roadway",0,"None",2,"Dark - Not Lighted",1,"Clear",0,"No","0000000","Not Applicable",6,"6:00am-6:59am",28,"28",6,"6:00am-6:59am",35,"35",88,"Not Applicable (Not Transported)",88,"Not Applicable (Not Transported)",1,"State Highway","Weekday","FQ1_Year","1st Quarter (Month)"
"1","Alabama","10183",0,0,1,1,0,1,1,87,"MACON (87)",3070,"TUSKEGEE",4,"April",1,1,6,"Friday",2022,1,"1:00am-1:59am",22,"22","US-80 SR-8","",2,"US Highway",2,"Urban",4,"Minor Arterial",1,"State Highway Agency",0,"This section IS NOT on the NHS",0,"No Special Jurisdiction",1725,"1725",32.42094444,32.42094444,-85.69506667,-85.69506667,30,"Utility Pole/Light Support",0,"The First Harmful Event was Not a Collision with a Motor Vehicle in Transport",0,"No",1,"Non-Junction",1,"Not an Intersection",4,"On Roadside",0,"None",6,"Dark - Unknown Lighting",1,"Clear",0,"No","0000000","Not Applicable",1,"1:00am-1:59am",22,"22",1,"1:00am-1:59am",45,"45",88,"Not Applicable (Not Transported)",88,"Not Applicable (Not Transported)",1,"US Highway","Weekday","FQ1_Year","1st Quarter (Month)"
"1","Alabama","10184",0,0,1,1,0,1,1,101,"MONTGOMERY (101)",2130,"MONTGOMERY",4,"April",3,3,1,"Sunday",2022,3,"3:00am-3:59am",56,"56","SR-152","",3,"State Highway",2,"Urban",2,"Principal Arterial - Other Freeways and Expressways",1,"State Highway Agency",1,"This section IS ON the NHS",0,"No Special Jurisdiction",0,"None",32.42174444,32.42174444,-86.2355,-86.2355,42,"Tree (Standing Only)",0,"The First Harmful Event was Not a Collision with a Motor Vehicle in Transport",0,"No",1,"Non-Junction",1,"Not an Intersection",3,"On Median",0,"None",3,"Dark - Lighted",1,"Clear",0,"No","0000000","Not Applicable",3,"3:00am-3:59am",58,"58",4,"4:00am-4:59am",8,"8",88,"Not Applicable (Not Transported)",88,"Not Applicable (Not Transported)",1,"State Highway","Weekend","FQ1_Year","1st Quarter (Month)"
"1","Alabama","10185",1,1,1,1,0,3,3,73,"JEFFERSON (73)",1716,"HOOVER",4,"April",2,2,7,"Saturday",2022,22,"10:00pm-10:59pm",53,"53","I-459 S","",1,"Interstate",2,"Urban",1,"Interstate",1,"State Highway Agency",1,"This section IS ON the NHS",0,"No Special Jurisdiction",150,"150",33.39145,33.39145,-86.79006667,-86.79006667,8,"Pedestrian",0,"The First Harmful Event was Not a Collision with a Motor Vehicle in Transport",0,"No",1,"Non-Junction",1,"Not an Intersection",1,"On Roadway",0,"None",3,"Dark - Lighted",1,"Clear",0,"No","0000000","Not Applicable",99,"Unknown",99,"Unknown",23,"11:00pm-11:59pm",10,"10",99,"Unknown",99,"Unknown EMS Hospital Arrival Time",1,"State Highway","Weekend","FQ1_Year","1st Quarter (Month)"
"1","Alabama","10191",0,0,1,1,0,1,1,1,"AUTAUGA (1)",0,"NOT APPLICABLE",4,"April",4,4,2,"Monday",2022,22,"10:00pm-10:59pm",48,"48","SR-14","",3,"State Highway",2,"Urban",4,"Minor Arterial",1,"State Highway Agency",0,"This section IS NOT on the NHS",0,"No Special Jurisdiction",1476,"1476",32.4306,32.4306,-86.52327222,-86.52327222,42,"Tree (Standing Only)",0,"The First Harmful Event was Not a Collision with a Motor Vehicle in Transport",0,"No",1,"Non-Junction",1,"Not an Intersection",4,"On Roadside",0,"None",2,"Dark - Not Lighted",1,"Clear",0,"No","0000000","Not Applicable",22,"10:00pm-10:59pm",48,"48",22,"10:00pm-10:59pm",59,"59",88,"Not Applicable (Not Transported)",88,"Not Applicable (Not Transported)",1,"State Highway","Weekday","FQ1_Year","1st Quarter (Month)"
"1","Alabama","10200",1,1,1,1,0,1,1,25,"CLARKE (25)",1760,"JACKSON",4,"April",8,8,6,"Friday",2022,17,"5:00pm-5:59pm",30,"30","CLOLINGER RD","",6,"Local Street - Municipality",1,"Rural",7,"Local",4,"City or Municipal Highway Agency",0,"This section IS NOT on the NHS",0,"No Special Jurisdiction",0,"None",31.51485278,31.51485278,-87.86962222,-87.86962222,8,"Pedestrian",0,"The First Harmful Event was Not a Collision with a Motor Vehicle in Transport",0,"No",1,"Non-Junction",1,"Not an Intersection",1,"On Roadway",0,"None",1,"Daylight",1,"Clear",0,"No","0000000","Not Applicable",88,"Not Applicable (Not Notified)",88,"Not Applicable (Not Notified)",88,"Not Applicable",88,"Not Applicable",88,"Not Applicable (Not Transported)",88,"Not Applicable (Not Transported)",1,"Others","Weekday","FQ1_Year","1st Quarter (Month)"
"1","Alabama","10202",0,0,1,1,0,1,1,89,"MADISON (89)",0,"NOT APPLICABLE",4,"April",10,10,1,"Sunday",2022,3,"3:00am-3:59am",30,"30","US-231 SR-1","",2,"US Highway",2,"Urban",3,"Principal Arterial - Other",1,"State Highway Agency",1,"This section IS ON the NHS",0,"No Special Jurisdiction",3483,"3483",34.95076389,34.95076389,-86.57174722,-86.57174722,38,"Fence",0,"The First Harmful Event was Not a Collision with a Motor Vehicle in Transport",0,"No",1,"Non-Junction",1,"Not an Intersection",4,"On Roadside",0,"None",2,"Dark - Not Lighted",1,"Clear",0,"No","0000000","Not Applicable",7,"7:00am-7:59am",5,"5",8,"8:00am-8:59am",29,"29",88,"Not Applicable (Not Transported)",88,"Not Applicable (Not Transported)",1,"US Highway","Weekend","FQ1_Year","1st Quarter (Month)"
"1","Alabama","10208",0,0,1,1,0,1,1,83,"LIMESTONE (83)",170,"ATHENS",4,"April",12,12,3,"Tuesday",2022,8,"8:00am-8:59am",38,"38","US-72 SR-2","",2,"US Highway",2,"Urban",3,"Principal Arterial - Other",1,"State Highway Agency",1,"This section IS ON the NHS",0,"No Special Jurisdiction",806,"806",34.7651,34.7651,-86.87576389,-86.87576389,34,"Ditch",0,"The First Harmful Event was Not a Collision with a Motor Vehicle in Transport",0,"No",1,"Non-Junction",1,"Not an Intersection",3,"On Median",0,"None",1,"Daylight",1,"Clear",0,"No","0000000","Not Applicable",8,"8:00am-8:59am",44,"44",8,"8:00am-8:59am",52,"52",88,"Not Applicable (Not Transported)",88,"Not Applicable (Not Transported)",1,"US Highway","Weekday","FQ1_Year","2nd Quarter (Month)"
"1","Alabama","10210",0,0,1,1,0,1,1,43,"CULLMAN (43)",0,"NOT APPLICABLE",4,"April",13,13,4,"Wednesday",2022,7,"7:00am-7:59am",30,"30","SR-91","",3,"State Highway",1,"Rural",4,"Minor Arterial",1,"State Highway Agency",0,"This section IS NOT on the NHS",0,"No Special Jurisdiction",125,"125",33.93090833,33.93090833,-86.89782222,-86.89782222,42,"Tree (Standing Only)",0,"The First Harmful Event was Not a Collision with a Motor Vehicle in Transport",0,"No",1,"Non-Junction",1,"Not an Intersection",4,"On Roadside",0,"None",1,"Daylight",1,"Clear",0,"No","0000000","Not Applicable",99,"Unknown",99,"Unknown",8,"8:00am-8:59am",0,"0",88,"Not Applicable (Not Transported)",88,"Not Applicable (Not Transported)",1,"State Highway","Weekday","FQ1_Year","2nd Quarter (Month)"
"1","Alabama","10212",0,0,1,1,0,1,1,121,"TALLADEGA (121)",0,"NOT APPLICABLE",4,"April",14,14,5,"Thursday",2022,17,"5:00pm-5:59pm",21,"21","CR-SYLACAUGA FAYETTEVILLE HWY","",4,"County Road",1,"Rural",5,"Major Collector",2,"County Highway Agency",0,"This section IS NOT on the NHS",0,"No Special Jurisdiction",0,"None",33.14618056,33.14618056,-86.33589444,-86.33589444,42,"Tree (Standing Only)",0,"The First Harmful Event was Not a Collision with a Motor Vehicle in Transport",0,"No",1,"Non-Junction",1,"Not an Intersection",4,"On Roadside",0,"None",1,"Daylight",1,"Clear",0,"No","0000000","Not Applicable",17,"5:00pm-5:59pm",17,"17",17,"5:00pm-5:59pm",30,"30",88,"Not Applicable (Not Transported)",88,"Not Applicable (Not Transported)",1,"County Road","Weekday","FQ1_Year","2nd Quarter (Month)"
"1","Alabama","10213",1,1,1,1,0,1,1,125,"TUSCALOOSA (125)",0,"NOT APPLICABLE",4,"April",15,15,6,"Friday",2022,11,"11:00am-11:59am",32,"32","I-59","",1,"Interstate",1,"Rural",1,"Interstate",1,"State Highway Agency",1,"This section IS ON the NHS",0,"No Special Jurisdiction",993,"993",33.26788333,33.26788333,-87.10905278,-87.10905278,8,"Pedestrian",0,"The First Harmful Event was Not a Collision with a Motor Vehicle in Transport",0,"No",1,"Non-Junction",1,"Not an Intersection",2,"On Shoulder",0,"None",1,"Daylight",1,"Clear",0,"No","0000000","Not Applicable",11,"11:00am-11:59am",40,"40",12,"12:00pm-12:59pm",7,"7",88,"Not Applicable (Not Transported)",88,"Not Applicable (Not Transported)",1,"State Highway","Weekday","FQ1_Year","2nd Quarter (Month)"
"1","Alabama","10217",1,1,1,1,0,1,1,97,"MOBILE (97)",2100,"MOBILE",4,"April",17,17,1,"Sunday",2022,4,"4:00am-4:59am",30,"30","I-65","",1,"Interstate",2,"Urban",1,"Interstate",1,"State Highway Agency",1,"This section IS ON the NHS",0,"No Special Jurisdiction",40,"40",30.69067222,30.69067222,-88.12598611,-88.12598611,8,"Pedestrian",0,"The First Harmful Event was Not a Collision with a Motor Vehicle in Transport",0,"No",1,"Non-Junction",1,"Not an Intersection",1,"On Roadway",0,"None",2,"Dark - Not Lighted",1,"Clear",0,"No","0000000","Not Applicable",4,"4:00am-4:59am",30,"30",4,"4:00am-4:59am",33,"33",88,"Not Applicable (Not Transported)",88,"Not Applicable (Not Transported)",1,"State Highway","Weekend","FQ1_Year","2nd Quarter (Month)"
"1","Alabama","10221",0,0,3,3,0,3,3,29,"CLEBURNE (29)",1620,"HEFLIN",4,"April",18,18,2,"Monday",2022,18,"6:00pm-6:59pm",9,"9","SR-9","",3,"State Highway",1,"Rural",4,"Minor Arterial",1,"State Highway Agency",0,"This section IS NOT on the NHS",0,"No Special Jurisdiction",2130,"2130",33.61074444,33.61074444,-85.598125,-85.598125,12,"Motor Vehicle In-Transport",2,"Front-to-Front",0,"No",1,"Non-Junction",1,"Not an Intersection",1,"On Roadway",0,"None",1,"Daylight",1,"Clear",0,"No","0000000","Not Applicable",18,"6:00pm-6:59pm",9,"9",18,"6:00pm-6:59pm",21,"21",99,"Unknown",99,"Unknown EMS Hospital Arrival Time",1,"State Highway","Weekday","FQ1_Year","2nd Quarter (Month)"
"1","Alabama","10222",0,0,2,2,0,2,2,73,"JEFFERSON (73)",350,"BIRMINGHAM",4,"April",19,19,3,"Tuesday",2022,18,"6:00pm-6:59pm",28,"28","VALLEY RD","",6,"Local Street - Municipality",2,"Urban",7,"Local",4,"City or Municipal Highway Agency",0,"This section IS NOT on the NHS",0,"No Special Jurisdiction",0,"None",33.63309722,33.63309722,-86.62310278,-86.62310278,12,"Motor Vehicle In-Transport",2,"Front-to-Front",0,"No",1,"Non-Junction",1,"Not an Intersection",1,"On Roadway",0,"None",3,"Dark - Lighted",1,"Clear",0,"No","0000000","Not Applicable",18,"6:00pm-6:59pm",28,"28",18,"6:00pm-6:59pm",38,"38",99,"Unknown",99,"Unknown EMS Hospital Arrival Time",1,"Others","Weekday","FQ1_Year","2nd Quarter (Month)"
"1","Alabama","10226",0,0,1,1,0,1,1,57,"FAYETTE (57)",0,"NOT APPLICABLE",4,"April",20,20,4,"Wednesday",2022,7,"7:00am-7:59am",45,"45","SR-107","",3,"State Highway",1,"Rural",5,"Major Collector",1,"State Highway Agency",0,"This section IS NOT on the NHS",0,"No Special Jurisdiction",37,"37",33.76878611,33.76878611,-87.89378333,-87.89378333,43,"Other Fixed Object",0,"The First Harmful Event was Not a Collision with a Motor Vehicle in Transport",0,"No",1,"Non-Junction",1,"Not an Intersection",4,"On Roadside",0,"None",1,"Daylight",1,"Clear",0,"No","0000000","Not Applicable",7,"7:00am-7:59am",51,"51",8,"8:00am-8:59am",3,"3",88,"Not Applicable (Not Transported)",88,"Not Applicable (Not Transported)",1,"State Highway","Weekday","FQ1_Year","2nd Quarter (Month)"
"1","Alabama","10227",1,1,1,1,0,1,1,97,"MOBILE (97)",2550,"PRICHARD",4,"April",21,21,5,"Thursday",2022,20,"8:00pm-8:59pm",30,"30","ST STEPHENS RD SR-17","",6,"Local Street - Municipality",2,"Urban",3,"Principal Arterial - Other",1,"State Highway Agency",1,"This section IS ON the NHS",0,"No Special Jurisdiction",0,"None",30.75175,30.75175,-88.11614722,-88.11614722,8,"Pedestrian",0,"The First Harmful Event was Not a Collision with a Motor Vehicle in Transport",0,"No",1,"Non-Junction",1,"Not an Intersection",1,"On Roadway",0,"None",3,"Dark - Lighted",1,"Clear",0,"No","0000000","Not Applicable",20,"8:00pm-8:59pm",41,"41",20,"8:00pm-8:59pm",52,"52",88,"Not Applicable (Not Transported)",88,"Not Applicable (Not Transported)",1,"Others","Weekday","FQ1_Year","Last Quarter (Month)"
"1","Alabama","10230",0,0,1,1,0,1,1,55,"ETOWAH (55)",1670,"HOKES BLUFF",4,"April",22,22,6,"Friday",2022,9,"9:00am-9:59am",31,"31","US-278 SR-74","",2,"US Highway",2,"Urban",3,"Principal Arterial - Other",1,"State Highway Agency",1,"This section IS ON the NHS",0,"No Special Jurisdiction",1441,"1441",33.98266944,33.98266944,-85.81205,-85.81205,1,"Rollover/Overturn",0,"The First Harmful Event was Not a Collision with a Motor Vehicle in Transport",0,"No",1,"Non-Junction",1,"Not an Intersection",1,"On Roadway",0,"None",1,"Daylight",1,"Clear",0,"No","0000000","Not Applicable",9,"9:00am-9:59am",33,"33",9,"9:00am-9:59am",45,"45",88,"Not Applicable (Not Transported)",88,"Not Applicable (Not Transported)",1,"US Highway","Weekday","FQ1_Year","Last Quarter (Month)"
"1","Alabama","10232",0,0,1,1,0,1,1,15,"CALHOUN (15)",0,"NOT APPLICABLE",4,"April",24,24,1,"Sunday",2022,22,"10:00pm-10:59pm",10,"10","CR-PARKWOOD DR","",4,"County Road",2,"Urban",5,"Major Collector",2,"County Highway Agency",0,"This section IS NOT on the NHS",0,"No Special Jurisdiction",0,"None",33.69021389,33.69021389,-85.86706667,-85.86706667,34,"Ditch",0,"The First Harmful Event was Not a Collision with a Motor Vehicle in Transport",0,"No",1,"Non-Junction",1,"Not an Intersection",4,"On Roadside",0,"None",2,"Dark - Not Lighted",1,"Clear",0,"No","0000000","Not Applicable",22,"10:00pm-10:59pm",13,"13",22,"10:00pm-10:59pm",25,"25",88,"Not Applicable (Not Transported)",88,"Not Applicable (Not Transported)",1,"County Road","Weekend","FQ1_Year","Last Quarter (Month)"
"1","Alabama","10233",0,0,1,1,0,1,1,47,"DALLAS (47)",0,"NOT APPLICABLE",4,"April",24,24,1,"Sunday",2022,5,"5:00am-5:59am",0,"0","SR-41","",3,"State Highway",1,"Rural",3,"Principal Arterial - Other",1,"State Highway Agency",1,"This section IS ON the NHS",0,"No Special Jurisdiction",1031,"1031",32.12212778,32.12212778,-87.09257222,-87.09257222,34,"Ditch",0,"The First Harmful Event was Not a Collision with a Motor Vehicle in Transport",0,"No",1,"Non-Junction",1,"Not an Intersection",4,"On Roadside",0,"None",2,"Dark - Not Lighted",1,"Clear",0,"No","0000000","Not Applicable",99,"Unknown",99,"Unknown",99,"Unknown EMS Scene Arrival Hour",99,"Unknown EMS Scene Arrival Minutes",88,"Not Applicable (Not Transported)",88,"Not Applicable (Not Transported)",1,"State Highway","Weekend","FQ1_Year","Last Quarter (Month)"
"1","Alabama","10234",0,0,1,1,0,1,1,129,"WASHINGTON (129)",0,"NOT APPLICABLE",4,"April",24,24,1,"Sunday",2022,11,"11:00am-11:59am",20,"20","CR-NATHAN JORDAN RD","",4,"County Road",1,"Rural",5,"Major Collector",2,"County Highway Agency",0,"This section IS NOT on the NHS",0,"No Special Jurisdiction",71,"71",31.56375556,31.56375556,-88.41468333,-88.41468333,42,"Tree (Standing Only)",0,"The First Harmful Event was Not a Collision with a Motor Vehicle in Transport",0,"No",1,"Non-Junction",1,"Not an Intersection",4,"On Roadside",0,"None",1,"Daylight",1,"Clear",0,"No","0000000","Not Applicable",11,"11:00am-11:59am",20,"20",11,"11:00am-11:59am",35,"35",88,"Not Applicable (Not Transported)",88,"Not Applicable (Not Transported)",1,"County Road","Weekend","FQ1_Year","Last Quarter (Month)"
"1","Alabama","10236",0,0,1,1,0,1,1,55,"ETOWAH (55)",0,"NOT APPLICABLE",4,"April",25,25,2,"Monday",2022,0,"0:00am-0:59am",45,"45","CR-FAIRVIEW RD","",4,"County Road",2,"Urban",5,"Major Collector",2,"County Highway Agency",0,"This section IS NOT on the NHS",0,"No Special Jurisdiction",10,"10",34.06698056,34.06698056,-86.01178889,-86.01178889,32,"Culvert",0,"The First Harmful Event was Not a Collision with a Motor Vehicle in Transport",0,"No",1,"Non-Junction",1,"Not an Intersection",4,"On Roadside",0,"None",2,"Dark - Not Lighted",1,"Clear",0,"No","0000000","Not Applicable",99,"Unknown",99,"Unknown",1,"1:00am-1:59am",8,"8",88,"Not Applicable (Not Transported)",88,"Not Applicable (Not Transported)",1,"County Road","Weekday","FQ1_Year","Last Quarter (Month)"
"1","Alabama","10237",0,0,3,3,0,3,3,89,"MADISON (89)",1730,"HUNTSVILLE",4,"April",25,25,2,"Monday",2022,2,"2:00am-2:59am",0,"0","US-72 E SR-2","",2,"US Highway",2,"Urban",3,"Principal Arterial - Other",1,"State Highway Agency",1,"This section IS ON the NHS",0,"No Special Jurisdiction",1010,"1010",34.76676944,34.76676944,-86.55436667,-86.55436667,12,"Motor Vehicle In-Transport",1,"Front-to-Rear",0,"No",1,"Non-Junction",1,"Not an Intersection",1,"On Roadway",0,"None",3,"Dark - Lighted",1,"Clear",0,"No","0000000","Not Applicable",2,"2:00am-2:59am",0,"0",2,"2:00am-2:59am",7,"7",88,"Not Applicable (Not Transported)",88,"Not Applicable (Not Transported)",1,"US Highway","Weekday","FQ1_Year","Last Quarter (Month)"
"1","Alabama","10243",0,0,1,1,0,1,1,83,"LIMESTONE (83)",170,"ATHENS",4,"April",29,29,6,"Friday",2022,2,"2:00am-2:59am",13,"13","HINE ST","",6,"Local Street - Municipality",2,"Urban",5,"Major Collector",4,"City or Municipal Highway Agency",0,"This section IS NOT on the NHS",0,"No Special Jurisdiction",22,"22",34.74638889,34.74638889,-86.98375833,-86.98375833,34,"Ditch",0,"The First Harmful Event was Not a Collision with a Motor Vehicle in Transport",0,"No",1,"Non-Junction",1,"Not an Intersection",4,"On Roadside",0,"None",2,"Dark - Not Lighted",1,"Clear",0,"No","0000000","Not Applicable",2,"2:00am-2:59am",9,"9",2,"2:00am-2:59am",14,"14",88,"Not Applicable (Not Transported)",88,"Not Applicable (Not Transported)",1,"Others","Weekday","FQ1_Year","Last Quarter (Month)"
"1","Alabama","10245",0,0,1,1,0,1,1,125,"TUSCALOOSA (125)",0,"NOT APPLICABLE",4,"April",29,29,6,"Friday",2022,17,"5:00pm-5:59pm",25,"25","CR-LARY LAKE RD","",4,"County Road",2,"Urban",5,"Major Collector",2,"County Highway Agency",0,"This section IS NOT on the NHS",0,"No Special Jurisdiction",0,"None",33.33021667,33.33021667,-87.592575,-87.592575,42,"Tree (Standing Only)",0,"The First Harmful Event was Not a Collision with a Motor Vehicle in Transport",0,"No",1,"Non-Junction",1,"Not an Intersection",4,"On Roadside",0,"None",1,"Daylight",1,"Clear",0,"No","0000000","Not Applicable",99,"Unknown",99,"Unknown",99,"Unknown EMS Scene Arrival Hour",99,"Unknown EMS Scene Arrival Minutes",88,"Not Applicable (Not Transported)",88,"Not Applicable (Not Transported)",1,"County Road","Weekday","FQ1_Year","Last Quarter (Month)"
"1","Alabama","10250",0,0,1,1,0,1,1,47,"DALLAS (47)",0,"NOT APPLICABLE",4,"April",30,30,7,"Saturday",2022,2,"2:00am-2:59am",50,"50","US-80 SR-8","",2,"US Highway",1,"Rural",3,"Principal Arterial - Other",1,"State Highway Agency",1,"This section IS ON the NHS",0,"No Special Jurisdiction",958,"958",32.31808889,32.31808889,-86.895125,-86.895125,35,"Embankment",0,"The First Harmful Event was Not a Collision with a Motor Vehicle in Transport",0,"No",1,"Non-Junction",1,"Not an Intersection",4,"On Roadside",0,"None",2,"Dark - Not Lighted",1,"Clear",0,"No","0000000","Not Applicable",99,"Unknown",99,"Unknown",3,"3:00am-3:59am",15,"15",99,"Unknown",99,"Unknown EMS Hospital Arrival Time",1,"US Highway","Weekend","FQ1_Year","Last Quarter (Month)"
"1","Alabama","10251",1,1,1,1,0,4,4,127,"WALKER (127)",0,"NOT APPLICABLE",5,"May",1,1,1,"Sunday",2022,20,"8:00pm-8:59pm",40,"40","SR-69","",3,"State Highway",1,"Rural",4,"Minor Arterial",1,"State Highway Agency",0,"This section IS NOT on the NHS",0,"No Special Jurisdiction",2120,"2120",33.87284722,33.87284722,-87.16316389,-87.16316389,8,"Pedestrian",0,"The First Harmful Event was Not a Collision with a Motor Vehicle in Transport",0,"No",1,"Non-Junction",1,"Not an Intersection",1,"On Roadway",0,"None",2,"Dark - Not Lighted",1,"Clear",0,"No","0000000","Not Applicable",20,"8:00pm-8:59pm",40,"40",20,"8:00pm-8:59pm",52,"52",88,"Not Applicable (Not Transported)",88,"Not Applicable (Not Transported)",1,"State Highway","Weekend","SQ2_Year","1st Quarter (Month)"
"1","Alabama","10252",0,0,1,1,0,2,2,55,"ETOWAH (55)",1670,"HOKES BLUFF",5,"May",1,1,1,"Sunday",2022,13,"1:00pm-1:59pm",55,"55","CR-ROCKY FORD RD","",4,"County Road",2,"Urban",5,"Major Collector",4,"City or Municipal Highway Agency",0,"This section IS NOT on the NHS",0,"No Special Jurisdiction",0,"None",34.00035278,34.00035278,-85.83582778,-85.83582778,30,"Utility Pole/Light Support",0,"The First Harmful Event was Not a Collision with a Motor Vehicle in Transport",0,"No",1,"Non-Junction",1,"Not an Intersection",4,"On Roadside",0,"None",1,"Daylight",1,"Clear",0,"No","0000000","Not Applicable",99,"Unknown",99,"Unknown",14,"2:00pm-2:59pm",9,"9",99,"Unknown",99,"Unknown EMS Hospital Arrival Time",1,"County Road","Weekend","SQ2_Year","1st Quarter (Month)"
"1","Alabama","10253",0,0,1,1,0,2,2,71,"JACKSON (71)",0,"NOT APPLICABLE",5,"May",2,2,2,"Monday",2022,18,"6:00pm-6:59pm",0,"0","SR-40","",3,"State Highway",1,"Rural",4,"Minor Arterial",1,"State Highway Agency",0,"This section IS NOT on the NHS",0,"No Special Jurisdiction",90,"90",34.6255,34.6255,-85.84439722,-85.84439722,38,"Fence",0,"The First Harmful Event was Not a Collision with a Motor Vehicle in Transport",0,"No",1,"Non-Junction",1,"Not an Intersection",4,"On Roadside",0,"None",1,"Daylight",1,"Clear",0,"No","0000000","Not Applicable",18,"6:00pm-6:59pm",0,"0",18,"6:00pm-6:59pm",10,"10",88,"Not Applicable (Not Transported)",88,"Not Applicable (Not Transported)",2,"State Highway","Weekday","SQ2_Year","1st Quarter (Month)"
"1","Alabama","10261",0,0,1,1,0,1,1,39,"COVINGTON (39)",0,"NOT APPLICABLE",5,"May",5,5,5,"Thursday",2022,19,"7:00pm-7:59pm",36,"36","US-84 SR-12","",2,"US Highway",1,"Rural",3,"Principal Arterial - Other",1,"State Highway Agency",1,"This section IS ON the NHS",0,"No Special Jurisdiction",1551,"1551",31.33737222,31.33737222,-86.19999167,-86.19999167,24,"Guardrail Face",0,"The First Harmful Event was Not a Collision with a Motor Vehicle in Transport",0,"No",1,"Non-Junction",1,"Not an Intersection",4,"On Roadside",0,"None",5,"Dusk",1,"Clear",0,"No","0000000","Not Applicable",19,"7:00pm-7:59pm",36,"36",19,"7:00pm-7:59pm",45,"45",88,"Not Applicable (Not Transported)",88,"Not Applicable (Not Transported)",1,"US Highway","Weekday","SQ2_Year","1st Quarter (Month)"
"1","Alabama","10266",0,0,1,1,0,1,1,125,"TUSCALOOSA (125)",0,"NOT APPLICABLE",5,"May",7,7,7,"Saturday",2022,3,"3:00am-3:59am",44,"44","CR-TANNEHILL PKWY","",4,"County Road",1,"Rural",5,"Major Collector",2,"County Highway Agency",0,"This section IS NOT on the NHS",0,"No Special Jurisdiction",0,"None",33.26769167,33.26769167,-87.08145278,-87.08145278,30,"Utility Pole/Light Support",0,"The First Harmful Event was Not a Collision with a Motor Vehicle in Transport",0,"No",1,"Non-Junction",1,"Not an Intersection",4,"On Roadside",0,"None",2,"Dark - Not Lighted",1,"Clear",0,"No","0000000","Not Applicable",99,"Unknown",99,"Unknown",99,"Unknown EMS Scene Arrival Hour",99,"Unknown EMS Scene Arrival Minutes",88,"Not Applicable (Not Transported)",88,"Not Applicable (Not Transported)",1,"County Road","Weekend","SQ2_Year","1st Quarter (Month)"