"state","statename","st_case","peds","pernotmvit","ve_total","ve_forms","pvh_invl","persons","permvit","county","countyname","city","cityname","month","monthname","day","dayname","day_week","day_weekname","year","hour","hourname","minute","minutename","tway_id","tway_id2","route","routename","rur_urb","rur_urbname","func_sys","func_sysname","rd_owner","rd_ownername","nhs","nhsname","sp_jur","sp_jurname","milept","mileptname","latitude","latitudename","longitud","longitudname","harm_ev","harm_evname","man_coll","man_collname","reljct1","reljct1name","reljct2","reljct2name","typ_int","typ_intname","rel_road","rel_roadname","wrk_zone","wrk_zonename","lgt_cond","lgt_condname","weather","weathername","sch_bus","sch_busname","rail","railname","not_hour","not_hourname","not_min","not_minname","arr_hour","arr_hourname","arr_min","arr_minname","hosp_hr","hosp_hrname","hosp_mn","hosp_mnname","fatals","route_category","day_type","quarter_year","day_quarter"
"1","Alabama","10839",0,0,1,1,0,1,1,129,"WASHINGTON (129)",650,"CHATOM",12,"December",6,6,3,"Tuesday",2022,10,"10:00am-10:59am",45,"45","SR-56","",3,"State Highway",1,"Rural",4,"Minor Arterial",1,"State Highway Agency",0,"This section IS NOT on the NHS",0,"No Special Jurisdiction",176,"176",31.45628333,31.45628333,-88.19148889,-88.19148889,42,"Tree (Standing Only)",0,"The First Harmful Event was Not a Collision with a Motor Vehicle in Transport",0,"No",1,"Non-Junction",1,"Not an Intersection",4,"On Roadside",0,"None",1,"Daylight",1,"Clear",0,"No","0000000","Not Applicable",10,"10:00am-10:59am",48,"48",10,"10:00am-10:59am",55,"55",88,"Not Applicable (Not Transported)",88,"Not Applicable (Not Transported)",1,"State Highway","Weekday","TQ3_Year","1st Quarter (Month)"
"1","Alabama","10842",0,0,1,1,0,1,1,117,"SHELBY (117)",1570,"HARPERSVILLE",12,"December",7,7,4,"Wednesday",2022,11,"11:00am-11:59am",11,"11","SR-76","",3,"State Highway",1,"Rural",4,"Minor Arterial",1,"State Highway Agency",0,"This section IS NOT on the NHS",0,"No Special Jurisdiction",10,"10",33.28735,33.28735,-86.42142778,-86.42142778,42,"Tree (Standing Only)",0,"The First Harmful Event was Not a Collision with a Motor Vehicle in Transport",0,"No",1,"Non-Junction",1,"Not an Intersection",4,"On Roadside",0,"None",1,"Daylight",1,"Clear",0,"No","0000000","Not Applicable",11,"11:00am-11:59am",15,"15",11,"11:00am-11:59am",23,"23",99,"Unknown",99,"Unknown EMS Hospital Arrival Time",1,"State Highway","Weekday","TQ3_Year","1st Quarter (Month)"
"1","Alabama","10845",1,1,1,1,0,1,1,83,"LIMESTONE (83)",0,"NOT APPLICABLE",12,"December",11,11,1,"Sunday",2022,20,"8:00pm-8:59pm",30,"30","CR-CROSS KEY RD","",4,"County Road",1,"Rural",5,"Major Collector",2,"County Highway Agency",0,"This section IS NOT on the NHS",0,"No Special Jurisdiction",0,"None",34.8615,34.8615,-86.99501944,-86.99501944,8,"Pedestrian",0,"The First Harmful Event was Not a Collision with a Motor Vehicle in Transport",0,"No",1,"Non-Junction",1,"Not an Intersection",1,"On Roadway",0,"None",2,"Dark - Not Lighted",1,"Clear",0,"No","0000000","Not Applicable",20,"8:00pm-8:59pm",28,"28",20,"8:00pm-8:59pm",37,"37",88,"Not Applicable (Not Transported)",88,"Not Applicable (Not Transported)",1,"County Road","Weekend","TQ3_Year","2nd Quarter (Month)"
"1","Alabama","10850",1,1,1,1,0,0,0,73,"JEFFERSON (73)",3080,"TRUSSVILLE",12,"December",16,16,6,"Friday",2022,18,"6:00pm-6:59pm",35,"35","LINDEN ST","",6,"Local Street - Municipality",2,"Urban",7,"Local",4,"City or Municipal Highway Agency",0,"This section IS NOT on the NHS",0,"No Special Jurisdiction",0,"None",33.62256944,33.62256944,-86.62281667,-86.62281667,8,"Pedestrian",0,"The First Harmful Event was Not a Collision with a Motor Vehicle in Transport",0,"No",1,"Non-Junction",1,"Not an Intersection",1,"On Roadway",0,"None",3,"Dark - Lighted",1,"Clear",0,"No","0000000","Not Applicable",99,"Unknown",99,"Unknown",99,"Unknown EMS Scene Arrival Hour",99,"Unknown EMS Scene Arrival Minutes",99,"Unknown",99,"Unknown EMS Hospital Arrival Time",1,"Others","Weekday","TQ3_Year","2nd Quarter (Month)"
"1","Alabama","10854",1,1,1,1,0,3,3,113,"RUSSELL (113)",2440,"PHENIX CITY",12,"December",18,18,1,"Sunday",2022,18,"6:00pm-6:59pm",36,"36","BRICKYARD RD","",6,"Local Street - Municipality",2,"Urban",5,"Major Collector",4,"City or Municipal Highway Agency",0,"This section IS NOT on the NHS",0,"No Special Jurisdiction",0,"None",32.45539722,32.45539722,-84.99741667,-84.99741667,9,"Pedalcyclist",0,"The First Harmful Event was Not a Collision with a Motor Vehicle in Transport",0,"No",1,"Non-Junction",1,"Not an Intersection",1,"On Roadway",0,"None",2,"Dark - Not Lighted",1,"Clear",0,"No","0000000","Not Applicable",18,"6:00pm-6:59pm",36,"36",18,"6:00pm-6:59pm",47,"47",88,"Not Applicable (Not Transported)",88,"Not Applicable (Not Transported)",1,"Others","Weekend","TQ3_Year","2nd Quarter (Month)"
"1","Alabama","10862",0,0,1,1,0,1,1,51,"ELMORE (51)",0,"NOT APPLICABLE",12,"December",24,24,7,"Saturday",2022,21,"9:00pm-9:59pm",6,"6","CR-E FLEAHOP RD","",4,"County Road",1,"Rural",5,"Major Collector",2,"County Highway Agency",0,"This section IS NOT on the NHS",0,"No Special Jurisdiction",0,"None",32.59526389,32.59526389,-86.00718056,-86.00718056,43,"Other Fixed Object",0,"The First Harmful Event was Not a Collision with a Motor Vehicle in Transport",0,"No",1,"Non-Junction",1,"Not an Intersection",4,"On Roadside",0,"None",2,"Dark - Not Lighted",1,"Clear",0,"No","0000000","Not Applicable",21,"9:00pm-9:59pm",6,"6",21,"9:00pm-9:59pm",14,"14",88,"Not Applicable (Not Transported)",88,"Not Applicable (Not Transported)",1,"County Road","Weekend","TQ3_Year","Last Quarter (Month)"
"1","Alabama","10865",0,0,1,1,0,1,1,53,"ESCAMBIA (53)",1180,"FLOMATON",12,"December",23,23,6,"Friday",2022,0,"0:00am-0:59am",4,"4","US-31 SR-3","",2,"US Highway",2,"Urban",4,"Minor Arterial",1,"State Highway Agency",0,"This section IS NOT on the NHS",0,"No Special Jurisdiction",0,"None",31.00659722,31.00659722,-87.26982222,-87.26982222,32,"Culvert",0,"The First Harmful Event was Not a Collision with a Motor Vehicle in Transport",0,"No",1,"Non-Junction",1,"Not an Intersection",4,"On Roadside",0,"None",3,"Dark - Lighted",1,"Clear",0,"No","0000000","Not Applicable",0,"0:00am-0:59am",4,"4",0,"0:00am-0:59am",4,"4",88,"Not Applicable (Not Transported)",88,"Not Applicable (Not Transported)",1,"US Highway","Weekday","TQ3_Year","Last Quarter (Month)"
"1","Alabama","10870",0,0,1,1,0,1,1,17,"CHAMBERS (17)",0,"NOT APPLICABLE",12,"December",25,25,1,"Sunday",2022,21,"9:00pm-9:59pm",41,"41","CR-100","",4,"County Road",1,"Rural",6,"Minor Collector",2,"County Highway Agency",0,"This section IS NOT on the NHS",0,"No Special Jurisdiction",0,"None",33.10201111,33.10201111,-85.45563889,-85.45563889,42,"Tree (Standing Only)",0,"The First Harmful Event was Not a Collision with a Motor Vehicle in Transport",0,"No",1,"Non-Junction",1,"Not an Intersection",4,"On Roadside",0,"None",2,"Dark - Not Lighted",1,"Clear",0,"No","0000000","Not Applicable",21,"9:00pm-9:59pm",41,"41",21,"9:00pm-9:59pm",53,"53",88,"Not Applicable (Not Transported)",88,"Not Applicable (Not Transported)",1,"County Road","Weekend","TQ3_Year","Last Quarter (Month)"
"1","Alabama","10874",0,0,2,2,0,2,2,27,"CLAY (27)",0,"NOT APPLICABLE",12,"December",17,17,7,"Saturday",2022,11,"11:00am-11:59am",35,"35","SR-9","",3,"State Highway",1,"Rural",4,"Minor Arterial",1,"State Highway Agency",0,"This section IS NOT on the NHS",0,"No Special Jurisdiction",1993,"1993",33.45251111,33.45251111,-85.69654722,-85.69654722,12,"Motor Vehicle In-Transport",2,"Front-to-Front",0,"No",1,"Non-Junction",1,"Not an Intersection",1,"On Roadway",0,"None",1,"Daylight",1,"Clear",0,"No","0000000","Not Applicable",11,"11:00am-11:59am",29,"29",11,"11:00am-11:59am",51,"51",88,"Not Applicable (Not Transported)",88,"Not Applicable (Not Transported)",1,"State Highway","Weekend","TQ3_Year","2nd Quarter (Month)"
"1","Alabama","10877",0,0,2,2,0,3,3,101,"MONTGOMERY (101)",2130,"MONTGOMERY",12,"December",26,26,2,"Monday",2022,17,"5:00pm-5:59pm",54,"54","I-85","",1,"Interstate",2,"Urban",1,"Interstate",1,"State Highway Agency",1,"This section IS ON the NHS",0,"No Special Jurisdiction",50,"50",32.36174167,32.36174167,-86.22717222,-86.22717222,12,"Motor Vehicle In-Transport",1,"Front-to-Rear",0,"No",1,"Non-Junction",1,"Not an Intersection",1,"On Roadway",0,"None",3,"Dark - Lighted",1,"Clear",0,"No","0000000","Not Applicable",17,"5:00pm-5:59pm",54,"54",18,"6:00pm-6:59pm",6,"6",88,"Not Applicable (Not Transported)",88,"Not Applicable (Not Transported)",1,"State Highway","Weekday","TQ3_Year","Last Quarter (Month)"
"1","Alabama","10879",0,0,2,2,0,3,3,73,"JEFFERSON (73)",0,"NOT APPLICABLE",12,"December",25,25,1,"Sunday",2022,22,"10:00pm-10:59pm",28,"28","I-59","",1,"Interstate",1,"Rural",1,"Interstate",1,"State Highway Agency",1,"This section IS ON the NHS",0,"No Special Jurisdiction",1150,"1150",33.45060833,33.45060833,-86.95456111,-86.95456111,12,"Motor Vehicle In-Transport",2,"Front-to-Front",0,"No",1,"Non-Junction",1,"Not an Intersection",1,"On Roadway",0,"None",2,"Dark - Not Lighted",1,"Clear",0,"No","0000000","Not Applicable",99,"Unknown",99,"Unknown",0,"0:00am-0:59am",9,"9",88,"Not Applicable (Not Transported)",88,"Not Applicable (Not Transported)",1,"State Highway","Weekend","TQ3_Year","Last Quarter (Month)"
"1","Alabama","10882",0,0,1,1,0,1,1,47,"DALLAS (47)",0,"NOT APPLICABLE",12,"December",29,29,5,"Thursday",2022,1,"1:00am-1:59am",15,"15","US-80 SR-8","",2,"US Highway",1,"Rural",3,"Principal Arterial - Other",1,"State Highway Agency",1,"This section IS ON the NHS",0,"No Special Jurisdiction",858,"858",32.40242778,32.40242778,-87.01672222,-87.01672222,30,"Utility Pole/Light Support",0,"The First Harmful Event was Not a Collision with a Motor Vehicle in Transport",0,"No",1,"Non-Junction",1,"Not an Intersection",4,"On Roadside",0,"None",3,"Dark - Lighted",1,"Clear",0,"No","0000000","Not Applicable",1,"1:00am-1:59am",19,"19",1,"1:00am-1:59am",35,"35",88,"Not Applicable (Not Transported)",88,"Not Applicable (Not Transported)",1,"US Highway","Weekday","TQ3_Year","Last Quarter (Month)"
"1","Alabama","10886",0,0,1,1,0,1,1,21,"CHILTON (21)",0,"NOT APPLICABLE",12,"December",31,31,7,"Saturday",2022,17,"5:00pm-5:59pm",25,"25","CR-76","",4,"County Road",1,"Rural",7,"Local",2,"County Highway Agency",0,"This section IS NOT on the NHS",0,"No Special Jurisdiction",0,"None",32.79195833,32.79195833,-86.757675,-86.757675,42,"Tree (Standing Only)",0,"The First Harmful Event was Not a Collision with a Motor Vehicle in Transport",0,"No",1,"Non-Junction",1,"Not an Intersection",4,"On Roadside",0,"None",2,"Dark - Not Lighted",1,"Clear",0,"No","0000000","Not Applicable",17,"5:00pm-5:59pm",31,"31",17,"5:00pm-5:59pm",47,"47",88,"Not Applicable (Not Transported)",88,"Not Applicable (Not Transported)",1,"County Road","Weekend","TQ3_Year","Last Quarter (Month)"
"1","Alabama","10890",0,0,1,1,0,2,2,75,"LAMAR (75)",0,"NOT APPLICABLE",10,"October",16,16,1,"Sunday",2022,19,"7:00pm-7:59pm",50,"50","CR-DEMPSEY RD","",4,"County Road",1,"Rural",7,"Local",2,"County Highway Agency",0,"This section IS NOT on the NHS",0,"No Special Jurisdiction",0,"None",33.88631944,33.88631944,-88.04399722,-88.04399722,35,"Embankment",0,"The First Harmful Event was Not a Collision with a Motor Vehicle in Transport",0,"No",1,"Non-Junction",1,"Not an Intersection",4,"On Roadside",0,"None",2,"Dark - Not Lighted",1,"Clear",0,"No","0000000","Not Applicable",20,"8:00pm-8:59pm",15,"15",20,"8:00pm-8:59pm",21,"21",99,"Unknown",99,"Unknown EMS Hospital Arrival Time",1,"County Road","Weekend","TQ3_Year","2nd Quarter (Month)"
"1","Alabama","10896",0,0,1,1,0,1,1,3,"BALDWIN (3)",1943,"LOXLEY",9,"September",12,12,2,"Monday",2022,19,"7:00pm-7:59pm",15,"15","CR-68","",4,"County Road",1,"Rural",7,"Local",2,"County Highway Agency",0,"This section IS NOT on the NHS",0,"No Special Jurisdiction",0,"None",30.64058333,30.64058333,-87.65567778,-87.65567778,32,"Culvert",0,"The First Harmful Event was Not a Collision with a Motor Vehicle in Transport",0,"No",1,"Non-Junction",1,"Not an Intersection",4,"On Roadside",0,"None",2,"Dark - Not Lighted",1,"Clear",0,"No","0000000","Not Applicable",19,"7:00pm-7:59pm",22,"22",19,"7:00pm-7:59pm",36,"36",88,"Not Applicable (Not Transported)",88,"Not Applicable (Not Transported)",1,"County Road","Weekday","TQ3_Year","2nd Quarter (Month)"
"1","Alabama","10899",1,1,1,1,0,1,1,73,"JEFFERSON (73)",350,"BIRMINGHAM",10,"October",9,9,1,"Sunday",2022,19,"7:00pm-7:59pm",21,"21","18TH ST N","",6,"Local Street - Municipality",2,"Urban",4,"Minor Arterial",4,"City or Municipal Highway Agency",0,"This section IS NOT on the NHS",0,"No Special Jurisdiction",0,"None",33.51164444,33.51164444,-86.80753056,-86.80753056,9,"Pedalcyclist",0,"The First Harmful Event was Not a Collision with a Motor Vehicle in Transport",0,"No",1,"Non-Junction",1,"Not an Intersection",1,"On Roadway",0,"None",3,"Dark - Lighted",1,"Clear",0,"No","0000000","Not Applicable",19,"7:00pm-7:59pm",21,"21",19,"7:00pm-7:59pm",25,"25",99,"Unknown",99,"Unknown EMS Hospital Arrival Time",1,"Others","Weekend","TQ3_Year","1st Quarter (Month)"
"1","Alabama","10908",0,0,1,1,0,3,3,99,"MONROE (99)",0,"NOT APPLICABLE",12,"December",26,26,2,"Monday",2022,14,"2:00pm-2:59pm",30,"30","SR-21","",3,"State Highway",2,"Urban",4,"Minor Arterial",1,"State Highway Agency",0,"This section IS NOT on the NHS",0,"No Special Jurisdiction",676,"676",31.76756111,31.76756111,-87.10035278,-87.10035278,32,"Culvert",0,"The First Harmful Event was Not a Collision with a Motor Vehicle in Transport",0,"No",1,"Non-Junction",1,"Not an Intersection",4,"On Roadside",0,"None",1,"Daylight",1,"Clear",0,"No","0000000","Not Applicable",99,"Unknown",99,"Unknown",99,"Unknown EMS Scene Arrival Hour",99,"Unknown EMS Scene Arrival Minutes",99,"Unknown",99,"Unknown EMS Hospital Arrival Time",1,"State Highway","Weekday","TQ3_Year","Last Quarter (Month)"
"1","Alabama","10910",1,1,2,2,0,2,2,101,"MONTGOMERY (101)",2130,"MONTGOMERY",10,"October",3,3,2,"Monday",2022,20,"8:00pm-8:59pm",28,"28","WETUMPKA HWY","",6,"Local Street - Municipality",2,"Urban",7,"Local",4,"City or Municipal Highway Agency",0,"This section IS NOT on the NHS",0,"No Special Jurisdiction",0,"None",32.42403611,32.42403611,-86.22721111,-86.22721111,8,"Pedestrian",0,"The First Harmful Event was Not a Collision with a Motor Vehicle in Transport",0,"No",1,"Non-Junction",1,"Not an Intersection",1,"On Roadway",0,"None",3,"Dark - Lighted",1,"Clear",0,"No","0000000","Not Applicable",20,"8:00pm-8:59pm",28,"28",20,"8:00pm-8:59pm",35,"35",88,"Not Applicable (Not Transported)",88,"Not Applicable (Not Transported)",1,"Others","Weekday","TQ3_Year","1st Quarter (Month)"
"1","Alabama","10913",0,0,2,2,0,3,3,97,"MOBILE (97)",2100,"MOBILE",1,"January",26,26,4,"Wednesday",2022,23,"11:00pm-11:59pm",55,"55","SR-163","",3,"State Highway",2,"Urban",4,"Minor Arterial",1,"State Highway Agency",0,"This section IS NOT on the NHS",0,"No Special Jurisdiction",86,"86",30.64022222,30.64022222,-88.08902778,-88.08902778,12,"Motor Vehicle In-Transport",2,"Front-to-Front",0,"No",1,"Non-Junction",1,"Not an Intersection",1,"On Roadway",0,"None",3,"Dark - Lighted",1,"Clear",0,"No","0000000","Not Applicable",99,"Unknown",99,"Unknown",0,"0:00am-0:59am",7,"7",99,"Unknown",99,"Unknown EMS Hospital Arrival Time",1,"State Highway","Weekday","FQ1_Year","Last Quarter (Month)"
"1","Alabama","10919",1,1,1,1,0,1,1,3,"BALDWIN (3)",2355,"ORANGE BEACH",9,"September",19,19,2,"Monday",2022,22,"10:00pm-10:59pm",26,"26","SR-180","",3,"State Highway",2,"Urban",4,"Minor Arterial",1,"State Highway Agency",0,"This section IS NOT on the NHS",0,"No Special Jurisdiction",280,"280",30.29035278,30.29035278,-87.59313333,-87.59313333,8,"Pedestrian",0,"The First Harmful Event was Not a Collision with a Motor Vehicle in Transport",0,"No",1,"Non-Junction",1,"Not an Intersection",1,"On Roadway",0,"None",3,"Dark - Lighted",1,"Clear",0,"No","0000000","Not Applicable",22,"10:00pm-10:59pm",26,"26",22,"10:00pm-10:59pm",30,"30",88,"Not Applicable (Not Transported)",88,"Not Applicable (Not Transported)",1,"State Highway","Weekday","TQ3_Year","2nd Quarter (Month)"
"4","Arizona","40012",0,0,1,1,0,1,1,21,"PINAL (21)",0,"NOT APPLICABLE",1,"January",4,4,3,"Tuesday",2022,8,"8:00am-8:59am",55,"55","SR-347 N JOHN WAYNE PKY","",3,"State Highway",2,"Urban",3,"Principal Arterial - Other",1,"State Highway Agency",1,"This section IS ON the NHS",0,"No Special Jurisdiction",131,"131",33.05379444,33.05379444,-112.04901389,-112.04901389,33,"Curb",0,"The First Harmful Event was Not a Collision with a Motor Vehicle in Transport",0,"No",1,"Non-Junction",1,"Not an Intersection",4,"On Roadside",0,"None",1,"Daylight",1,"Clear",0,"No","0000000","Not Applicable",8,"8:00am-8:59am",54,"54",8,"8:00am-8:59am",57,"57",88,"Not Applicable (Not Transported)",88,"Not Applicable (Not Transported)",1,"State Highway","Weekday","FQ1_Year","1st Quarter (Month)"
"4","Arizona","40016",1,1,1,1,0,1,1,21,"PINAL (21)",487,"SUPERIOR",1,"January",6,6,5,"Thursday",2022,20,"8:00pm-8:59pm",4,"4","US-60","",2,"US Highway",1,"Rural",3,"Principal Arterial - Other",1,"State Highway Agency",1,"This section IS ON the NHS",0,"No Special Jurisdiction",1956,"1956",33.29270833,33.29270833,-111.09290833,-111.09290833,8,"Pedestrian",0,"The First Harmful Event was Not a Collision with a Motor Vehicle in Transport",0,"No",1,"Non-Junction",1,"Not an Intersection",1,"On Roadway",0,"None",2,"Dark - Not Lighted",1,"Clear",0,"No","0000000","Not Applicable",99,"Unknown",99,"Unknown",99,"Unknown EMS Scene Arrival Hour",99,"Unknown EMS Scene Arrival Minutes",88,"Not Applicable (Not Transported)",88,"Not Applicable (Not Transported)",1,"US Highway","Weekday","FQ1_Year","1st Quarter (Month)"
"4","Arizona","40023",1,1,1,1,0,1,1,13,"MARICOPA (13)",370,"PHOENIX",1,"January",12,12,4,"Wednesday",2022,12,"12:00pm-12:59pm",31,"31","E INDIAN SCHOOL RD","",6,"Local Street - Municipality",2,"Urban",3,"Principal Arterial - Other",4,"City or Municipal Highway Agency",1,"This section IS ON the NHS",0,"No Special Jurisdiction",0,"None",33.49527222,33.49527222,-112.00992778,-112.00992778,8,"Pedestrian",0,"The First Harmful Event was Not a Collision with a Motor Vehicle in Transport",0,"No",1,"Non-Junction",1,"Not an Intersection",1,"On Roadway",0,"None",1,"Daylight",1,"Clear",0,"No","0000000","Not Applicable",99,"Unknown",99,"Unknown",99,"Unknown EMS Scene Arrival Hour",99,"Unknown EMS Scene Arrival Minutes",99,"Unknown",99,"Unknown EMS Hospital Arrival Time",1,"Others","Weekday","FQ1_Year","2nd Quarter (Month)"
"4","Arizona","40025",1,1,1,1,0,1,1,19,"PIMA (19)",530,"TUCSON",1,"January",13,13,5,"Thursday",2022,20,"8:00pm-8:59pm",46,"46","E 29TH ST","",6,"Local Street - Municipality",2,"Urban",5,"Major Collector",4,"City or Municipal Highway Agency",0,"This section IS NOT on the NHS",0,"No Special Jurisdiction",0,"None",32.19963611,32.19963611,-110.87931667,-110.87931667,15,"Non-Motorist on Personal Conveyance",0,"The First Harmful Event was Not a Collision with a Motor Vehicle in Transport",0,"No",1,"Non-Junction",1,"Not an Intersection",1,"On Roadway",0,"None",2,"Dark - Not Lighted",1,"Clear",0,"No","0000000","Not Applicable",20,"8:00pm-8:59pm",46,"46",20,"8:00pm-8:59pm",52,"52",88,"Not Applicable (Not Transported)",88,"Not Applicable (Not Transported)",1,"Others","Weekday","FQ1_Year","2nd Quarter (Month)"
"4","Arizona","40031",0,0,1,1,0,1,1,13,"MARICOPA (13)",290,"MESA",1,"January",15,15,7,"Saturday",2022,14,"2:00pm-2:59pm",11,"11","S DOBSON RD","",6,"Local Street - Municipality",2,"Urban",4,"Minor Arterial",4,"City or Municipal Highway Agency",0,"This section IS NOT on the NHS",0,"No Special Jurisdiction",0,"None",33.20497222,33.20497222,-111.87576111,-111.87576111,17,"Boulder",0,"The First Harmful Event was Not a Collision with a Motor Vehicle in Transport",0,"No",1,"Non-Junction",1,"Not an Intersection",4,"On Roadside",0,"None",1,"Daylight",1,"Clear",0,"No","0000000","Not Applicable",14,"2:00pm-2:59pm",13,"13",14,"2:00pm-2:59pm",23,"23",88,"Not Applicable (Not Transported)",88,"Not Applicable (Not Transported)",1,"Others","Weekend","FQ1_Year","2nd Quarter (Month)"
"4","Arizona","40034",0,0,1,1,0,2,2,13,"MARICOPA (13)",290,"MESA",1,"January",15,15,7,"Saturday",2022,16,"4:00pm-4:59pm",18,"18","SR-202","",3,"State Highway",2,"Urban",2,"Principal Arterial - Other Freeways and Expressways",1,"State Highway Agency",1,"This section IS ON the NHS",0,"No Special Jurisdiction",289,"289",33.39671111,33.39671111,-111.64278056,-111.64278056,41,"Shrubbery",0,"The First Harmful Event was Not a Collision with a Motor Vehicle in Transport",0,"No",1,"Non-Junction",1,"Not an Intersection",4,"On Roadside",0,"None",1,"Daylight",1,"Clear",0,"No","0000000","Not Applicable",16,"4:00pm-4:59pm",20,"20",16,"4:00pm-4:59pm",30,"30",99,"Unknown",99,"Unknown EMS Hospital Arrival Time",1,"State Highway","Weekend","FQ1_Year","2nd Quarter (Month)"
"4","Arizona","40036",0,0,1,1,0,2,2,21,"PINAL (21)",22,"APACHE JUNCTION",1,"January",17,17,2,"Monday",2022,16,"4:00pm-4:59pm",50,"50","N APACHE TRL","",6,"Local Street - Municipality",2,"Urban",4,"Minor Arterial",4,"City or Municipal Highway Agency",0,"This section IS NOT on the NHS",0,"No Special Jurisdiction",0,"None",33.41799167,33.41799167,-111.54722778,-111.54722778,33,"Curb",0,"The First Harmful Event was Not a Collision with a Motor Vehicle in Transport",0,"No",1,"Non-Junction",1,"Not an Intersection",4,"On Roadside",0,"None",1,"Daylight",1,"Clear",0,"No","0000000","Not Applicable",16,"4:00pm-4:59pm",52,"52",17,"5:00pm-5:59pm",0,"0",88,"Not Applicable (Not Transported)",88,"Not Applicable (Not Transported)",1,"Others","Weekday","FQ1_Year","2nd Quarter (Month)"
"4","Arizona","40037",0,0,1,1,0,1,1,17,"NAVAJO (17)",240,"HOLBROOK",1,"January",20,20,5,"Thursday",2022,0,"0:00am-0:59am",49,"49","I-40","",1,"Interstate",1,"Rural",1,"Interstate",1,"State Highway Agency",1,"This section IS ON the NHS",0,"No Special Jurisdiction",2867,"2867",34.91695833,34.91695833,-110.14576667,-110.14576667,1,"Rollover/Overturn",0,"The First Harmful Event was Not a Collision with a Motor Vehicle in Transport",0,"No",1,"Non-Junction",1,"Not an Intersection",3,"On Median",0,"None",2,"Dark - Not Lighted",1,"Clear",0,"No","0000000","Not Applicable",0,"0:00am-0:59am",50,"50",0,"0:00am-0:59am",57,"57",88,"Not Applicable (Not Transported)",88,"Not Applicable (Not Transported)",1,"State Highway","Weekday","FQ1_Year","2nd Quarter (Month)"
"4","Arizona","40039",1,1,1,1,0,1,1,13,"MARICOPA (13)",200,"GLENDALE",1,"January",21,21,6,"Friday",2022,19,"7:00pm-7:59pm",34,"34","N 16TH AVE","",6,"Local Street - Municipality",2,"Urban",4,"Minor Arterial",4,"City or Municipal Highway Agency",0,"This section IS NOT on the NHS",0,"No Special Jurisdiction",0,"None",33.51093333,33.51093333,-112.20311944,-112.20311944,8,"Pedestrian",0,"The First Harmful Event was Not a Collision with a Motor Vehicle in Transport",0,"No",1,"Non-Junction",1,"Not an Intersection",1,"On Roadway",0,"None",3,"Dark - Lighted",1,"Clear",0,"No","0000000","Not Applicable",99,"Unknown",99,"Unknown",99,"Unknown EMS Scene Arrival Hour",99,"Unknown EMS Scene Arrival Minutes",99,"Unknown",99,"Unknown EMS Hospital Arrival Time",1,"Others","Weekday","FQ1_Year","Last Quarter (Month)"
"4","Arizona","40040",1,1,1,1,0,1,1,13,"MARICOPA (13)",370,"PHOENIX",1,"January",21,21,6,"Friday",2022,22,"10:00pm-10:59pm",4,"4","W CACTUS RD","",6,"Local Street - Municipality",2,"Urban",4,"Minor Arterial",4,"City or Municipal Highway Agency",0,"This section IS NOT on the NHS",0,"No Special Jurisdiction",0,"None",33.59635,33.59635,-112.1501,-112.1501,8,"Pedestrian",0,"The First Harmful Event was Not a Collision with a Motor Vehicle in Transport",0,"No",1,"Non-Junction",1,"Not an Intersection",1,"On Roadway",0,"None",3,"Dark - Lighted",1,"Clear",0,"No","0000000","Not Applicable",99,"Unknown",99,"Unknown",99,"Unknown EMS Scene Arrival Hour",99,"Unknown EMS Scene Arrival Minutes",99,"Unknown",99,"Unknown EMS Hospital Arrival Time",1,"Others","Weekday","FQ1_Year","Last Quarter (Month)"
"4","Arizona","40041",1,1,1,1,0,1,1,13,"MARICOPA (13)",370,"PHOENIX",1,"January",21,21,6,"Friday",2022,22,"10:00pm-10:59pm",33,"33","N 27TH AVE","",6,"Local Street - Municipality",2,"Urban",4,"Minor Arterial",4,"City or Municipal Highway Agency",0,"This section IS NOT on the NHS",0,"No Special Jurisdiction",0,"None",33.51655833,33.51655833,-112.116975,-112.116975,8,"Pedestrian",0,"The First Harmful Event was Not a Collision with a Motor Vehicle in Transport",0,"No",1,"Non-Junction",1,"Not an Intersection",1,"On Roadway",0,"None",3,"Dark - Lighted",1,"Clear",0,"No","0000000","Not Applicable",99,"Unknown",99,"Unknown",99,"Unknown EMS Scene Arrival Hour",99,"Unknown EMS Scene Arrival Minutes",99,"Unknown",98,"Unknown if Transported",1,"Others","Weekday","FQ1_Year","Last Quarter (Month)"