"state","statename","st_case","peds","pernotmvit","ve_total","ve_forms","pvh_invl","persons","permvit","county","countyname","city","cityname","month","monthname","day","dayname","day_week","day_weekname","year","hour","hourname","minute","minutename","tway_id","tway_id2","route","routename","rur_urb","rur_urbname","func_sys","func_sysname","rd_owner","rd_ownername","nhs","nhsname","sp_jur","sp_jurname","milept","mileptname","latitude","latitudename","longitud","longitudname","harm_ev","harm_evname","man_coll","man_collname","reljct1","reljct1name","reljct2","reljct2name","typ_int","typ_intname","rel_road","rel_roadname","wrk_zone","wrk_zonename","lgt_cond","lgt_condname","weather","weathername","sch_bus","sch_busname","rail","railname","not_hour","not_hourname","not_min","not_minname","arr_hour","arr_hourname","arr_min","arr_minname","hosp_hr","hosp_hrname","hosp_mn","hosp_mnname","fatals","route_category","day_type","quarter_year","day_quarter"
"4","Arizona","40043",1,1,1,1,0,2,2,5,"COCONINO (5)",0,"NOT APPLICABLE",1,"January",22,22,7,"Saturday",2022,13,"1:00pm-1:59pm",27,"27","US-180","",2,"US Highway",1,"Rural",5,"Major Collector",1,"State Highway Agency",0,"This section IS NOT on the NHS",0,"No Special Jurisdiction",54,"54",35.26603889,35.26603889,-111.70529444,-111.70529444,8,"Pedestrian",0,"The First Harmful Event was Not a Collision with a Motor Vehicle in Transport",0,"No",1,"Non-Junction",1,"Not an Intersection",1,"On Roadway",0,"None",1,"Daylight",1,"Clear",0,"No","0000000","Not Applicable",13,"1:00pm-1:59pm",29,"29",13,"1:00pm-1:59pm",32,"32",88,"Not Applicable (Not Transported)",88,"Not Applicable (Not Transported)",1,"US Highway","Weekend","FQ1_Year","Last Quarter (Month)"
"4","Arizona","40050",0,0,1,1,0,2,2,13,"MARICOPA (13)",370,"PHOENIX",1,"January",27,27,5,"Thursday",2022,2,"2:00am-2:59am",5,"5","N 83RD AVE","",6,"Local Street - Municipality",2,"Urban",4,"Minor Arterial",4,"City or Municipal Highway Agency",0,"This section IS NOT on the NHS",0,"No Special Jurisdiction",0,"None",33.49975,33.49975,-112.23784722,-112.23784722,33,"Curb",0,"The First Harmful Event was Not a Collision with a Motor Vehicle in Transport",0,"No",1,"Non-Junction",1,"Not an Intersection",4,"On Roadside",0,"None",3,"Dark - Lighted",1,"Clear",0,"No","0000000","Not Applicable",99,"Unknown",99,"Unknown",99,"Unknown EMS Scene Arrival Hour",99,"Unknown EMS Scene Arrival Minutes",99,"Unknown",99,"Unknown EMS Hospital Arrival Time",1,"Others","Weekday","FQ1_Year","Last Quarter (Month)"
"4","Arizona","40052",1,1,1,1,0,2,2,19,"PIMA (19)",530,"TUCSON",1,"January",27,27,5,"Thursday",2022,20,"8:00pm-8:59pm",51,"51","N CAMPBELL AVE","",6,"Local Street - Municipality",2,"Urban",3,"Principal Arterial - Other",4,"City or Municipal Highway Agency",0,"This section IS NOT on the NHS",0,"No Special Jurisdiction",0,"None",32.24593333,32.24593333,-110.94415,-110.94415,8,"Pedestrian",0,"The First Harmful Event was Not a Collision with a Motor Vehicle in Transport",0,"No",1,"Non-Junction",1,"Not an Intersection",1,"On Roadway",0,"None",3,"Dark - Lighted",1,"Clear",0,"No","0000000","Not Applicable",20,"8:00pm-8:59pm",51,"51",20,"8:00pm-8:59pm",57,"57",88,"Not Applicable (Not Transported)",88,"Not Applicable (Not Transported)",1,"Others","Weekday","FQ1_Year","Last Quarter (Month)"
"4","Arizona","40056",0,0,1,1,0,1,1,25,"YAVAPAI (25)",0,"NOT APPLICABLE",1,"January",29,29,7,"Saturday",2022,14,"2:00pm-2:59pm",31,"31","SR-89","",3,"State Highway",1,"Rural",4,"Minor Arterial",1,"State Highway Agency",0,"This section IS NOT on the NHS",0,"No Special Jurisdiction",487,"487",34.49357222,34.49357222,-112.49448333,-112.49448333,24,"Guardrail Face",0,"The First Harmful Event was Not a Collision with a Motor Vehicle in Transport",0,"No",1,"Non-Junction",1,"Not an Intersection",4,"On Roadside",0,"None",1,"Daylight",1,"Clear",0,"No","0000000","Not Applicable",14,"2:00pm-2:59pm",35,"35",14,"2:00pm-2:59pm",38,"38",88,"Not Applicable (Not Transported)",88,"Not Applicable (Not Transported)",1,"State Highway","Weekend","FQ1_Year","Last Quarter (Month)"
"4","Arizona","40062",1,1,1,1,0,1,1,13,"MARICOPA (13)",370,"PHOENIX",1,"January",4,4,3,"Tuesday",2022,6,"6:00am-6:59am",30,"30","W SOUTHERN AVE","",6,"Local Street - Municipality",2,"Urban",4,"Minor Arterial",4,"City or Municipal Highway Agency",0,"This section IS NOT on the NHS",0,"No Special Jurisdiction",0,"None",33.39232778,33.39232778,-112.09956667,-112.09956667,8,"Pedestrian",0,"The First Harmful Event was Not a Collision with a Motor Vehicle in Transport",0,"No",1,"Non-Junction",1,"Not an Intersection",1,"On Roadway",0,"None",3,"Dark - Lighted",1,"Clear",0,"No","0000000","Not Applicable",99,"Unknown",99,"Unknown",99,"Unknown EMS Scene Arrival Hour",99,"Unknown EMS Scene Arrival Minutes",99,"Unknown",99,"Unknown EMS Hospital Arrival Time",1,"Others","Weekday","FQ1_Year","1st Quarter (Month)"
"4","Arizona","40063",1,1,1,1,0,1,1,13,"MARICOPA (13)",370,"PHOENIX",1,"January",6,6,5,"Thursday",2022,9,"9:00am-9:59am",33,"33","N CAVE CREEK RD","",6,"Local Street - Municipality",2,"Urban",3,"Principal Arterial - Other",4,"City or Municipal Highway Agency",1,"This section IS ON the NHS",0,"No Special Jurisdiction",0,"None",33.70654444,33.70654444,-112.02075278,-112.02075278,9,"Pedalcyclist",0,"The First Harmful Event was Not a Collision with a Motor Vehicle in Transport",0,"No",1,"Non-Junction",1,"Not an Intersection",2,"On Shoulder",0,"None",1,"Daylight",1,"Clear",0,"No","0000000","Not Applicable",99,"Unknown",99,"Unknown",99,"Unknown EMS Scene Arrival Hour",99,"Unknown EMS Scene Arrival Minutes",88,"Not Applicable (Not Transported)",88,"Not Applicable (Not Transported)",1,"Others","Weekday","FQ1_Year","1st Quarter (Month)"
"4","Arizona","40064",0,0,1,1,0,1,1,19,"PIMA (19)",530,"TUCSON",1,"January",6,6,5,"Thursday",2022,7,"7:00am-7:59am",48,"48","W ORANGE GROVE RD","",8,"Other",1,"Rural",6,"Minor Collector",2,"County Highway Agency",0,"This section IS NOT on the NHS",0,"No Special Jurisdiction",0,"None",32.32081944,32.32081944,-111.223575,-111.223575,42,"Tree (Standing Only)",0,"The First Harmful Event was Not a Collision with a Motor Vehicle in Transport",0,"No",1,"Non-Junction",1,"Not an Intersection",4,"On Roadside",0,"None",4,"Dawn",1,"Clear",0,"No","0000000","Not Applicable",99,"Unknown",99,"Unknown",99,"Unknown EMS Scene Arrival Hour",99,"Unknown EMS Scene Arrival Minutes",88,"Not Applicable (Not Transported)",88,"Not Applicable (Not Transported)",1,"Others","Weekday","FQ1_Year","1st Quarter (Month)"
"4","Arizona","40071",0,0,2,2,0,3,3,13,"MARICOPA (13)",263,"LITCHFIELD PARK",1,"January",28,28,6,"Friday",2022,3,"3:00am-3:59am",55,"55","SR-303","",3,"State Highway",2,"Urban",2,"Principal Arterial - Other Freeways and Expressways",1,"State Highway Agency",1,"This section IS ON the NHS",0,"No Special Jurisdiction",47,"47",33.52909167,33.52909167,-112.41861667,-112.41861667,12,"Motor Vehicle In-Transport",2,"Front-to-Front",0,"No",1,"Non-Junction",1,"Not an Intersection",1,"On Roadway",0,"None",3,"Dark - Lighted",1,"Clear",0,"No","0000000","Not Applicable",99,"Unknown",99,"Unknown",99,"Unknown EMS Scene Arrival Hour",99,"Unknown EMS Scene Arrival Minutes",99,"Unknown",99,"Unknown EMS Hospital Arrival Time",2,"State Highway","Weekday","FQ1_Year","Last Quarter (Month)"
"4","Arizona","40081",1,1,2,2,0,2,2,13,"MARICOPA (13)",290,"MESA",1,"January",7,7,6,"Friday",2022,22,"10:00pm-10:59pm",12,"12","S POWER RD","",8,"Other",2,"Urban",3,"Principal Arterial - Other",2,"County Highway Agency",0,"This section IS NOT on the NHS",0,"No Special Jurisdiction",0,"None",33.31775,33.31775,-111.68681389,-111.68681389,8,"Pedestrian",0,"The First Harmful Event was Not a Collision with a Motor Vehicle in Transport",0,"No",1,"Non-Junction",1,"Not an Intersection",2,"On Shoulder",0,"None",1,"Daylight",1,"Clear",0,"No","0000000","Not Applicable",22,"10:00pm-10:59pm",14,"14",22,"10:00pm-10:59pm",22,"22",88,"Not Applicable (Not Transported)",88,"Not Applicable (Not Transported)",1,"Others","Weekday","FQ1_Year","1st Quarter (Month)"
"4","Arizona","40083",1,1,1,1,0,1,1,13,"MARICOPA (13)",370,"PHOENIX",1,"January",9,9,1,"Sunday",2022,19,"7:00pm-7:59pm",4,"4","W PEORIA AVE","",6,"Local Street - Municipality",2,"Urban",4,"Minor Arterial",4,"City or Municipal Highway Agency",0,"This section IS NOT on the NHS",0,"No Special Jurisdiction",0,"None",33.58204722,33.58204722,-112.13662222,-112.13662222,8,"Pedestrian",0,"The First Harmful Event was Not a Collision with a Motor Vehicle in Transport",0,"No",1,"Non-Junction",1,"Not an Intersection",1,"On Roadway",0,"None",3,"Dark - Lighted",1,"Clear",0,"No","0000000","Not Applicable",99,"Unknown",99,"Unknown",99,"Unknown EMS Scene Arrival Hour",99,"Unknown EMS Scene Arrival Minutes",99,"Unknown",98,"Unknown if Transported",1,"Others","Weekend","FQ1_Year","1st Quarter (Month)"
"4","Arizona","40085",1,1,1,1,0,1,1,13,"MARICOPA (13)",370,"PHOENIX",1,"January",13,13,5,"Thursday",2022,17,"5:00pm-5:59pm",46,"46","E MARYLAND AVE","",6,"Local Street - Municipality",2,"Urban",5,"Major Collector",4,"City or Municipal Highway Agency",0,"This section IS NOT on the NHS",0,"No Special Jurisdiction",0,"None",33.53103889,33.53103889,-112.05551944,-112.05551944,9,"Pedalcyclist",0,"The First Harmful Event was Not a Collision with a Motor Vehicle in Transport",0,"No",1,"Non-Junction",1,"Not an Intersection",1,"On Roadway",0,"None",5,"Dusk",1,"Clear",0,"No","0000000","Not Applicable",99,"Unknown",99,"Unknown",99,"Unknown EMS Scene Arrival Hour",99,"Unknown EMS Scene Arrival Minutes",99,"Unknown",99,"Unknown EMS Hospital Arrival Time",1,"Others","Weekday","FQ1_Year","2nd Quarter (Month)"
"4","Arizona","40090",1,1,1,1,0,1,1,25,"YAVAPAI (25)",116,"CORNVILLE",1,"January",23,23,1,"Sunday",2022,22,"10:00pm-10:59pm",53,"53","E CORNVILLE RD","",9,"Unknown",1,"Rural",5,"Major Collector",2,"County Highway Agency",0,"This section IS NOT on the NHS",0,"No Special Jurisdiction",0,"None",34.71735278,34.71735278,-111.89825556,-111.89825556,8,"Pedestrian",0,"The First Harmful Event was Not a Collision with a Motor Vehicle in Transport",0,"No",1,"Non-Junction",1,"Not an Intersection",1,"On Roadway",0,"None",2,"Dark - Not Lighted",1,"Clear",0,"No","0000000","Not Applicable",22,"10:00pm-10:59pm",52,"52",22,"10:00pm-10:59pm",59,"59",88,"Not Applicable (Not Transported)",88,"Not Applicable (Not Transported)",1,"Others","Weekend","FQ1_Year","Last Quarter (Month)"
"4","Arizona","40094",1,1,1,1,0,1,1,13,"MARICOPA (13)",370,"PHOENIX",2,"February",1,1,3,"Tuesday",2022,0,"0:00am-0:59am",53,"53","W MCDOWELL RD","",6,"Local Street - Municipality",2,"Urban",4,"Minor Arterial",2,"County Highway Agency",0,"This section IS NOT on the NHS",0,"No Special Jurisdiction",0,"None",33.46517778,33.46517778,-112.25146111,-112.25146111,8,"Pedestrian",0,"The First Harmful Event was Not a Collision with a Motor Vehicle in Transport",0,"No",1,"Non-Junction",1,"Not an Intersection",1,"On Roadway",0,"None",3,"Dark - Lighted",1,"Clear",0,"No","0000000","Not Applicable",0,"0:00am-0:59am",53,"53",0,"0:00am-0:59am",56,"56",88,"Not Applicable (Not Transported)",88,"Not Applicable (Not Transported)",1,"Others","Weekday","FQ1_Year","1st Quarter (Month)"
"4","Arizona","40101",0,0,2,2,0,6,6,5,"COCONINO (5)",170,"FLAGSTAFF",2,"February",4,4,6,"Friday",2022,22,"10:00pm-10:59pm",12,"12","E BUTLER AVE","",6,"Local Street - Municipality",2,"Urban",4,"Minor Arterial",4,"City or Municipal Highway Agency",0,"This section IS NOT on the NHS",0,"No Special Jurisdiction",0,"None",35.19469444,35.19469444,-111.60898333,-111.60898333,12,"Motor Vehicle In-Transport",2,"Front-to-Front",0,"No",1,"Non-Junction",1,"Not an Intersection",1,"On Roadway",0,"None",2,"Dark - Not Lighted",1,"Clear",0,"No","0000000","Not Applicable",22,"10:00pm-10:59pm",12,"12",22,"10:00pm-10:59pm",15,"15",99,"Unknown",99,"Unknown EMS Hospital Arrival Time",1,"Others","Weekday","FQ1_Year","1st Quarter (Month)"
"4","Arizona","40104",0,0,1,1,0,1,1,21,"PINAL (21)",0,"NOT APPLICABLE",2,"February",5,5,7,"Saturday",2022,19,"7:00pm-7:59pm",9,"9","S WILLOW SPRINGS RD","",8,"Other",1,"Rural",7,"Local",2,"County Highway Agency",0,"This section IS NOT on the NHS",0,"No Special Jurisdiction",0,"None",32.65805833,32.65805833,-110.88658333,-110.88658333,42,"Tree (Standing Only)",0,"The First Harmful Event was Not a Collision with a Motor Vehicle in Transport",0,"No",1,"Non-Junction",1,"Not an Intersection",4,"On Roadside",0,"None",2,"Dark - Not Lighted",1,"Clear",0,"No","0000000","Not Applicable",19,"7:00pm-7:59pm",9,"9",19,"7:00pm-7:59pm",26,"26",88,"Not Applicable (Not Transported)",88,"Not Applicable (Not Transported)",1,"Others","Weekend","FQ1_Year","1st Quarter (Month)"
"4","Arizona","40105",0,0,1,1,0,6,6,21,"PINAL (21)",70,"CASA GRANDE",2,"February",6,6,1,"Sunday",2022,7,"7:00am-7:59am",32,"32","I-10","",1,"Interstate",1,"Rural",1,"Interstate",1,"State Highway Agency",1,"This section IS ON the NHS",0,"No Special Jurisdiction",1832,"1832",33.02604722,33.02604722,-111.7709,-111.7709,30,"Utility Pole/Light Support",0,"The First Harmful Event was Not a Collision with a Motor Vehicle in Transport",0,"No",1,"Non-Junction",1,"Not an Intersection",4,"On Roadside",0,"None",1,"Daylight",1,"Clear",0,"No","0000000","Not Applicable",7,"7:00am-7:59am",32,"32",7,"7:00am-7:59am",40,"40",99,"Unknown",99,"Unknown EMS Hospital Arrival Time",2,"State Highway","Weekend","FQ1_Year","1st Quarter (Month)"
"4","Arizona","40110",1,1,1,1,0,1,1,13,"MARICOPA (13)",370,"PHOENIX",2,"February",8,8,3,"Tuesday",2022,18,"6:00pm-6:59pm",30,"30","S 27TH AVE","",6,"Local Street - Municipality",2,"Urban",4,"Minor Arterial",4,"City or Municipal Highway Agency",0,"This section IS NOT on the NHS",0,"No Special Jurisdiction",0,"None",33.43742222,33.43742222,-112.11725278,-112.11725278,8,"Pedestrian",0,"The First Harmful Event was Not a Collision with a Motor Vehicle in Transport",0,"No",1,"Non-Junction",1,"Not an Intersection",1,"On Roadway",0,"None",3,"Dark - Lighted",1,"Clear",0,"No","0000000","Not Applicable",99,"Unknown",99,"Unknown",99,"Unknown EMS Scene Arrival Hour",99,"Unknown EMS Scene Arrival Minutes",88,"Not Applicable (Not Transported)",88,"Not Applicable (Not Transported)",1,"Others","Weekday","FQ1_Year","1st Quarter (Month)"
"4","Arizona","40111",1,1,1,1,0,1,1,13,"MARICOPA (13)",370,"PHOENIX",2,"February",8,8,3,"Tuesday",2022,19,"7:00pm-7:59pm",49,"49","N CAVE CREEK RD","",6,"Local Street - Municipality",2,"Urban",3,"Principal Arterial - Other",4,"City or Municipal Highway Agency",1,"This section IS ON the NHS",0,"No Special Jurisdiction",0,"None",33.60003611,33.60003611,-112.03735278,-112.03735278,8,"Pedestrian",0,"The First Harmful Event was Not a Collision with a Motor Vehicle in Transport",0,"No",1,"Non-Junction",1,"Not an Intersection",1,"On Roadway",0,"None",3,"Dark - Lighted",1,"Clear",0,"No","0000000","Not Applicable",99,"Unknown",99,"Unknown",99,"Unknown EMS Scene Arrival Hour",99,"Unknown EMS Scene Arrival Minutes",99,"Unknown",99,"Unknown EMS Hospital Arrival Time",1,"Others","Weekday","FQ1_Year","1st Quarter (Month)"
"4","Arizona","40113",0,0,1,1,0,3,3,5,"COCONINO (5)",0,"NOT APPLICABLE",2,"February",9,9,4,"Wednesday",2022,7,"7:00am-7:59am",24,"24","SR-64","",3,"State Highway",1,"Rural",4,"Minor Arterial",1,"State Highway Agency",0,"This section IS NOT on the NHS",0,"No Special Jurisdiction",1021,"1021",35.876125,35.876125,-111.51707222,-111.51707222,1,"Rollover/Overturn",0,"The First Harmful Event was Not a Collision with a Motor Vehicle in Transport",0,"No",1,"Non-Junction",1,"Not an Intersection",4,"On Roadside",0,"None",1,"Daylight",1,"Clear",0,"No","0000000","Not Applicable",7,"7:00am-7:59am",26,"26",7,"7:00am-7:59am",40,"40",99,"Unknown",99,"Unknown EMS Hospital Arrival Time",2,"State Highway","Weekday","FQ1_Year","1st Quarter (Month)"
"4","Arizona","40125",0,0,2,2,0,2,2,25,"YAVAPAI (25)",0,"NOT APPLICABLE",2,"February",13,13,1,"Sunday",2022,11,"11:00am-11:59am",50,"50","SR-89","",3,"State Highway",1,"Rural",4,"Minor Arterial",1,"State Highway Agency",0,"This section IS NOT on the NHS",0,"No Special Jurisdiction",418,"418",34.45474722,34.45474722,-112.53725556,-112.53725556,5,"Fell/Jumped from Vehicle",0,"The First Harmful Event was Not a Collision with a Motor Vehicle in Transport",0,"No",1,"Non-Junction",1,"Not an Intersection",1,"On Roadway",0,"None",1,"Daylight",1,"Clear",0,"No","0000000","Not Applicable",11,"11:00am-11:59am",53,"53",12,"12:00pm-12:59pm",16,"16",88,"Not Applicable (Not Transported)",88,"Not Applicable (Not Transported)",1,"State Highway","Weekend","FQ1_Year","2nd Quarter (Month)"
"4","Arizona","40128",1,1,1,1,0,2,2,13,"MARICOPA (13)",370,"PHOENIX",2,"February",17,17,5,"Thursday",2022,20,"8:00pm-8:59pm",14,"14","W INDIAN SCHOOL RD","",6,"Local Street - Municipality",2,"Urban",3,"Principal Arterial - Other",4,"City or Municipal Highway Agency",1,"This section IS ON the NHS",0,"No Special Jurisdiction",0,"None",33.49489722,33.49489722,-112.15614167,-112.15614167,9,"Pedalcyclist",0,"The First Harmful Event was Not a Collision with a Motor Vehicle in Transport",0,"No",1,"Non-Junction",1,"Not an Intersection",1,"On Roadway",0,"None",3,"Dark - Lighted",1,"Clear",0,"No","0000000","Not Applicable",99,"Unknown",99,"Unknown",99,"Unknown EMS Scene Arrival Hour",99,"Unknown EMS Scene Arrival Minutes",99,"Unknown",99,"Unknown EMS Hospital Arrival Time",1,"Others","Weekday","FQ1_Year","2nd Quarter (Month)"
"4","Arizona","40131",1,1,2,2,0,1,1,13,"MARICOPA (13)",290,"MESA",2,"February",19,19,7,"Saturday",2022,4,"4:00am-4:59am",1,"1","US-60","",2,"US Highway",2,"Urban",2,"Principal Arterial - Other Freeways and Expressways",1,"State Highway Agency",1,"This section IS ON the NHS",0,"No Special Jurisdiction",1556,"1556",33.38650556,33.38650556,-111.70911667,-111.70911667,8,"Pedestrian",0,"The First Harmful Event was Not a Collision with a Motor Vehicle in Transport",0,"No",1,"Non-Junction",1,"Not an Intersection",1,"On Roadway",0,"None",2,"Dark - Not Lighted",1,"Clear",0,"No","0000000","Not Applicable",4,"4:00am-4:59am",4,"4",4,"4:00am-4:59am",12,"12",88,"Not Applicable (Not Transported)",88,"Not Applicable (Not Transported)",1,"US Highway","Weekend","FQ1_Year","2nd Quarter (Month)"
"4","Arizona","40132",1,1,1,1,0,1,1,13,"MARICOPA (13)",370,"PHOENIX",2,"February",19,19,7,"Saturday",2022,5,"5:00am-5:59am",33,"33","I-17","",1,"Interstate",2,"Urban",1,"Interstate",1,"State Highway Agency",1,"This section IS ON the NHS",0,"No Special Jurisdiction",40,"40",33.43715833,33.43715833,-112.10832222,-112.10832222,8,"Pedestrian",0,"The First Harmful Event was Not a Collision with a Motor Vehicle in Transport",0,"No",1,"Non-Junction",1,"Not an Intersection",1,"On Roadway",0,"None",3,"Dark - Lighted",1,"Clear",0,"No","0000000","Not Applicable",5,"5:00am-5:59am",34,"34",5,"5:00am-5:59am",43,"43",88,"Not Applicable (Not Transported)",88,"Not Applicable (Not Transported)",1,"State Highway","Weekend","FQ1_Year","2nd Quarter (Month)"
"4","Arizona","40133",0,0,2,2,0,2,2,3,"COCHISE (3)",0,"NOT APPLICABLE",2,"February",19,19,7,"Saturday",2022,10,"10:00am-10:59am",19,"19","SR-80","",3,"State Highway",1,"Rural",3,"Principal Arterial - Other",1,"State Highway Agency",1,"This section IS ON the NHS",0,"No Special Jurisdiction",528,"528",31.4438,31.4438,-109.83293056,-109.83293056,12,"Motor Vehicle In-Transport",2,"Front-to-Front",0,"No",1,"Non-Junction",1,"Not an Intersection",1,"On Roadway",0,"None",1,"Daylight",1,"Clear",0,"No","0000000","Not Applicable",10,"10:00am-10:59am",20,"20",10,"10:00am-10:59am",32,"32",99,"Unknown",99,"Unknown EMS Hospital Arrival Time",1,"State Highway","Weekend","FQ1_Year","2nd Quarter (Month)"
"4","Arizona","40134",0,0,2,2,0,2,2,17,"NAVAJO (17)",0,"NOT APPLICABLE",2,"February",19,19,7,"Saturday",2022,16,"4:00pm-4:59pm",46,"46","I-40","",1,"Interstate",1,"Rural",1,"Interstate",1,"State Highway Agency",1,"This section IS ON the NHS",0,"No Special Jurisdiction",2947,"2947",34.98336389,34.98336389,-110.03860278,-110.03860278,12,"Motor Vehicle In-Transport",1,"Front-to-Rear",0,"No",1,"Non-Junction",1,"Not an Intersection",1,"On Roadway",0,"None",1,"Daylight",1,"Clear",0,"No","0000000","Not Applicable",16,"4:00pm-4:59pm",50,"50",17,"5:00pm-5:59pm",38,"38",99,"Unknown",99,"Unknown EMS Hospital Arrival Time",1,"State Highway","Weekend","FQ1_Year","2nd Quarter (Month)"
"4","Arizona","40136",0,0,1,1,0,1,1,13,"MARICOPA (13)",290,"MESA",2,"February",20,20,1,"Sunday",2022,2,"2:00am-2:59am",10,"10","BUSH HWY","",8,"Other",1,"Rural",4,"Minor Arterial",2,"County Highway Agency",0,"This section IS NOT on the NHS",0,"No Special Jurisdiction",0,"None",33.55825556,33.55825556,-111.54012778,-111.54012778,1,"Rollover/Overturn",0,"The First Harmful Event was Not a Collision with a Motor Vehicle in Transport",0,"No",1,"Non-Junction",1,"Not an Intersection",1,"On Roadway",0,"None",2,"Dark - Not Lighted",1,"Clear",0,"No","0000000","Not Applicable",2,"2:00am-2:59am",10,"10",2,"2:00am-2:59am",35,"35",88,"Not Applicable (Not Transported)",88,"Not Applicable (Not Transported)",1,"Others","Weekend","FQ1_Year","2nd Quarter (Month)"
"4","Arizona","40142",1,1,1,1,0,1,1,13,"MARICOPA (13)",200,"GLENDALE",2,"February",23,23,4,"Wednesday",2022,21,"9:00pm-9:59pm",41,"41","W BETHANY HOME","",6,"Local Street - Municipality",2,"Urban",4,"Minor Arterial",4,"City or Municipal Highway Agency",0,"This section IS NOT on the NHS",0,"No Special Jurisdiction",0,"None",33.52400833,33.52400833,-112.18811667,-112.18811667,8,"Pedestrian",0,"The First Harmful Event was Not a Collision with a Motor Vehicle in Transport",0,"No",1,"Non-Junction",1,"Not an Intersection",1,"On Roadway",0,"None",3,"Dark - Lighted",1,"Clear",0,"No","0000000","Not Applicable",99,"Unknown",99,"Unknown",99,"Unknown EMS Scene Arrival Hour",99,"Unknown EMS Scene Arrival Minutes",99,"Unknown",98,"Unknown if Transported",1,"Others","Weekday","FQ1_Year","Last Quarter (Month)"
"4","Arizona","40144",2,2,2,2,0,1,1,13,"MARICOPA (13)",290,"MESA",2,"February",24,24,5,"Thursday",2022,9,"9:00am-9:59am",54,"54","N POWER RD","",6,"Local Street - Municipality",2,"Urban",3,"Principal Arterial - Other",4,"City or Municipal Highway Agency",1,"This section IS ON the NHS",0,"No Special Jurisdiction",0,"None",33.44263056,33.44263056,-111.68435556,-111.68435556,12,"Motor Vehicle In-Transport",1,"Front-to-Rear",0,"No",1,"Non-Junction",1,"Not an Intersection",1,"On Roadway",0,"None",1,"Daylight",1,"Clear",0,"No","0000000","Not Applicable",9,"9:00am-9:59am",54,"54",99,"Unknown EMS Scene Arrival Hour",99,"Unknown EMS Scene Arrival Minutes",99,"Unknown",99,"Unknown EMS Hospital Arrival Time",1,"Others","Weekday","FQ1_Year","Last Quarter (Month)"
"4","Arizona","40157",0,0,1,1,0,1,1,13,"MARICOPA (13)",190,"GILBERT",2,"February",20,20,1,"Sunday",2022,17,"5:00pm-5:59pm",1,"1","N MCQUEEN RD","",5,"Local Street - Township",2,"Urban",4,"Minor Arterial",3,"Town or Township Highway Agency",0,"This section IS NOT on the NHS",0,"No Special Jurisdiction",0,"None",33.350325,33.350325,-111.82435556,-111.82435556,30,"Utility Pole/Light Support",0,"The First Harmful Event was Not a Collision with a Motor Vehicle in Transport",0,"No",1,"Non-Junction",1,"Not an Intersection",3,"On Median",0,"None",1,"Daylight",1,"Clear",0,"No","0000000","Not Applicable",99,"Unknown",99,"Unknown",99,"Unknown EMS Scene Arrival Hour",99,"Unknown EMS Scene Arrival Minutes",99,"Unknown",99,"Unknown EMS Hospital Arrival Time",1,"Others","Weekend","FQ1_Year","2nd Quarter (Month)"
"4","Arizona","40161",0,0,1,1,0,1,1,13,"MARICOPA (13)",190,"GILBERT",2,"February",9,9,4,"Wednesday",2022,8,"8:00am-8:59am",10,"10","W GUADALUPE RD","",5,"Local Street - Township",2,"Urban",4,"Minor Arterial",3,"Town or Township Highway Agency",0,"This section IS NOT on the NHS",0,"No Special Jurisdiction",0,"None",33.36498333,33.36498333,-111.82968889,-111.82968889,43,"Other Fixed Object",0,"The First Harmful Event was Not a Collision with a Motor Vehicle in Transport",0,"No",1,"Non-Junction",1,"Not an Intersection",4,"On Roadside",0,"None",1,"Daylight",1,"Clear",0,"No","0000000","Not Applicable",99,"Unknown",99,"Unknown",99,"Unknown EMS Scene Arrival Hour",99,"Unknown EMS Scene Arrival Minutes",99,"Unknown",99,"Unknown EMS Hospital Arrival Time",1,"Others","Weekday","FQ1_Year","1st Quarter (Month)"
"4","Arizona","40167",0,0,2,2,0,2,2,13,"MARICOPA (13)",370,"PHOENIX",3,"March",2,2,4,"Wednesday",2022,10,"10:00am-10:59am",28,"28","N CAVE CREEK RD","",6,"Local Street - Municipality",2,"Urban",3,"Principal Arterial - Other",4,"City or Municipal Highway Agency",0,"This section IS NOT on the NHS",0,"No Special Jurisdiction",0,"None",33.57576111,33.57576111,-112.05734444,-112.05734444,12,"Motor Vehicle In-Transport",1,"Front-to-Rear",0,"No",1,"Non-Junction",1,"Not an Intersection",1,"On Roadway",0,"None",1,"Daylight",1,"Clear",0,"No","0000000","Not Applicable",99,"Unknown",99,"Unknown",99,"Unknown EMS Scene Arrival Hour",99,"Unknown EMS Scene Arrival Minutes",99,"Unknown",99,"Unknown EMS Hospital Arrival Time",1,"Others","Weekday","FQ1_Year","1st Quarter (Month)"
"4","Arizona","40170",0,0,2,2,0,4,4,13,"MARICOPA (13)",370,"PHOENIX",3,"March",1,1,3,"Tuesday",2022,16,"4:00pm-4:59pm",21,"21","SR-74","",3,"State Highway",2,"Urban",3,"Principal Arterial - Other",1,"State Highway Agency",0,"This section IS NOT on the NHS",0,"No Special Jurisdiction",0,"None",33.79810278,33.79810278,-112.14560833,-112.14560833,12,"Motor Vehicle In-Transport",2,"Front-to-Front",0,"No",1,"Non-Junction",1,"Not an Intersection",1,"On Roadway",0,"None",1,"Daylight",1,"Clear",0,"No","0000000","Not Applicable",99,"Unknown",99,"Unknown",99,"Unknown EMS Scene Arrival Hour",99,"Unknown EMS Scene Arrival Minutes",99,"Unknown",99,"Unknown EMS Hospital Arrival Time",1,"State Highway","Weekday","FQ1_Year","1st Quarter (Month)"