"state","statename","st_case","peds","pernotmvit","ve_total","ve_forms","pvh_invl","persons","permvit","county","countyname","city","cityname","month","monthname","day","dayname","day_week","day_weekname","year","hour","hourname","minute","minutename","tway_id","tway_id2","route","routename","rur_urb","rur_urbname","func_sys","func_sysname","rd_owner","rd_ownername","nhs","nhsname","sp_jur","sp_jurname","milept","mileptname","latitude","latitudename","longitud","longitudname","harm_ev","harm_evname","man_coll","man_collname","reljct1","reljct1name","reljct2","reljct2name","typ_int","typ_intname","rel_road","rel_roadname","wrk_zone","wrk_zonename","lgt_cond","lgt_condname","weather","weathername","sch_bus","sch_busname","rail","railname","not_hour","not_hourname","not_min","not_minname","arr_hour","arr_hourname","arr_min","arr_minname","hosp_hr","hosp_hrname","hosp_mn","hosp_mnname","fatals","route_category","day_type","quarter_year","day_quarter"
"4","Arizona","40180",1,1,1,1,0,1,1,19,"PIMA (19)",530,"TUCSON",3,"March",5,5,7,"Saturday",2022,21,"9:00pm-9:59pm",34,"34","W PRINCE RD","",6,"Local Street - Municipality",2,"Urban",4,"Minor Arterial",4,"City or Municipal Highway Agency",0,"This section IS NOT on the NHS",0,"No Special Jurisdiction",0,"None",32.27205556,32.27205556,-110.99243611,-110.99243611,8,"Pedestrian",0,"The First Harmful Event was Not a Collision with a Motor Vehicle in Transport",0,"No",1,"Non-Junction",1,"Not an Intersection",1,"On Roadway",0,"None",3,"Dark - Lighted",1,"Clear",0,"No","0000000","Not Applicable",21,"9:00pm-9:59pm",34,"34",21,"9:00pm-9:59pm",38,"38",88,"Not Applicable (Not Transported)",88,"Not Applicable (Not Transported)",1,"Others","Weekend","FQ1_Year","1st Quarter (Month)"
"4","Arizona","40182",0,0,1,1,0,1,1,13,"MARICOPA (13)",368,"PEORIA",3,"March",6,6,1,"Sunday",2022,2,"2:00am-2:59am",32,"32","W PEORIA AVE","",6,"Local Street - Municipality",2,"Urban",4,"Minor Arterial",4,"City or Municipal Highway Agency",0,"This section IS NOT on the NHS",0,"No Special Jurisdiction",0,"None",33.58066111,33.58066111,-112.26160556,-112.26160556,33,"Curb",0,"The First Harmful Event was Not a Collision with a Motor Vehicle in Transport",0,"No",1,"Non-Junction",1,"Not an Intersection",3,"On Median",0,"None",3,"Dark - Lighted",1,"Clear",0,"No","0000000","Not Applicable",99,"Unknown",99,"Unknown",99,"Unknown EMS Scene Arrival Hour",99,"Unknown EMS Scene Arrival Minutes",99,"Unknown",99,"Unknown EMS Hospital Arrival Time",1,"Others","Weekend","FQ1_Year","1st Quarter (Month)"
"4","Arizona","40185",0,0,2,2,0,4,4,5,"COCONINO (5)",0,"NOT APPLICABLE",3,"March",8,8,3,"Tuesday",2022,7,"7:00am-7:59am",12,"12","I-40","",1,"Interstate",1,"Rural",1,"Interstate",1,"State Highway Agency",1,"This section IS ON the NHS",0,"No Special Jurisdiction",2427,"2427",35.07877778,35.07877778,-110.87475833,-110.87475833,12,"Motor Vehicle In-Transport",1,"Front-to-Rear",0,"No",1,"Non-Junction",1,"Not an Intersection",1,"On Roadway",0,"None",1,"Daylight",1,"Clear",0,"No","0000000","Not Applicable",7,"7:00am-7:59am",13,"13",7,"7:00am-7:59am",32,"32",88,"Not Applicable (Not Transported)",88,"Not Applicable (Not Transported)",2,"State Highway","Weekday","FQ1_Year","1st Quarter (Month)"
"4","Arizona","40187",0,0,2,2,0,4,4,21,"PINAL (21)",180,"FLORENCE",3,"March",8,8,3,"Tuesday",2022,16,"4:00pm-4:59pm",16,"16","SR-79","",3,"State Highway",1,"Rural",3,"Principal Arterial - Other",1,"State Highway Agency",0,"This section IS NOT on the NHS",0,"No Special Jurisdiction",551,"551",33.21440278,33.21440278,-111.34667222,-111.34667222,12,"Motor Vehicle In-Transport",2,"Front-to-Front",0,"No",1,"Non-Junction",1,"Not an Intersection",1,"On Roadway",0,"None",1,"Daylight",1,"Clear",0,"No","0000000","Not Applicable",17,"5:00pm-5:59pm",35,"35",17,"5:00pm-5:59pm",40,"40",99,"Unknown",99,"Unknown EMS Hospital Arrival Time",3,"State Highway","Weekday","FQ1_Year","1st Quarter (Month)"
"4","Arizona","40189",0,0,1,1,0,1,1,17,"NAVAJO (17)",0,"NOT APPLICABLE",3,"March",9,9,4,"Wednesday",2022,11,"11:00am-11:59am",4,"4","US-180","",2,"US Highway",1,"Rural",4,"Minor Arterial",1,"State Highway Agency",0,"This section IS NOT on the NHS",0,"No Special Jurisdiction",1910,"1910",34.78895833,34.78895833,-109.88336667,-109.88336667,41,"Shrubbery",0,"The First Harmful Event was Not a Collision with a Motor Vehicle in Transport",0,"No",1,"Non-Junction",1,"Not an Intersection",4,"On Roadside",0,"None",1,"Daylight",1,"Clear",0,"No","0000000","Not Applicable",11,"11:00am-11:59am",12,"12",11,"11:00am-11:59am",38,"38",88,"Not Applicable (Not Transported)",88,"Not Applicable (Not Transported)",1,"US Highway","Weekday","FQ1_Year","1st Quarter (Month)"
"4","Arizona","40196",0,0,2,2,0,2,2,27,"YUMA (27)",553,"WELLTON",3,"March",14,14,2,"Monday",2022,2,"2:00am-2:59am",34,"34","I-8","",1,"Interstate",1,"Rural",1,"Interstate",1,"State Highway Agency",1,"This section IS ON the NHS",0,"No Special Jurisdiction",87,"87",32.688375,32.688375,-113.98619722,-113.98619722,12,"Motor Vehicle In-Transport",1,"Front-to-Rear",0,"No",1,"Non-Junction",1,"Not an Intersection",1,"On Roadway",0,"None",2,"Dark - Not Lighted",1,"Clear",0,"No","0000000","Not Applicable",2,"2:00am-2:59am",38,"38",2,"2:00am-2:59am",59,"59",88,"Not Applicable (Not Transported)",88,"Not Applicable (Not Transported)",1,"State Highway","Weekday","FQ1_Year","2nd Quarter (Month)"
"4","Arizona","40197",0,0,1,1,0,1,1,13,"MARICOPA (13)",80,"CHANDLER",3,"March",15,15,3,"Tuesday",2022,3,"3:00am-3:59am",16,"16","SR-202","",3,"State Highway",2,"Urban",2,"Principal Arterial - Other Freeways and Expressways",1,"State Highway Agency",1,"This section IS ON the NHS",0,"No Special Jurisdiction",549,"549",33.29553611,33.29553611,-111.96201111,-111.96201111,20,"Impact Attenuator/Crash Cushion",0,"The First Harmful Event was Not a Collision with a Motor Vehicle in Transport",0,"No",1,"Non-Junction",1,"Not an Intersection",8,"Gore",0,"None",3,"Dark - Lighted",1,"Clear",0,"No","0000000","Not Applicable",3,"3:00am-3:59am",22,"22",3,"3:00am-3:59am",29,"29",88,"Not Applicable (Not Transported)",88,"Not Applicable (Not Transported)",1,"State Highway","Weekday","FQ1_Year","2nd Quarter (Month)"
"4","Arizona","40199",1,1,1,1,0,1,1,13,"MARICOPA (13)",370,"PHOENIX",3,"March",16,16,4,"Wednesday",2022,20,"8:00pm-8:59pm",45,"45","W BELL RD","",6,"Local Street - Municipality",2,"Urban",3,"Principal Arterial - Other",4,"City or Municipal Highway Agency",1,"This section IS ON the NHS",0,"No Special Jurisdiction",0,"None",33.64008611,33.64008611,-112.09636667,-112.09636667,8,"Pedestrian",0,"The First Harmful Event was Not a Collision with a Motor Vehicle in Transport",0,"No",1,"Non-Junction",1,"Not an Intersection",1,"On Roadway",0,"None",3,"Dark - Lighted",1,"Clear",0,"No","0000000","Not Applicable",99,"Unknown",99,"Unknown",99,"Unknown EMS Scene Arrival Hour",99,"Unknown EMS Scene Arrival Minutes",99,"Unknown",99,"Unknown EMS Hospital Arrival Time",1,"Others","Weekday","FQ1_Year","2nd Quarter (Month)"
"4","Arizona","40200",1,1,1,1,0,1,1,19,"PIMA (19)",530,"TUCSON",3,"March",16,16,4,"Wednesday",2022,21,"9:00pm-9:59pm",44,"44","W GRANT RD","",6,"Local Street - Municipality",2,"Urban",3,"Principal Arterial - Other",4,"City or Municipal Highway Agency",0,"This section IS NOT on the NHS",0,"No Special Jurisdiction",0,"None",32.250275,32.250275,-110.97398056,-110.97398056,8,"Pedestrian",0,"The First Harmful Event was Not a Collision with a Motor Vehicle in Transport",0,"No",1,"Non-Junction",1,"Not an Intersection",1,"On Roadway",0,"None",3,"Dark - Lighted",1,"Clear",0,"No","0000000","Not Applicable",99,"Unknown",99,"Unknown",99,"Unknown EMS Scene Arrival Hour",99,"Unknown EMS Scene Arrival Minutes",88,"Not Applicable (Not Transported)",88,"Not Applicable (Not Transported)",1,"Others","Weekday","FQ1_Year","2nd Quarter (Month)"
"4","Arizona","40203",0,0,2,2,0,3,3,13,"MARICOPA (13)",370,"PHOENIX",3,"March",17,17,5,"Thursday",2022,21,"9:00pm-9:59pm",33,"33","W THOMAS RD","",6,"Local Street - Municipality",2,"Urban",4,"Minor Arterial",4,"City or Municipal Highway Agency",0,"This section IS NOT on the NHS",0,"No Special Jurisdiction",0,"None",33.47983056,33.47983056,-112.24379444,-112.24379444,12,"Motor Vehicle In-Transport",2,"Front-to-Front",0,"No",1,"Non-Junction",1,"Not an Intersection",1,"On Roadway",0,"None",3,"Dark - Lighted",1,"Clear",0,"No","0000000","Not Applicable",99,"Unknown",99,"Unknown",99,"Unknown EMS Scene Arrival Hour",99,"Unknown EMS Scene Arrival Minutes",88,"Not Applicable (Not Transported)",88,"Not Applicable (Not Transported)",2,"Others","Weekday","FQ1_Year","2nd Quarter (Month)"
"4","Arizona","40204",1,1,1,1,0,1,1,5,"COCONINO (5)",170,"FLAGSTAFF",3,"March",18,18,6,"Friday",2022,0,"0:00am-0:59am",5,"5","SR-40","",3,"State Highway",2,"Urban",3,"Principal Arterial - Other",1,"State Highway Agency",0,"This section IS NOT on the NHS",0,"No Special Jurisdiction",0,"None",35.21304444,35.21304444,-111.60051667,-111.60051667,8,"Pedestrian",0,"The First Harmful Event was Not a Collision with a Motor Vehicle in Transport",0,"No",1,"Non-Junction",1,"Not an Intersection",1,"On Roadway",0,"None",3,"Dark - Lighted",1,"Clear",0,"No","0000000","Not Applicable",99,"Unknown",99,"Unknown",99,"Unknown EMS Scene Arrival Hour",99,"Unknown EMS Scene Arrival Minutes",99,"Unknown",99,"Unknown EMS Hospital Arrival Time",1,"State Highway","Weekday","FQ1_Year","2nd Quarter (Month)"
"4","Arizona","40205",0,0,1,1,0,2,2,21,"PINAL (21)",70,"CASA GRANDE",3,"March",19,19,7,"Saturday",2022,4,"4:00am-4:59am",31,"31","W CLAYTON RD","",6,"Local Street - Municipality",1,"Rural",7,"Local",4,"City or Municipal Highway Agency",0,"This section IS NOT on the NHS",0,"No Special Jurisdiction",0,"None",32.89398889,32.89398889,-111.79288889,-111.79288889,35,"Embankment",0,"The First Harmful Event was Not a Collision with a Motor Vehicle in Transport",0,"No",1,"Non-Junction",1,"Not an Intersection",4,"On Roadside",0,"None",2,"Dark - Not Lighted",1,"Clear",0,"No","0000000","Not Applicable",4,"4:00am-4:59am",32,"32",4,"4:00am-4:59am",44,"44",99,"Unknown",99,"Unknown EMS Hospital Arrival Time",1,"Others","Weekend","FQ1_Year","2nd Quarter (Month)"
"4","Arizona","40206",2,2,1,1,0,1,1,19,"PIMA (19)",530,"TUCSON",3,"March",19,19,7,"Saturday",2022,9,"9:00am-9:59am",39,"39","E SUNRISE DR","",6,"Local Street - Municipality",2,"Urban",3,"Principal Arterial - Other",2,"County Highway Agency",0,"This section IS NOT on the NHS",0,"No Special Jurisdiction",0,"None",32.30819167,32.30819167,-110.90156111,-110.90156111,9,"Pedalcyclist",0,"The First Harmful Event was Not a Collision with a Motor Vehicle in Transport",0,"No",1,"Non-Junction",1,"Not an Intersection",4,"On Roadside",0,"None",1,"Daylight",1,"Clear",0,"No","0000000","Not Applicable",9,"9:00am-9:59am",39,"39",9,"9:00am-9:59am",52,"52",88,"Not Applicable (Not Transported)",88,"Not Applicable (Not Transported)",2,"Others","Weekend","FQ1_Year","2nd Quarter (Month)"
"4","Arizona","40208",0,0,1,1,0,1,1,21,"PINAL (21)",70,"CASA GRANDE",3,"March",20,20,1,"Sunday",2022,11,"11:00am-11:59am",46,"46","I-8","",1,"Interstate",1,"Rural",1,"Interstate",1,"State Highway Agency",1,"This section IS ON the NHS",0,"No Special Jurisdiction",1700,"1700",32.82789722,32.82789722,-111.81569167,-111.81569167,18,"Other Object (not fixed)",0,"The First Harmful Event was Not a Collision with a Motor Vehicle in Transport",0,"No",1,"Non-Junction",1,"Not an Intersection",1,"On Roadway",0,"None",1,"Daylight",1,"Clear",0,"No","0000000","Not Applicable",11,"11:00am-11:59am",15,"15",12,"12:00pm-12:59pm",1,"1",88,"Not Applicable (Not Transported)",88,"Not Applicable (Not Transported)",1,"State Highway","Weekend","FQ1_Year","2nd Quarter (Month)"
"4","Arizona","40210",0,0,1,1,0,2,2,3,"COCHISE (3)",40,"BENSON",3,"March",21,21,2,"Monday",2022,22,"10:00pm-10:59pm",44,"44","I-10","",1,"Interstate",1,"Rural",1,"Interstate",1,"State Highway Agency",1,"This section IS ON the NHS",0,"No Special Jurisdiction",3033,"3033",31.96770556,31.96770556,-110.33379722,-110.33379722,18,"Other Object (not fixed)",0,"The First Harmful Event was Not a Collision with a Motor Vehicle in Transport",0,"No",1,"Non-Junction",1,"Not an Intersection",4,"On Roadside",0,"None",2,"Dark - Not Lighted",1,"Clear",0,"No","0000000","Not Applicable",22,"10:00pm-10:59pm",45,"45",23,"11:00pm-11:59pm",38,"38",99,"Unknown",99,"Unknown EMS Hospital Arrival Time",1,"State Highway","Weekday","FQ1_Year","Last Quarter (Month)"
"4","Arizona","40211",1,1,1,1,0,2,2,13,"MARICOPA (13)",200,"GLENDALE",3,"March",22,22,3,"Tuesday",2022,14,"2:00pm-2:59pm",48,"48","N BALL PARK BLVD","",6,"Local Street - Municipality",2,"Urban",6,"Minor Collector",4,"City or Municipal Highway Agency",0,"This section IS NOT on the NHS",0,"No Special Jurisdiction",0,"None",33.51426667,33.51426667,-112.29878611,-112.29878611,9,"Pedalcyclist",0,"The First Harmful Event was Not a Collision with a Motor Vehicle in Transport",0,"No",1,"Non-Junction",1,"Not an Intersection",1,"On Roadway",0,"None",1,"Daylight",1,"Clear",0,"No","0000000","Not Applicable",99,"Unknown",99,"Unknown",99,"Unknown EMS Scene Arrival Hour",99,"Unknown EMS Scene Arrival Minutes",99,"Unknown",99,"Unknown EMS Hospital Arrival Time",1,"Others","Weekday","FQ1_Year","Last Quarter (Month)"
"4","Arizona","40213",1,1,1,1,0,2,2,13,"MARICOPA (13)",370,"PHOENIX",3,"March",23,23,4,"Wednesday",2022,1,"1:00am-1:59am",32,"32","SR-202","",3,"State Highway",2,"Urban",2,"Principal Arterial - Other Freeways and Expressways",1,"State Highway Agency",1,"This section IS ON the NHS",0,"No Special Jurisdiction",19,"19",33.45929722,33.45929722,-111.99476111,-111.99476111,9,"Pedalcyclist",0,"The First Harmful Event was Not a Collision with a Motor Vehicle in Transport",0,"No",1,"Non-Junction",1,"Not an Intersection",1,"On Roadway",0,"None",3,"Dark - Lighted",1,"Clear",0,"No","0000000","Not Applicable",1,"1:00am-1:59am",41,"41",1,"1:00am-1:59am",49,"49",88,"Not Applicable (Not Transported)",88,"Not Applicable (Not Transported)",1,"State Highway","Weekday","FQ1_Year","Last Quarter (Month)"
"4","Arizona","40214",0,0,2,2,0,3,3,13,"MARICOPA (13)",370,"PHOENIX",3,"March",23,23,4,"Wednesday",2022,6,"6:00am-6:59am",27,"27","W THOMAS RD","",6,"Local Street - Municipality",2,"Urban",4,"Minor Arterial",4,"City or Municipal Highway Agency",0,"This section IS NOT on the NHS",0,"No Special Jurisdiction",0,"None",33.48047222,33.48047222,-112.16561944,-112.16561944,12,"Motor Vehicle In-Transport",2,"Front-to-Front",0,"No",1,"Non-Junction",1,"Not an Intersection",1,"On Roadway",0,"None",1,"Daylight",1,"Clear",0,"No","0000000","Not Applicable",99,"Unknown",99,"Unknown",99,"Unknown EMS Scene Arrival Hour",99,"Unknown EMS Scene Arrival Minutes",99,"Unknown",99,"Unknown EMS Hospital Arrival Time",1,"Others","Weekday","FQ1_Year","Last Quarter (Month)"
"4","Arizona","40215",0,0,2,2,0,2,2,13,"MARICOPA (13)",0,"NOT APPLICABLE",3,"March",23,23,4,"Wednesday",2022,13,"1:00pm-1:59pm",48,"48","SR-74","",3,"State Highway",1,"Rural",3,"Principal Arterial - Other",1,"State Highway Agency",0,"This section IS NOT on the NHS",0,"No Special Jurisdiction",159,"159",33.83399722,33.83399722,-112.35644722,-112.35644722,12,"Motor Vehicle In-Transport",2,"Front-to-Front",0,"No",1,"Non-Junction",1,"Not an Intersection",1,"On Roadway",0,"None",1,"Daylight",1,"Clear",0,"No","0000000","Not Applicable",13,"1:00pm-1:59pm",53,"53",14,"2:00pm-2:59pm",8,"8",99,"Unknown",99,"Unknown EMS Hospital Arrival Time",1,"State Highway","Weekday","FQ1_Year","Last Quarter (Month)"
"4","Arizona","40223",1,1,1,1,0,1,1,13,"MARICOPA (13)",200,"GLENDALE",3,"March",26,26,7,"Saturday",2022,19,"7:00pm-7:59pm",55,"55","N 67TH AVE","",6,"Local Street - Municipality",2,"Urban",4,"Minor Arterial",4,"City or Municipal Highway Agency",0,"This section IS NOT on the NHS",0,"No Special Jurisdiction",0,"None",33.63615,33.63615,-112.20284722,-112.20284722,8,"Pedestrian",0,"The First Harmful Event was Not a Collision with a Motor Vehicle in Transport",0,"No",1,"Non-Junction",1,"Not an Intersection",1,"On Roadway",0,"None",3,"Dark - Lighted",1,"Clear",0,"No","0000000","Not Applicable",99,"Unknown",99,"Unknown",99,"Unknown EMS Scene Arrival Hour",99,"Unknown EMS Scene Arrival Minutes",99,"Unknown",99,"Unknown EMS Hospital Arrival Time",1,"Others","Weekend","FQ1_Year","Last Quarter (Month)"
"4","Arizona","40225",1,1,1,1,0,1,1,13,"MARICOPA (13)",30,"AVONDALE",3,"March",26,26,7,"Saturday",2022,21,"9:00pm-9:59pm",53,"53","W MCDOWELL RD","",6,"Local Street - Municipality",2,"Urban",4,"Minor Arterial",4,"City or Municipal Highway Agency",0,"This section IS NOT on the NHS",0,"No Special Jurisdiction",0,"None",33.46590833,33.46590833,-112.16851667,-112.16851667,8,"Pedestrian",0,"The First Harmful Event was Not a Collision with a Motor Vehicle in Transport",0,"No",1,"Non-Junction",1,"Not an Intersection",1,"On Roadway",0,"None",3,"Dark - Lighted",1,"Clear",0,"No","0000000","Not Applicable",99,"Unknown",99,"Unknown",99,"Unknown EMS Scene Arrival Hour",99,"Unknown EMS Scene Arrival Minutes",99,"Unknown",99,"Unknown EMS Hospital Arrival Time",1,"Others","Weekend","FQ1_Year","Last Quarter (Month)"
"4","Arizona","40229",1,1,1,1,0,1,1,5,"COCONINO (5)",0,"NOT APPLICABLE",3,"March",29,29,3,"Tuesday",2022,7,"7:00am-7:59am",39,"39","I-40","",1,"Interstate",1,"Rural",1,"Interstate",1,"State Highway Agency",1,"This section IS ON the NHS",0,"No Special Jurisdiction",2427,"2427",35.0759,35.0759,-110.86377778,-110.86377778,8,"Pedestrian",0,"The First Harmful Event was Not a Collision with a Motor Vehicle in Transport",0,"No",1,"Non-Junction",1,"Not an Intersection",1,"On Roadway",0,"None",2,"Dark - Not Lighted",1,"Clear",0,"No","0000000","Not Applicable",7,"7:00am-7:59am",46,"46",8,"8:00am-8:59am",7,"7",88,"Not Applicable (Not Transported)",88,"Not Applicable (Not Transported)",1,"State Highway","Weekday","FQ1_Year","Last Quarter (Month)"
"4","Arizona","40231",0,0,1,1,0,1,1,25,"YAVAPAI (25)",65,"CAMP VERDE",3,"March",30,30,4,"Wednesday",2022,10,"10:00am-10:59am",12,"12","SR-260","",3,"State Highway",1,"Rural",4,"Minor Arterial",1,"State Highway Agency",0,"This section IS NOT on the NHS",0,"No Special Jurisdiction",229,"229",34.50611389,34.50611389,-111.75898889,-111.75898889,35,"Embankment",0,"The First Harmful Event was Not a Collision with a Motor Vehicle in Transport",0,"No",1,"Non-Junction",1,"Not an Intersection",4,"On Roadside",0,"None",1,"Daylight",1,"Clear",0,"No","0000000","Not Applicable",10,"10:00am-10:59am",20,"20",10,"10:00am-10:59am",38,"38",88,"Not Applicable (Not Transported)",88,"Not Applicable (Not Transported)",1,"State Highway","Weekday","FQ1_Year","Last Quarter (Month)"
"4","Arizona","40236",1,1,1,1,0,1,1,13,"MARICOPA (13)",370,"PHOENIX",3,"March",30,30,4,"Wednesday",2022,20,"8:00pm-8:59pm",24,"24","N 51ST AVE","",6,"Local Street - Municipality",2,"Urban",3,"Principal Arterial - Other",4,"City or Municipal Highway Agency",1,"This section IS ON the NHS",0,"No Special Jurisdiction",0,"None",33.60159167,33.60159167,-112.16854167,-112.16854167,8,"Pedestrian",0,"The First Harmful Event was Not a Collision with a Motor Vehicle in Transport",0,"No",1,"Non-Junction",1,"Not an Intersection",1,"On Roadway",0,"None",3,"Dark - Lighted",1,"Clear",0,"No","0000000","Not Applicable",99,"Unknown",99,"Unknown",99,"Unknown EMS Scene Arrival Hour",99,"Unknown EMS Scene Arrival Minutes",99,"Unknown",99,"Unknown EMS Hospital Arrival Time",1,"Others","Weekday","FQ1_Year","Last Quarter (Month)"
"4","Arizona","40241",0,0,3,3,0,4,4,25,"YAVAPAI (25)",373,"PRESCOTT VALLEY",4,"April",1,1,6,"Friday",2022,16,"4:00pm-4:59pm",46,"46","SR-69","",3,"State Highway",2,"Urban",3,"Principal Arterial - Other",1,"State Highway Agency",1,"This section IS ON the NHS",0,"No Special Jurisdiction",208,"208",34.55405278,34.55405278,-112.25331667,-112.25331667,12,"Motor Vehicle In-Transport",2,"Front-to-Front",0,"No",1,"Non-Junction",1,"Not an Intersection",1,"On Roadway",0,"None",1,"Daylight",1,"Clear",0,"No","0000000","Not Applicable",16,"4:00pm-4:59pm",47,"47",16,"4:00pm-4:59pm",50,"50",88,"Not Applicable (Not Transported)",88,"Not Applicable (Not Transported)",1,"State Highway","Weekday","FQ1_Year","1st Quarter (Month)"
"4","Arizona","40243",1,1,1,1,0,1,1,13,"MARICOPA (13)",370,"PHOENIX",4,"April",1,1,6,"Friday",2022,21,"9:00pm-9:59pm",13,"13","N 16TH ST","",6,"Local Street - Municipality",2,"Urban",4,"Minor Arterial",4,"City or Municipal Highway Agency",0,"This section IS NOT on the NHS",0,"No Special Jurisdiction",166,"166",33.46066944,33.46066944,-112.04760278,-112.04760278,9,"Pedalcyclist",0,"The First Harmful Event was Not a Collision with a Motor Vehicle in Transport",0,"No",1,"Non-Junction",1,"Not an Intersection",1,"On Roadway",0,"None",3,"Dark - Lighted",1,"Clear",0,"No","0000000","Not Applicable",99,"Unknown",99,"Unknown",99,"Unknown EMS Scene Arrival Hour",99,"Unknown EMS Scene Arrival Minutes",99,"Unknown",99,"Unknown EMS Hospital Arrival Time",1,"Others","Weekday","FQ1_Year","1st Quarter (Month)"
"4","Arizona","40247",1,1,2,2,0,6,6,5,"COCONINO (5)",0,"NOT APPLICABLE",4,"April",3,3,1,"Sunday",2022,21,"9:00pm-9:59pm",18,"18","US-89","",2,"US Highway",2,"Urban",3,"Principal Arterial - Other",1,"State Highway Agency",1,"This section IS ON the NHS",0,"No Special Jurisdiction",26,"26",35.248025,35.248025,-111.56175278,-111.56175278,8,"Pedestrian",0,"The First Harmful Event was Not a Collision with a Motor Vehicle in Transport",0,"No",1,"Non-Junction",1,"Not an Intersection",1,"On Roadway",0,"None",2,"Dark - Not Lighted",1,"Clear",0,"No","0000000","Not Applicable",21,"9:00pm-9:59pm",17,"17",21,"9:00pm-9:59pm",20,"20",88,"Not Applicable (Not Transported)",88,"Not Applicable (Not Transported)",1,"US Highway","Weekend","FQ1_Year","1st Quarter (Month)"
"4","Arizona","40251",0,0,1,1,0,1,1,13,"MARICOPA (13)",420,"SCOTTSDALE",4,"April",5,5,3,"Tuesday",2022,18,"6:00pm-6:59pm",40,"40","N CAVE CRREK RD","",6,"Local Street - Municipality",1,"Rural",6,"Minor Collector",2,"County Highway Agency",0,"This section IS NOT on the NHS",0,"No Special Jurisdiction",288,"288",33.85030278,33.85030278,-111.83376389,-111.83376389,35,"Embankment",0,"The First Harmful Event was Not a Collision with a Motor Vehicle in Transport",0,"No",1,"Non-Junction",1,"Not an Intersection",4,"On Roadside",0,"None",1,"Daylight",1,"Clear",0,"No","0000000","Not Applicable",18,"6:00pm-6:59pm",40,"40",18,"6:00pm-6:59pm",44,"44",88,"Not Applicable (Not Transported)",88,"Not Applicable (Not Transported)",1,"Others","Weekday","FQ1_Year","1st Quarter (Month)"
"4","Arizona","40254",0,0,2,2,0,3,3,25,"YAVAPAI (25)",386,"PRESCOTT",4,"April",6,6,4,"Wednesday",2022,15,"3:00pm-3:59pm",8,"8","CR-WILLIAMSON VALLEY RD","",4,"County Road",2,"Urban",5,"Major Collector",2,"County Highway Agency",0,"This section IS NOT on the NHS",0,"No Special Jurisdiction",44,"44",34.62603056,34.62603056,-112.494925,-112.494925,12,"Motor Vehicle In-Transport",2,"Front-to-Front",0,"No",1,"Non-Junction",1,"Not an Intersection",1,"On Roadway",0,"None",1,"Daylight",1,"Clear",0,"No","0000000","Not Applicable",15,"3:00pm-3:59pm",8,"8",15,"3:00pm-3:59pm",10,"10",99,"Unknown",99,"Unknown EMS Hospital Arrival Time",1,"County Road","Weekday","FQ1_Year","1st Quarter (Month)"
"4","Arizona","40262",1,1,1,1,0,2,2,13,"MARICOPA (13)",290,"MESA",4,"April",8,8,6,"Friday",2022,19,"7:00pm-7:59pm",52,"52","E MAIN ST","",6,"Local Street - Municipality",2,"Urban",4,"Minor Arterial",4,"City or Municipal Highway Agency",0,"This section IS NOT on the NHS",0,"No Special Jurisdiction",97,"97",33.41550556,33.41550556,-111.7158,-111.7158,8,"Pedestrian",0,"The First Harmful Event was Not a Collision with a Motor Vehicle in Transport",0,"No",1,"Non-Junction",1,"Not an Intersection",1,"On Roadway",0,"None",3,"Dark - Lighted",1,"Clear",0,"No","0000000","Not Applicable",19,"7:00pm-7:59pm",52,"52",20,"8:00pm-8:59pm",0,"0",88,"Not Applicable (Not Transported)",88,"Not Applicable (Not Transported)",1,"Others","Weekday","FQ1_Year","1st Quarter (Month)"
"4","Arizona","40268",0,0,2,2,0,2,2,12,"LA PAZ (12)",0,"NOT APPLICABLE",4,"April",11,11,2,"Monday",2022,12,"12:00pm-12:59pm",40,"40","SR-72","",3,"State Highway",1,"Rural",4,"Minor Arterial",1,"State Highway Agency",0,"This section IS NOT on the NHS",0,"No Special Jurisdiction",190,"190",33.880475,33.880475,-113.94528056,-113.94528056,12,"Motor Vehicle In-Transport",2,"Front-to-Front",0,"No",1,"Non-Junction",1,"Not an Intersection",1,"On Roadway",0,"None",1,"Daylight",1,"Clear",0,"No","0000000","Not Applicable",12,"12:00pm-12:59pm",48,"48",12,"12:00pm-12:59pm",57,"57",99,"Unknown",99,"Unknown EMS Hospital Arrival Time",1,"State Highway","Weekday","FQ1_Year","2nd Quarter (Month)"
"4","Arizona","40276",0,0,1,1,0,2,2,21,"PINAL (21)",297,"MARICOPA WELLS",4,"April",14,14,5,"Thursday",2022,12,"12:00pm-12:59pm",53,"53","WHITE AND PARKER RD","",6,"Local Street - Municipality",2,"Urban",4,"Minor Arterial",4,"City or Municipal Highway Agency",0,"This section IS NOT on the NHS",0,"No Special Jurisdiction",108,"108",33.03651944,33.03651944,-111.99663889,-111.99663889,33,"Curb",0,"The First Harmful Event was Not a Collision with a Motor Vehicle in Transport",0,"No",1,"Non-Junction",1,"Not an Intersection",4,"On Roadside",0,"None",1,"Daylight",1,"Clear",0,"No","0000000","Not Applicable",11,"11:00am-11:59am",21,"21",11,"11:00am-11:59am",28,"28",88,"Not Applicable (Not Transported)",88,"Not Applicable (Not Transported)",2,"Others","Weekday","FQ1_Year","2nd Quarter (Month)"