"state","statename","st_case","peds","pernotmvit","ve_total","ve_forms","pvh_invl","persons","permvit","county","countyname","city","cityname","month","monthname","day","dayname","day_week","day_weekname","year","hour","hourname","minute","minutename","tway_id","tway_id2","route","routename","rur_urb","rur_urbname","func_sys","func_sysname","rd_owner","rd_ownername","nhs","nhsname","sp_jur","sp_jurname","milept","mileptname","latitude","latitudename","longitud","longitudname","harm_ev","harm_evname","man_coll","man_collname","reljct1","reljct1name","reljct2","reljct2name","typ_int","typ_intname","rel_road","rel_roadname","wrk_zone","wrk_zonename","lgt_cond","lgt_condname","weather","weathername","sch_bus","sch_busname","rail","railname","not_hour","not_hourname","not_min","not_minname","arr_hour","arr_hourname","arr_min","arr_minname","hosp_hr","hosp_hrname","hosp_mn","hosp_mnname","fatals","route_category","day_type","quarter_year","day_quarter"
"4","Arizona","40408",0,0,1,1,0,1,1,13,"MARICOPA (13)",370,"PHOENIX",5,"May",27,27,6,"Friday",2022,20,"8:00pm-8:59pm",29,"29","N METRO PKWY","",5,"Local Street - Township",2,"Urban",5,"Major Collector",4,"City or Municipal Highway Agency",0,"This section IS NOT on the NHS",0,"No Special Jurisdiction",7,"7",33.57151944,33.57151944,-112.12265,-112.12265,33,"Curb",0,"The First Harmful Event was Not a Collision with a Motor Vehicle in Transport",0,"No",1,"Non-Junction",1,"Not an Intersection",4,"On Roadside",0,"None",3,"Dark - Lighted",1,"Clear",0,"No","0000000","Not Applicable",99,"Unknown",99,"Unknown",99,"Unknown EMS Scene Arrival Hour",99,"Unknown EMS Scene Arrival Minutes",99,"Unknown",98,"Unknown if Transported",1,"Others","Weekday","SQ2_Year","Last Quarter (Month)"
"4","Arizona","40409",0,0,3,3,0,4,4,25,"YAVAPAI (25)",65,"CAMP VERDE",5,"May",28,28,7,"Saturday",2022,1,"1:00am-1:59am",8,"8","I-17","",1,"Interstate",1,"Rural",1,"Interstate",1,"State Highway Agency",1,"This section IS ON the NHS",0,"No Special Jurisdiction",1076,"1076",34.72142222,34.72142222,-111.72164167,-111.72164167,35,"Embankment",0,"The First Harmful Event was Not a Collision with a Motor Vehicle in Transport",0,"No",1,"Non-Junction",1,"Not an Intersection",3,"On Median",0,"None",2,"Dark - Not Lighted",1,"Clear",0,"No","0000000","Not Applicable",1,"1:00am-1:59am",11,"11",1,"1:00am-1:59am",29,"29",99,"Unknown",99,"Unknown EMS Hospital Arrival Time",1,"State Highway","Weekend","SQ2_Year","Last Quarter (Month)"
"4","Arizona","40416",0,0,1,1,0,1,1,13,"MARICOPA (13)",60,"BUCKEYE",3,"March",8,8,3,"Tuesday",2022,14,"2:00pm-2:59pm",10,"10","W SALOME HWY","",8,"Other",1,"Rural",6,"Minor Collector",2,"County Highway Agency",0,"This section IS NOT on the NHS",0,"No Special Jurisdiction",0,"None",33.45568056,33.45568056,-112.93465833,-112.93465833,1,"Rollover/Overturn",0,"The First Harmful Event was Not a Collision with a Motor Vehicle in Transport",0,"No",1,"Non-Junction",1,"Not an Intersection",4,"On Roadside",0,"None",1,"Daylight",1,"Clear",0,"No","0000000","Not Applicable",12,"12:00pm-12:59pm",32,"32",12,"12:00pm-12:59pm",42,"42",99,"Unknown",99,"Unknown EMS Hospital Arrival Time",1,"Others","Weekday","FQ1_Year","1st Quarter (Month)"
"4","Arizona","40417",0,0,1,1,0,1,1,13,"MARICOPA (13)",0,"NOT APPLICABLE",3,"March",11,11,6,"Friday",2022,13,"1:00pm-1:59pm",12,"12","SR-88","",3,"State Highway",1,"Rural",5,"Major Collector",2,"County Highway Agency",0,"This section IS NOT on the NHS",0,"No Special Jurisdiction",105,"105",33.502075,33.502075,-111.46160833,-111.46160833,1,"Rollover/Overturn",0,"The First Harmful Event was Not a Collision with a Motor Vehicle in Transport",0,"No",1,"Non-Junction",1,"Not an Intersection",4,"On Roadside",0,"None",1,"Daylight",1,"Clear",0,"No","0000000","Not Applicable",13,"1:00pm-1:59pm",11,"11",13,"1:00pm-1:59pm",30,"30",88,"Not Applicable (Not Transported)",88,"Not Applicable (Not Transported)",1,"State Highway","Weekday","FQ1_Year","2nd Quarter (Month)"
"4","Arizona","40419",0,0,1,1,0,1,1,13,"MARICOPA (13)",368,"PEORIA",3,"March",14,14,2,"Monday",2022,15,"3:00pm-3:59pm",4,"4","N 75TH AVE","",6,"Local Street - Municipality",2,"Urban",4,"Minor Arterial",4,"City or Municipal Highway Agency",0,"This section IS NOT on the NHS",0,"No Special Jurisdiction",0,"None",33.63261111,33.63261111,-112.21992222,-112.21992222,24,"Guardrail Face",0,"The First Harmful Event was Not a Collision with a Motor Vehicle in Transport",0,"No",1,"Non-Junction",1,"Not an Intersection",4,"On Roadside",0,"None",1,"Daylight",1,"Clear",0,"No","0000000","Not Applicable",99,"Unknown",99,"Unknown",99,"Unknown EMS Scene Arrival Hour",99,"Unknown EMS Scene Arrival Minutes",99,"Unknown",99,"Unknown EMS Hospital Arrival Time",1,"Others","Weekday","FQ1_Year","2nd Quarter (Month)"
"4","Arizona","40420",1,1,1,1,0,1,1,13,"MARICOPA (13)",370,"PHOENIX",3,"March",16,16,4,"Wednesday",2022,20,"8:00pm-8:59pm",46,"46","E BELL RD","",6,"Local Street - Municipality",2,"Urban",3,"Principal Arterial - Other",4,"City or Municipal Highway Agency",1,"This section IS ON the NHS",0,"No Special Jurisdiction",0,"None",33.64047222,33.64047222,-112.01949167,-112.01949167,8,"Pedestrian",0,"The First Harmful Event was Not a Collision with a Motor Vehicle in Transport",0,"No",1,"Non-Junction",1,"Not an Intersection",1,"On Roadway",0,"None",3,"Dark - Lighted",1,"Clear",0,"No","0000000","Not Applicable",99,"Unknown",99,"Unknown",99,"Unknown EMS Scene Arrival Hour",99,"Unknown EMS Scene Arrival Minutes",99,"Unknown",99,"Unknown EMS Hospital Arrival Time",1,"Others","Weekday","FQ1_Year","2nd Quarter (Month)"
"4","Arizona","40423",0,0,2,2,0,4,4,13,"MARICOPA (13)",370,"PHOENIX",3,"March",18,18,6,"Friday",2022,16,"4:00pm-4:59pm",27,"27","W BASELINE RD","",6,"Local Street - Municipality",2,"Urban",3,"Principal Arterial - Other",4,"City or Municipal Highway Agency",1,"This section IS ON the NHS",0,"No Special Jurisdiction",0,"None",33.37753889,33.37753889,-112.15849167,-112.15849167,12,"Motor Vehicle In-Transport",2,"Front-to-Front",0,"No",1,"Non-Junction",1,"Not an Intersection",1,"On Roadway",0,"None",3,"Dark - Lighted",1,"Clear",0,"No","0000000","Not Applicable",99,"Unknown",99,"Unknown",99,"Unknown EMS Scene Arrival Hour",99,"Unknown EMS Scene Arrival Minutes",99,"Unknown",99,"Unknown EMS Hospital Arrival Time",1,"Others","Weekday","FQ1_Year","2nd Quarter (Month)"
"4","Arizona","40428",1,1,1,1,0,1,1,13,"MARICOPA (13)",370,"PHOENIX",3,"March",27,27,1,"Sunday",2022,5,"5:00am-5:59am",21,"21","W VAN BUREN ST","",6,"Local Street - Municipality",2,"Urban",4,"Minor Arterial",4,"City or Municipal Highway Agency",0,"This section IS NOT on the NHS",0,"No Special Jurisdiction",0,"None",33.45143333,33.45143333,-112.13316667,-112.13316667,8,"Pedestrian",0,"The First Harmful Event was Not a Collision with a Motor Vehicle in Transport",0,"No",1,"Non-Junction",1,"Not an Intersection",1,"On Roadway",0,"None",3,"Dark - Lighted",1,"Clear",0,"No","0000000","Not Applicable",99,"Unknown",99,"Unknown",99,"Unknown EMS Scene Arrival Hour",99,"Unknown EMS Scene Arrival Minutes",88,"Not Applicable (Not Transported)",88,"Not Applicable (Not Transported)",1,"Others","Weekend","FQ1_Year","Last Quarter (Month)"
"4","Arizona","40430",1,1,2,2,0,2,2,13,"MARICOPA (13)",370,"PHOENIX",4,"April",5,5,3,"Tuesday",2022,1,"1:00am-1:59am",19,"19","N 43RD AVE","",6,"Local Street - Municipality",2,"Urban",4,"Minor Arterial",4,"City or Municipal Highway Agency",0,"This section IS NOT on the NHS",0,"No Special Jurisdiction",0,"None",33.53511667,33.53511667,-112.15156111,-112.15156111,8,"Pedestrian",0,"The First Harmful Event was Not a Collision with a Motor Vehicle in Transport",0,"No",1,"Non-Junction",1,"Not an Intersection",1,"On Roadway",0,"None",3,"Dark - Lighted",1,"Clear",0,"No","0000000","Not Applicable",99,"Unknown",99,"Unknown",99,"Unknown EMS Scene Arrival Hour",99,"Unknown EMS Scene Arrival Minutes",88,"Not Applicable (Not Transported)",88,"Not Applicable (Not Transported)",1,"Others","Weekday","FQ1_Year","1st Quarter (Month)"
"4","Arizona","40431",0,0,2,2,0,2,2,13,"MARICOPA (13)",370,"PHOENIX",6,"June",1,1,4,"Wednesday",2022,4,"4:00am-4:59am",10,"10","W NORTHERN AVE","",6,"Local Street - Municipality",2,"Urban",3,"Principal Arterial - Other",4,"City or Municipal Highway Agency",0,"This section IS NOT on the NHS",0,"No Special Jurisdiction",0,"None",33.55316944,33.55316944,-112.12646944,-112.12646944,12,"Motor Vehicle In-Transport",2,"Front-to-Front",0,"No",1,"Non-Junction",1,"Not an Intersection",1,"On Roadway",0,"None",3,"Dark - Lighted",1,"Clear",0,"No","0000000","Not Applicable",99,"Unknown",99,"Unknown",99,"Unknown EMS Scene Arrival Hour",99,"Unknown EMS Scene Arrival Minutes",99,"Unknown",99,"Unknown EMS Hospital Arrival Time",1,"Others","Weekday","SQ2_Year","1st Quarter (Month)"
"4","Arizona","40432",1,1,1,1,0,1,1,19,"PIMA (19)",295,"MARANA",6,"June",1,1,4,"Wednesday",2022,6,"6:00am-6:59am",28,"28","N COACHLINE BLVD","",5,"Local Street - Township",2,"Urban",5,"Major Collector",3,"Town or Township Highway Agency",0,"This section IS NOT on the NHS",0,"No Special Jurisdiction",0,"None",32.3863,32.3863,-111.12832778,-111.12832778,8,"Pedestrian",0,"The First Harmful Event was Not a Collision with a Motor Vehicle in Transport",0,"No",1,"Non-Junction",1,"Not an Intersection",1,"On Roadway",0,"None",1,"Daylight",1,"Clear",0,"No","0000000","Not Applicable",6,"6:00am-6:59am",33,"33",6,"6:00am-6:59am",41,"41",88,"Not Applicable (Not Transported)",88,"Not Applicable (Not Transported)",1,"Others","Weekday","SQ2_Year","1st Quarter (Month)"
"4","Arizona","40434",0,0,1,1,0,1,1,25,"YAVAPAI (25)",53,"BLACK CANYON CITY",6,"June",1,1,4,"Wednesday",2022,14,"2:00pm-2:59pm",38,"38","I-17","",1,"Interstate",1,"Rural",1,"Interstate",1,"State Highway Agency",1,"This section IS ON the NHS",0,"No Special Jurisdiction",500,"500",34.09081944,34.09081944,-112.14367778,-112.14367778,1,"Rollover/Overturn",0,"The First Harmful Event was Not a Collision with a Motor Vehicle in Transport",0,"No",1,"Non-Junction",1,"Not an Intersection",4,"On Roadside",0,"None",1,"Daylight",1,"Clear",0,"No","0000000","Not Applicable",14,"2:00pm-2:59pm",39,"39",14,"2:00pm-2:59pm",51,"51",88,"Not Applicable (Not Transported)",88,"Not Applicable (Not Transported)",1,"State Highway","Weekday","SQ2_Year","1st Quarter (Month)"
"4","Arizona","40437",0,0,2,2,0,2,2,19,"PIMA (19)",530,"TUCSON",6,"June",3,3,6,"Friday",2022,4,"4:00am-4:59am",12,"12","N CRAYCROFT RD","",6,"Local Street - Municipality",2,"Urban",3,"Principal Arterial - Other",2,"County Highway Agency",0,"This section IS NOT on the NHS",0,"No Special Jurisdiction",0,"None",32.28605556,32.28605556,-110.875525,-110.875525,12,"Motor Vehicle In-Transport",1,"Front-to-Rear",0,"No",1,"Non-Junction",1,"Not an Intersection",1,"On Roadway",0,"None",2,"Dark - Not Lighted",1,"Clear",0,"No","0000000","Not Applicable",4,"4:00am-4:59am",12,"12",4,"4:00am-4:59am",20,"20",88,"Not Applicable (Not Transported)",88,"Not Applicable (Not Transported)",1,"Others","Weekday","SQ2_Year","1st Quarter (Month)"
"4","Arizona","40440",0,0,1,1,0,1,1,5,"COCONINO (5)",0,"NOT APPLICABLE",6,"June",4,4,7,"Saturday",2022,16,"4:00pm-4:59pm",15,"15","SR-98","",3,"State Highway",1,"Rural",4,"Minor Arterial",1,"State Highway Agency",0,"This section IS NOT on the NHS",0,"No Special Jurisdiction",563,"563",36.56644444,36.56644444,-110.75898611,-110.75898611,41,"Shrubbery",0,"The First Harmful Event was Not a Collision with a Motor Vehicle in Transport",0,"No",1,"Non-Junction",1,"Not an Intersection",4,"On Roadside",0,"None",1,"Daylight",1,"Clear",0,"No","0000000","Not Applicable",16,"4:00pm-4:59pm",15,"15",16,"4:00pm-4:59pm",25,"25",88,"Not Applicable (Not Transported)",88,"Not Applicable (Not Transported)",1,"State Highway","Weekend","SQ2_Year","1st Quarter (Month)"
"4","Arizona","40443",2,2,2,2,0,1,1,13,"MARICOPA (13)",370,"PHOENIX",6,"June",5,5,1,"Sunday",2022,6,"6:00am-6:59am",4,"4","W MCDOWELL RD","",6,"Local Street - Municipality",2,"Urban",4,"Minor Arterial",4,"City or Municipal Highway Agency",0,"This section IS NOT on the NHS",0,"No Special Jurisdiction",0,"None",33.46591111,33.46591111,-112.19181944,-112.19181944,8,"Pedestrian",0,"The First Harmful Event was Not a Collision with a Motor Vehicle in Transport",0,"No",1,"Non-Junction",1,"Not an Intersection",1,"On Roadway",0,"None",1,"Daylight",1,"Clear",0,"No","0000000","Not Applicable",99,"Unknown",99,"Unknown",99,"Unknown EMS Scene Arrival Hour",99,"Unknown EMS Scene Arrival Minutes",99,"Unknown",99,"Unknown EMS Hospital Arrival Time",1,"Others","Weekend","SQ2_Year","1st Quarter (Month)"
"4","Arizona","40445",1,1,1,1,0,1,1,19,"PIMA (19)",295,"MARANA",6,"June",7,7,3,"Tuesday",2022,7,"7:00am-7:59am",28,"28","W TWIN PEAKS RD","",5,"Local Street - Township",1,"Rural",5,"Major Collector",3,"Town or Township Highway Agency",0,"This section IS NOT on the NHS",0,"No Special Jurisdiction",0,"None",32.38079167,32.38079167,-111.20852778,-111.20852778,9,"Pedalcyclist",0,"The First Harmful Event was Not a Collision with a Motor Vehicle in Transport",0,"No",1,"Non-Junction",1,"Not an Intersection",1,"On Roadway",0,"None",1,"Daylight",1,"Clear",0,"No","0000000","Not Applicable",7,"7:00am-7:59am",29,"29",7,"7:00am-7:59am",45,"45",88,"Not Applicable (Not Transported)",88,"Not Applicable (Not Transported)",1,"Others","Weekday","SQ2_Year","1st Quarter (Month)"
"4","Arizona","40446",0,0,1,1,0,1,1,13,"MARICOPA (13)",370,"PHOENIX",6,"June",10,10,6,"Friday",2022,22,"10:00pm-10:59pm",31,"31","N 7TH ST","",6,"Local Street - Municipality",2,"Urban",3,"Principal Arterial - Other",4,"City or Municipal Highway Agency",1,"This section IS ON the NHS",0,"No Special Jurisdiction",0,"None",33.59920278,33.59920278,-112.06541667,-112.06541667,33,"Curb",0,"The First Harmful Event was Not a Collision with a Motor Vehicle in Transport",0,"No",1,"Non-Junction",1,"Not an Intersection",4,"On Roadside",0,"None",3,"Dark - Lighted",1,"Clear",0,"No","0000000","Not Applicable",99,"Unknown",99,"Unknown",99,"Unknown EMS Scene Arrival Hour",99,"Unknown EMS Scene Arrival Minutes",99,"Unknown",99,"Unknown EMS Hospital Arrival Time",1,"Others","Weekday","SQ2_Year","1st Quarter (Month)"
"4","Arizona","40447",0,0,2,2,0,3,3,13,"MARICOPA (13)",370,"PHOENIX",6,"June",11,11,7,"Saturday",2022,10,"10:00am-10:59am",58,"58","SR-101","",3,"State Highway",2,"Urban",2,"Principal Arterial - Other Freeways and Expressways",1,"State Highway Agency",1,"This section IS ON the NHS",0,"No Special Jurisdiction",247,"247",33.66906667,33.66906667,-112.06613333,-112.06613333,12,"Motor Vehicle In-Transport",1,"Front-to-Rear",0,"No",1,"Non-Junction",1,"Not an Intersection",1,"On Roadway",0,"None",1,"Daylight",1,"Clear",0,"No","0000000","Not Applicable",11,"11:00am-11:59am",2,"2",11,"11:00am-11:59am",7,"7",99,"Unknown",99,"Unknown EMS Hospital Arrival Time",2,"State Highway","Weekend","SQ2_Year","2nd Quarter (Month)"
"4","Arizona","40449",0,0,2,2,0,2,2,13,"MARICOPA (13)",370,"PHOENIX",6,"June",11,11,7,"Saturday",2022,23,"11:00pm-11:59pm",52,"52","SR-51","",3,"State Highway",2,"Urban",2,"Principal Arterial - Other Freeways and Expressways",1,"State Highway Agency",1,"This section IS ON the NHS",0,"No Special Jurisdiction",66,"66",33.55390278,33.55390278,-112.03798889,-112.03798889,12,"Motor Vehicle In-Transport",2,"Front-to-Front",0,"No",1,"Non-Junction",1,"Not an Intersection",1,"On Roadway",0,"None",3,"Dark - Lighted",1,"Clear",0,"No","0000000","Not Applicable",23,"11:00pm-11:59pm",56,"56",0,"0:00am-0:59am",5,"5",99,"Unknown",99,"Unknown EMS Hospital Arrival Time",1,"State Highway","Weekend","SQ2_Year","2nd Quarter (Month)"
"4","Arizona","40456",1,1,1,1,0,2,2,13,"MARICOPA (13)",290,"MESA",6,"June",14,14,3,"Tuesday",2022,21,"9:00pm-9:59pm",0,"0","S POWER RD","",6,"Local Street - Municipality",2,"Urban",3,"Principal Arterial - Other",4,"City or Municipal Highway Agency",1,"This section IS ON the NHS",0,"No Special Jurisdiction",0,"None",33.38075,33.38075,-111.68773056,-111.68773056,8,"Pedestrian",0,"The First Harmful Event was Not a Collision with a Motor Vehicle in Transport",0,"No",1,"Non-Junction",1,"Not an Intersection",1,"On Roadway",0,"None",3,"Dark - Lighted",1,"Clear",0,"No","0000000","Not Applicable",21,"9:00pm-9:59pm",0,"0",99,"Unknown EMS Scene Arrival Hour",99,"Unknown EMS Scene Arrival Minutes",88,"Not Applicable (Not Transported)",88,"Not Applicable (Not Transported)",1,"Others","Weekday","SQ2_Year","2nd Quarter (Month)"
"4","Arizona","40459",0,0,1,1,0,1,1,21,"PINAL (21)",0,"NOT APPLICABLE",6,"June",16,16,5,"Thursday",2022,20,"8:00pm-8:59pm",8,"8","I-10","",1,"Interstate",1,"Rural",1,"Interstate",1,"State Highway Agency",1,"This section IS ON the NHS",0,"No Special Jurisdiction",1772,"1772",33.10356389,33.10356389,-111.83093333,-111.83093333,1,"Rollover/Overturn",0,"The First Harmful Event was Not a Collision with a Motor Vehicle in Transport",0,"No",1,"Non-Junction",1,"Not an Intersection",3,"On Median",0,"None",2,"Dark - Not Lighted",1,"Clear",0,"No","0000000","Not Applicable",20,"8:00pm-8:59pm",8,"8",20,"8:00pm-8:59pm",20,"20",88,"Not Applicable (Not Transported)",88,"Not Applicable (Not Transported)",1,"State Highway","Weekday","SQ2_Year","2nd Quarter (Month)"
"4","Arizona","40471",0,0,1,1,0,1,1,13,"MARICOPA (13)",290,"MESA",6,"June",25,25,7,"Saturday",2022,2,"2:00am-2:59am",18,"18","E UNIVERSITY DR","",8,"Other",2,"Urban",4,"Minor Arterial",4,"City or Municipal Highway Agency",0,"This section IS NOT on the NHS",0,"No Special Jurisdiction",203,"203",33.4223,33.4223,-111.664475,-111.664475,40,"Fire Hydrant",0,"The First Harmful Event was Not a Collision with a Motor Vehicle in Transport",0,"No",1,"Non-Junction",1,"Not an Intersection",4,"On Roadside",0,"None",3,"Dark - Lighted",1,"Clear",0,"No","0000000","Not Applicable",99,"Unknown",98,"Unknown if Notified",99,"Unknown EMS Scene Arrival Hour",98,"Unknown if Arrived",88,"Not Applicable (Not Transported)",88,"Not Applicable (Not Transported)",1,"Others","Weekend","SQ2_Year","Last Quarter (Month)"
"4","Arizona","40482",0,0,1,1,0,1,1,25,"YAVAPAI (25)",616,"YARNELL",6,"June",28,28,3,"Tuesday",2022,19,"7:00pm-7:59pm",34,"34","SR-89","",3,"State Highway",1,"Rural",4,"Minor Arterial",1,"State Highway Agency",0,"This section IS NOT on the NHS",0,"No Special Jurisdiction",180,"180",34.20909722,34.20909722,-112.75525,-112.75525,1,"Rollover/Overturn",0,"The First Harmful Event was Not a Collision with a Motor Vehicle in Transport",0,"No",1,"Non-Junction",1,"Not an Intersection",4,"On Roadside",0,"None",2,"Dark - Not Lighted",1,"Clear",0,"No","0000000","Not Applicable",19,"7:00pm-7:59pm",36,"36",19,"7:00pm-7:59pm",54,"54",88,"Not Applicable (Not Transported)",88,"Not Applicable (Not Transported)",1,"State Highway","Weekday","SQ2_Year","Last Quarter (Month)"
"4","Arizona","40485",0,0,1,1,0,1,1,21,"PINAL (21)",22,"APACHE JUNCTION",6,"June",29,29,4,"Wednesday",2022,13,"1:00pm-1:59pm",56,"56","EAST SCENIC STREET","",8,"Other",2,"Urban",7,"Local",4,"City or Municipal Highway Agency",0,"This section IS NOT on the NHS",0,"No Special Jurisdiction",8,"8",33.41873611,33.41873611,-111.529575,-111.529575,1,"Rollover/Overturn",0,"The First Harmful Event was Not a Collision with a Motor Vehicle in Transport",0,"No",1,"Non-Junction",1,"Not an Intersection",1,"On Roadway",0,"None",1,"Daylight",1,"Clear",0,"No","0000000","Not Applicable",13,"1:00pm-1:59pm",57,"57",14,"2:00pm-2:59pm",3,"3",99,"Unknown",99,"Unknown EMS Hospital Arrival Time",1,"Others","Weekday","SQ2_Year","Last Quarter (Month)"
"4","Arizona","40490",0,0,2,2,0,2,2,25,"YAVAPAI (25)",65,"CAMP VERDE",7,"July",1,1,6,"Friday",2022,10,"10:00am-10:59am",17,"17","SR-260","",3,"State Highway",2,"Urban",4,"Minor Arterial",1,"State Highway Agency",0,"This section IS NOT on the NHS",0,"No Special Jurisdiction",199,"199",34.53021944,34.53021944,-111.78521389,-111.78521389,12,"Motor Vehicle In-Transport",2,"Front-to-Front",0,"No",1,"Non-Junction",1,"Not an Intersection",1,"On Roadway",0,"None",1,"Daylight",1,"Clear",0,"No","0000000","Not Applicable",10,"10:00am-10:59am",17,"17",10,"10:00am-10:59am",26,"26",99,"Unknown",99,"Unknown EMS Hospital Arrival Time",1,"State Highway","Weekday","SQ2_Year","1st Quarter (Month)"
"4","Arizona","40493",0,0,1,1,0,1,1,5,"COCONINO (5)",336,"PAGE",7,"July",2,2,7,"Saturday",2022,23,"11:00pm-11:59pm",34,"34","NAVAJO DR","",6,"Local Street - Municipality",2,"Urban",5,"Major Collector",4,"City or Municipal Highway Agency",0,"This section IS NOT on the NHS",0,"No Special Jurisdiction",0,"None",36.92236944,36.92236944,-111.45713056,-111.45713056,33,"Curb",0,"The First Harmful Event was Not a Collision with a Motor Vehicle in Transport",0,"No",1,"Non-Junction",1,"Not an Intersection",4,"On Roadside",0,"None",2,"Dark - Not Lighted",1,"Clear",0,"No","0000000","Not Applicable",99,"Unknown",99,"Unknown",99,"Unknown EMS Scene Arrival Hour",99,"Unknown EMS Scene Arrival Minutes",88,"Not Applicable (Not Transported)",88,"Not Applicable (Not Transported)",1,"Others","Weekend","SQ2_Year","1st Quarter (Month)"
"4","Arizona","40494",0,0,2,2,0,3,3,21,"PINAL (21)",180,"FLORENCE",7,"July",3,3,1,"Sunday",2022,8,"8:00am-8:59am",24,"24","N HUNT HWY","",5,"Local Street - Township",1,"Rural",4,"Minor Arterial",3,"Town or Township Highway Agency",0,"This section IS NOT on the NHS",0,"No Special Jurisdiction",0,"None",33.077925,33.077925,-111.48755278,-111.48755278,12,"Motor Vehicle In-Transport",2,"Front-to-Front",0,"No",1,"Non-Junction",1,"Not an Intersection",1,"On Roadway",0,"None",1,"Daylight",1,"Clear",0,"No","0000000","Not Applicable",8,"8:00am-8:59am",7,"7",8,"8:00am-8:59am",12,"12",99,"Unknown",99,"Unknown EMS Hospital Arrival Time",1,"Others","Weekend","SQ2_Year","1st Quarter (Month)"
"4","Arizona","40497",0,0,2,2,0,4,4,19,"PIMA (19)",0,"NOT APPLICABLE",7,"July",4,4,2,"Monday",2022,9,"9:00am-9:59am",26,"26","SR-85","",3,"State Highway",1,"Rural",4,"Minor Arterial",1,"State Highway Agency",0,"This section IS NOT on the NHS",0,"No Special Jurisdiction",725,"725",31.97278611,31.97278611,-112.80607778,-112.80607778,18,"Other Object (not fixed)",0,"The First Harmful Event was Not a Collision with a Motor Vehicle in Transport",0,"No",1,"Non-Junction",1,"Not an Intersection",4,"On Roadside",0,"None",1,"Daylight",1,"Clear",0,"No","0000000","Not Applicable",9,"9:00am-9:59am",26,"26",9,"9:00am-9:59am",43,"43",99,"Unknown",99,"Unknown EMS Hospital Arrival Time",1,"State Highway","Weekday","SQ2_Year","1st Quarter (Month)"
"4","Arizona","40500",0,0,1,1,0,1,1,13,"MARICOPA (13)",290,"MESA",7,"July",5,5,3,"Tuesday",2022,20,"8:00pm-8:59pm",9,"9","N POWER RD","",6,"Local Street - Municipality",2,"Urban",3,"Principal Arterial - Other",4,"City or Municipal Highway Agency",1,"This section IS ON the NHS",0,"No Special Jurisdiction",0,"None",33.46708611,33.46708611,-111.68394444,-111.68394444,30,"Utility Pole/Light Support",0,"The First Harmful Event was Not a Collision with a Motor Vehicle in Transport",0,"No",1,"Non-Junction",1,"Not an Intersection",3,"On Median",0,"None",3,"Dark - Lighted",1,"Clear",0,"No","0000000","Not Applicable",20,"8:00pm-8:59pm",11,"11",20,"8:00pm-8:59pm",16,"16",88,"Not Applicable (Not Transported)",88,"Not Applicable (Not Transported)",1,"Others","Weekday","SQ2_Year","1st Quarter (Month)"
"4","Arizona","40502",0,0,1,1,0,1,1,13,"MARICOPA (13)",0,"NOT APPLICABLE",7,"July",7,7,5,"Thursday",2022,19,"7:00pm-7:59pm",28,"28","SR-87","",3,"State Highway",1,"Rural",3,"Principal Arterial - Other",1,"State Highway Agency",1,"This section IS ON the NHS",0,"No Special Jurisdiction",795,"795",33.58680556,33.58680556,-111.60292778,-111.60292778,1,"Rollover/Overturn",0,"The First Harmful Event was Not a Collision with a Motor Vehicle in Transport",0,"No",1,"Non-Junction",1,"Not an Intersection",4,"On Roadside",0,"None",5,"Dusk",1,"Clear",0,"No","0000000","Not Applicable",19,"7:00pm-7:59pm",30,"30",19,"7:00pm-7:59pm",43,"43",88,"Not Applicable (Not Transported)",88,"Not Applicable (Not Transported)",1,"State Highway","Weekday","SQ2_Year","1st Quarter (Month)"
"4","Arizona","40506",0,0,1,1,0,1,1,12,"LA PAZ (12)",0,"NOT APPLICABLE",7,"July",10,10,1,"Sunday",2022,6,"6:00am-6:59am",0,"0","I-10","",1,"Interstate",1,"Rural",1,"Interstate",1,"State Highway Agency",1,"This section IS ON the NHS",0,"No Special Jurisdiction",320,"320",33.65879444,33.65879444,-113.98845278,-113.98845278,24,"Guardrail Face",0,"The First Harmful Event was Not a Collision with a Motor Vehicle in Transport",0,"No",1,"Non-Junction",1,"Not an Intersection",4,"On Roadside",0,"None",4,"Dawn",1,"Clear",0,"No","0000000","Not Applicable",6,"6:00am-6:59am",0,"0",6,"6:00am-6:59am",11,"11",88,"Not Applicable (Not Transported)",88,"Not Applicable (Not Transported)",1,"State Highway","Weekend","SQ2_Year","1st Quarter (Month)"
"4","Arizona","40507",1,1,1,1,0,2,2,13,"MARICOPA (13)",370,"PHOENIX",7,"July",10,10,1,"Sunday",2022,6,"6:00am-6:59am",13,"13","W BASELINE RD","",6,"Local Street - Municipality",2,"Urban",4,"Minor Arterial",4,"City or Municipal Highway Agency",0,"This section IS NOT on the NHS",0,"No Special Jurisdiction",0,"None",33.37738889,33.37738889,-112.22054444,-112.22054444,8,"Pedestrian",0,"The First Harmful Event was Not a Collision with a Motor Vehicle in Transport",0,"No",1,"Non-Junction",1,"Not an Intersection",1,"On Roadway",0,"None",1,"Daylight",1,"Clear",0,"No","0000000","Not Applicable",99,"Unknown",99,"Unknown",99,"Unknown EMS Scene Arrival Hour",99,"Unknown EMS Scene Arrival Minutes",88,"Not Applicable (Not Transported)",88,"Not Applicable (Not Transported)",1,"Others","Weekend","SQ2_Year","1st Quarter (Month)"