"state","statename","st_case","peds","pernotmvit","ve_total","ve_forms","pvh_invl","persons","permvit","county","countyname","city","cityname","month","monthname","day","dayname","day_week","day_weekname","year","hour","hourname","minute","minutename","tway_id","tway_id2","route","routename","rur_urb","rur_urbname","func_sys","func_sysname","rd_owner","rd_ownername","nhs","nhsname","sp_jur","sp_jurname","milept","mileptname","latitude","latitudename","longitud","longitudname","harm_ev","harm_evname","man_coll","man_collname","reljct1","reljct1name","reljct2","reljct2name","typ_int","typ_intname","rel_road","rel_roadname","wrk_zone","wrk_zonename","lgt_cond","lgt_condname","weather","weathername","sch_bus","sch_busname","rail","railname","not_hour","not_hourname","not_min","not_minname","arr_hour","arr_hourname","arr_min","arr_minname","hosp_hr","hosp_hrname","hosp_mn","hosp_mnname","fatals","route_category","day_type","quarter_year","day_quarter"
"4","Arizona","40510",0,0,2,2,0,2,2,25,"YAVAPAI (25)",65,"CAMP VERDE",7,"July",15,15,6,"Friday",2022,16,"4:00pm-4:59pm",22,"22","SR-260","",3,"State Highway",2,"Urban",4,"Minor Arterial",1,"State Highway Agency",0,"This section IS NOT on the NHS",0,"No Special Jurisdiction",197,"197",34.53015556,34.53015556,-111.78896944,-111.78896944,12,"Motor Vehicle In-Transport",2,"Front-to-Front",0,"No",1,"Non-Junction",1,"Not an Intersection",1,"On Roadway",0,"None",1,"Daylight",1,"Clear",0,"No","0000000","Not Applicable",16,"4:00pm-4:59pm",22,"22",16,"4:00pm-4:59pm",31,"31",88,"Not Applicable (Not Transported)",88,"Not Applicable (Not Transported)",1,"State Highway","Weekday","SQ2_Year","2nd Quarter (Month)"
"4","Arizona","40514",0,0,1,1,0,2,2,15,"MOHAVE (15)",572,"WIKIEUP",7,"July",17,17,1,"Sunday",2022,14,"2:00pm-2:59pm",15,"15","US-93","",2,"US Highway",1,"Rural",3,"Principal Arterial - Other",1,"State Highway Agency",1,"This section IS ON the NHS",0,"No Special Jurisdiction",1406,"1406",34.56566667,34.56566667,-113.45843889,-113.45843889,43,"Other Fixed Object",0,"The First Harmful Event was Not a Collision with a Motor Vehicle in Transport",0,"No",1,"Non-Junction",1,"Not an Intersection",4,"On Roadside",0,"None",1,"Daylight",1,"Clear",0,"No","0000000","Not Applicable",14,"2:00pm-2:59pm",20,"20",15,"3:00pm-3:59pm",4,"4",99,"Unknown",99,"Unknown EMS Hospital Arrival Time",1,"US Highway","Weekend","SQ2_Year","2nd Quarter (Month)"
"4","Arizona","40518",0,0,1,1,0,1,1,13,"MARICOPA (13)",200,"GLENDALE",7,"July",20,20,4,"Wednesday",2022,0,"0:00am-0:59am",0,"0","N 75TH AVE","",6,"Local Street - Municipality",2,"Urban",4,"Minor Arterial",4,"City or Municipal Highway Agency",0,"This section IS NOT on the NHS",0,"No Special Jurisdiction",402,"402",33.64753056,33.64753056,-112.22033333,-112.22033333,33,"Curb",0,"The First Harmful Event was Not a Collision with a Motor Vehicle in Transport",0,"No",1,"Non-Junction",1,"Not an Intersection",3,"On Median",0,"None",3,"Dark - Lighted",1,"Clear",0,"No","0000000","Not Applicable",0,"0:00am-0:59am",37,"37",0,"0:00am-0:59am",41,"41",88,"Not Applicable (Not Transported)",88,"Not Applicable (Not Transported)",1,"Others","Weekday","SQ2_Year","2nd Quarter (Month)"
"4","Arizona","40537",0,0,2,2,0,3,3,13,"MARICOPA (13)",368,"PEORIA",7,"July",26,26,3,"Tuesday",2022,15,"3:00pm-3:59pm",15,"15","N 84TH AVE","",9,"Unknown",2,"Urban",5,"Major Collector",4,"City or Municipal Highway Agency",0,"This section IS NOT on the NHS",0,"No Special Jurisdiction",189,"189",33.63610833,33.63610833,-112.24201667,-112.24201667,12,"Motor Vehicle In-Transport",2,"Front-to-Front",0,"No",1,"Non-Junction",1,"Not an Intersection",1,"On Roadway",0,"None",1,"Daylight",1,"Clear",0,"No","0000000","Not Applicable",15,"3:00pm-3:59pm",15,"15",15,"3:00pm-3:59pm",22,"22",88,"Not Applicable (Not Transported)",88,"Not Applicable (Not Transported)",1,"Others","Weekday","SQ2_Year","Last Quarter (Month)"
"4","Arizona","40541",0,0,2,2,0,3,3,15,"MOHAVE (15)",260,"KINGMAN",7,"July",31,31,1,"Sunday",2022,1,"1:00am-1:59am",4,"4","SR-66","",3,"State Highway",1,"Rural",5,"Major Collector",1,"State Highway Agency",0,"This section IS NOT on the NHS",0,"No Special Jurisdiction",75,"75",35.30156111,35.30156111,-113.93014167,-113.93014167,12,"Motor Vehicle In-Transport",2,"Front-to-Front",0,"No",1,"Non-Junction",1,"Not an Intersection",1,"On Roadway",0,"None",2,"Dark - Not Lighted",1,"Clear",0,"No","0000000","Not Applicable",1,"1:00am-1:59am",5,"5",1,"1:00am-1:59am",55,"55",88,"Not Applicable (Not Transported)",88,"Not Applicable (Not Transported)",3,"State Highway","Weekend","SQ2_Year","Last Quarter (Month)"
"4","Arizona","40561",0,0,2,2,0,6,6,5,"COCONINO (5)",0,"NOT APPLICABLE",8,"August",6,6,7,"Saturday",2022,14,"2:00pm-2:59pm",26,"26","US-89","",2,"US Highway",1,"Rural",3,"Principal Arterial - Other",1,"State Highway Agency",1,"This section IS ON the NHS",0,"No Special Jurisdiction",400,"400",35.75820278,35.75820278,-111.46789167,-111.46789167,12,"Motor Vehicle In-Transport",2,"Front-to-Front",0,"No",1,"Non-Junction",1,"Not an Intersection",1,"On Roadway",0,"None",1,"Daylight",1,"Clear",0,"No","0000000","Not Applicable",14,"2:00pm-2:59pm",27,"27",15,"3:00pm-3:59pm",4,"4",99,"Unknown",99,"Unknown EMS Hospital Arrival Time",3,"US Highway","Weekend","SQ2_Year","1st Quarter (Month)"
"4","Arizona","40563",1,1,1,1,0,1,1,13,"MARICOPA (13)",370,"PHOENIX",8,"August",7,7,1,"Sunday",2022,19,"7:00pm-7:59pm",52,"52","N CAVE CREEK RD","",8,"Other",2,"Urban",3,"Principal Arterial - Other",4,"City or Municipal Highway Agency",0,"This section IS NOT on the NHS",0,"No Special Jurisdiction",35,"35",33.60999444,33.60999444,-112.03614444,-112.03614444,8,"Pedestrian",0,"The First Harmful Event was Not a Collision with a Motor Vehicle in Transport",0,"No",1,"Non-Junction",1,"Not an Intersection",1,"On Roadway",0,"None",3,"Dark - Lighted",1,"Clear",0,"No","0000000","Not Applicable",99,"Unknown",99,"Unknown",99,"Unknown EMS Scene Arrival Hour",99,"Unknown EMS Scene Arrival Minutes",99,"Unknown",99,"Unknown EMS Hospital Arrival Time",1,"Others","Weekend","SQ2_Year","1st Quarter (Month)"
"4","Arizona","40573",1,1,1,1,0,2,2,5,"COCONINO (5)",0,"NOT APPLICABLE",8,"August",11,11,5,"Thursday",2022,21,"9:00pm-9:59pm",49,"49","I-40","",1,"Interstate",1,"Rural",1,"Interstate",1,"State Highway Agency",1,"This section IS ON the NHS",0,"No Special Jurisdiction",2125,"2125",35.19153333,35.19153333,-111.38166111,-111.38166111,8,"Pedestrian",0,"The First Harmful Event was Not a Collision with a Motor Vehicle in Transport",0,"No",1,"Non-Junction",1,"Not an Intersection",1,"On Roadway",0,"None",2,"Dark - Not Lighted",1,"Clear",0,"No","0000000","Not Applicable",21,"9:00pm-9:59pm",52,"52",22,"10:00pm-10:59pm",5,"5",88,"Not Applicable (Not Transported)",88,"Not Applicable (Not Transported)",1,"State Highway","Weekday","SQ2_Year","2nd Quarter (Month)"
"4","Arizona","40576",1,1,1,1,0,1,1,13,"MARICOPA (13)",370,"PHOENIX",8,"August",10,10,4,"Wednesday",2022,21,"9:00pm-9:59pm",44,"44","W CAMELBACK RD","",6,"Local Street - Municipality",2,"Urban",4,"Minor Arterial",4,"City or Municipal Highway Agency",0,"This section IS NOT on the NHS",0,"No Special Jurisdiction",588,"588",33.50946389,33.50946389,-112.14340556,-112.14340556,9,"Pedalcyclist",0,"The First Harmful Event was Not a Collision with a Motor Vehicle in Transport",0,"No",1,"Non-Junction",1,"Not an Intersection",1,"On Roadway",0,"None",1,"Daylight",1,"Clear",0,"No","0000000","Not Applicable",99,"Unknown",99,"Unknown",99,"Unknown EMS Scene Arrival Hour",99,"Unknown EMS Scene Arrival Minutes",99,"Unknown",99,"Unknown EMS Hospital Arrival Time",1,"Others","Weekday","SQ2_Year","1st Quarter (Month)"
"4","Arizona","40579",0,0,1,1,0,1,1,13,"MARICOPA (13)",370,"PHOENIX",8,"August",13,13,7,"Saturday",2022,10,"10:00am-10:59am",17,"17","W GREENWAY PKWY","",8,"Other",2,"Urban",4,"Minor Arterial",4,"City or Municipal Highway Agency",0,"This section IS NOT on the NHS",0,"No Special Jurisdiction",10,"10",33.63236111,33.63236111,-112.08513333,-112.08513333,39,"Wall",0,"The First Harmful Event was Not a Collision with a Motor Vehicle in Transport",0,"No",1,"Non-Junction",1,"Not an Intersection",4,"On Roadside",0,"None",1,"Daylight",1,"Clear",0,"No","0000000","Not Applicable",99,"Unknown",99,"Unknown",99,"Unknown EMS Scene Arrival Hour",99,"Unknown EMS Scene Arrival Minutes",88,"Not Applicable (Not Transported)",88,"Not Applicable (Not Transported)",1,"Others","Weekend","SQ2_Year","2nd Quarter (Month)"
"4","Arizona","40590",1,1,1,1,0,1,1,13,"MARICOPA (13)",370,"PHOENIX",8,"August",18,18,5,"Thursday",2022,1,"1:00am-1:59am",37,"37","S 16TH ST","",6,"Local Street - Municipality",2,"Urban",4,"Minor Arterial",4,"City or Municipal Highway Agency",0,"This section IS NOT on the NHS",0,"No Special Jurisdiction",0,"None",33.39400833,33.39400833,-112.04727778,-112.04727778,8,"Pedestrian",0,"The First Harmful Event was Not a Collision with a Motor Vehicle in Transport",0,"No",1,"Non-Junction",1,"Not an Intersection",1,"On Roadway",0,"None",3,"Dark - Lighted",1,"Clear",0,"No","0000000","Not Applicable",99,"Unknown",99,"Unknown",99,"Unknown EMS Scene Arrival Hour",99,"Unknown EMS Scene Arrival Minutes",99,"Unknown",99,"Unknown EMS Hospital Arrival Time",1,"Others","Weekday","SQ2_Year","2nd Quarter (Month)"
"4","Arizona","40591",0,0,2,2,0,2,2,25,"YAVAPAI (25)",105,"CONGRESS",8,"August",18,18,5,"Thursday",2022,6,"6:00am-6:59am",42,"42","US-93","",2,"US Highway",1,"Rural",3,"Principal Arterial - Other",1,"State Highway Agency",1,"This section IS ON the NHS",0,"No Special Jurisdiction",1801,"1801",34.16243056,34.16243056,-113.006725,-113.006725,12,"Motor Vehicle In-Transport",2,"Front-to-Front",0,"No",1,"Non-Junction",1,"Not an Intersection",1,"On Roadway",0,"None",1,"Daylight",1,"Clear",0,"No","0000000","Not Applicable",6,"6:00am-6:59am",49,"49",7,"7:00am-7:59am",20,"20",88,"Not Applicable (Not Transported)",88,"Not Applicable (Not Transported)",1,"US Highway","Weekday","SQ2_Year","2nd Quarter (Month)"
"4","Arizona","40596",0,0,2,2,0,4,4,21,"PINAL (21)",0,"NOT APPLICABLE",8,"August",19,19,6,"Friday",2022,18,"6:00pm-6:59pm",11,"11","SR-238","",3,"State Highway",1,"Rural",4,"Minor Arterial",1,"State Highway Agency",0,"This section IS NOT on the NHS",0,"No Special Jurisdiction",109,"109",33.07209722,33.07209722,-112.20145278,-112.20145278,12,"Motor Vehicle In-Transport",2,"Front-to-Front",0,"No",1,"Non-Junction",1,"Not an Intersection",1,"On Roadway",0,"None",1,"Daylight",1,"Clear",0,"No","0000000","Not Applicable",18,"6:00pm-6:59pm",10,"10",18,"6:00pm-6:59pm",37,"37",99,"Unknown",99,"Unknown EMS Hospital Arrival Time",2,"State Highway","Weekday","SQ2_Year","2nd Quarter (Month)"
"4","Arizona","40618",0,0,1,1,0,1,1,25,"YAVAPAI (25)",0,"NOT APPLICABLE",9,"September",1,1,5,"Thursday",2022,13,"1:00pm-1:59pm",57,"57","US-93","",2,"US Highway",1,"Rural",3,"Principal Arterial - Other",1,"State Highway Agency",1,"This section IS ON the NHS",0,"No Special Jurisdiction",1500,"1500",34.46702222,34.46702222,-113.31015833,-113.31015833,17,"Boulder",0,"The First Harmful Event was Not a Collision with a Motor Vehicle in Transport",0,"No",1,"Non-Junction",1,"Not an Intersection",4,"On Roadside",0,"None",1,"Daylight",1,"Clear",0,"No","0000000","Not Applicable",14,"2:00pm-2:59pm",6,"6",14,"2:00pm-2:59pm",32,"32",88,"Not Applicable (Not Transported)",88,"Not Applicable (Not Transported)",1,"US Highway","Weekday","TQ3_Year","1st Quarter (Month)"
"4","Arizona","40646",1,1,1,1,0,1,1,13,"MARICOPA (13)",290,"MESA",9,"September",18,18,1,"Sunday",2022,19,"7:00pm-7:59pm",58,"58","E BROADWAY RD","",6,"Local Street - Municipality",2,"Urban",4,"Minor Arterial",4,"City or Municipal Highway Agency",0,"This section IS NOT on the NHS",0,"No Special Jurisdiction",0,"None",33.40779167,33.40779167,-111.81687222,-111.81687222,8,"Pedestrian",0,"The First Harmful Event was Not a Collision with a Motor Vehicle in Transport",0,"No",1,"Non-Junction",1,"Not an Intersection",1,"On Roadway",0,"None",3,"Dark - Lighted",1,"Clear",0,"No","0000000","Not Applicable",19,"7:00pm-7:59pm",58,"58",20,"8:00pm-8:59pm",2,"2",99,"Unknown",98,"Unknown if Transported",1,"Others","Weekend","TQ3_Year","2nd Quarter (Month)"
"4","Arizona","40653",0,0,1,1,0,2,2,19,"PIMA (19)",530,"TUCSON",9,"September",24,24,7,"Saturday",2022,9,"9:00am-9:59am",52,"52","N KINNEY RD","",6,"Local Street - Municipality",1,"Rural",5,"Major Collector",2,"County Highway Agency",0,"This section IS NOT on the NHS",0,"No Special Jurisdiction",0,"None",32.22440833,32.22440833,-111.13580833,-111.13580833,35,"Embankment",0,"The First Harmful Event was Not a Collision with a Motor Vehicle in Transport",0,"No",1,"Non-Junction",1,"Not an Intersection",4,"On Roadside",0,"None",1,"Daylight",1,"Clear",0,"No","0000000","Not Applicable",9,"9:00am-9:59am",58,"58",10,"10:00am-10:59am",8,"8",99,"Unknown",99,"Unknown EMS Hospital Arrival Time",1,"Others","Weekend","TQ3_Year","Last Quarter (Month)"
"4","Arizona","40654",1,1,2,2,0,3,3,21,"PINAL (21)",0,"NOT APPLICABLE",9,"September",24,24,7,"Saturday",2022,19,"7:00pm-7:59pm",20,"20","SR-347","",3,"State Highway",1,"Rural",3,"Principal Arterial - Other",1,"State Highway Agency",1,"This section IS ON the NHS",0,"No Special Jurisdiction",161,"161",33.10525,33.10525,-112.02721667,-112.02721667,8,"Pedestrian",0,"The First Harmful Event was Not a Collision with a Motor Vehicle in Transport",0,"No",1,"Non-Junction",1,"Not an Intersection",1,"On Roadway",0,"None",3,"Dark - Lighted",1,"Clear",0,"No","0000000","Not Applicable",19,"7:00pm-7:59pm",21,"21",19,"7:00pm-7:59pm",24,"24",88,"Not Applicable (Not Transported)",88,"Not Applicable (Not Transported)",1,"State Highway","Weekend","TQ3_Year","Last Quarter (Month)"
"4","Arizona","40656",0,0,1,1,0,1,1,13,"MARICOPA (13)",290,"MESA",9,"September",25,25,1,"Sunday",2022,5,"5:00am-5:59am",44,"44","W BASELINE RD","",6,"Local Street - Municipality",2,"Urban",4,"Minor Arterial",4,"City or Municipal Highway Agency",0,"This section IS NOT on the NHS",0,"No Special Jurisdiction",0,"None",33.37877222,33.37877222,-111.83546111,-111.83546111,39,"Wall",0,"The First Harmful Event was Not a Collision with a Motor Vehicle in Transport",0,"No",1,"Non-Junction",1,"Not an Intersection",4,"On Roadside",0,"None",4,"Dawn",1,"Clear",0,"No","0000000","Not Applicable",5,"5:00am-5:59am",44,"44",5,"5:00am-5:59am",51,"51",88,"Not Applicable (Not Transported)",88,"Not Applicable (Not Transported)",1,"Others","Weekend","TQ3_Year","Last Quarter (Month)"
"4","Arizona","40657",0,0,2,2,0,2,2,5,"COCONINO (5)",170,"FLAGSTAFF",9,"September",26,26,2,"Monday",2022,4,"4:00am-4:59am",4,"4","I-40","",1,"Interstate",1,"Rural",1,"Interstate",1,"State Highway Agency",1,"This section IS ON the NHS",0,"No Special Jurisdiction",2097,"2097",35.20303056,35.20303056,-111.41355833,-111.41355833,12,"Motor Vehicle In-Transport",2,"Front-to-Front",0,"No",1,"Non-Junction",1,"Not an Intersection",1,"On Roadway",0,"None",2,"Dark - Not Lighted",1,"Clear",0,"No","0000000","Not Applicable",4,"4:00am-4:59am",5,"5",4,"4:00am-4:59am",10,"10",88,"Not Applicable (Not Transported)",88,"Not Applicable (Not Transported)",1,"State Highway","Weekday","TQ3_Year","Last Quarter (Month)"
"4","Arizona","40662",0,0,1,1,0,1,1,17,"NAVAJO (17)",610,"WINSLOW",10,"October",1,1,7,"Saturday",2022,13,"1:00pm-1:59pm",22,"22","I-40","",1,"Interstate",1,"Rural",1,"Interstate",1,"State Highway Agency",1,"This section IS ON the NHS",0,"No Special Jurisdiction",2656,"2656",34.97254722,34.97254722,-110.50321389,-110.50321389,1,"Rollover/Overturn",0,"The First Harmful Event was Not a Collision with a Motor Vehicle in Transport",0,"No",1,"Non-Junction",1,"Not an Intersection",3,"On Median",0,"None",1,"Daylight",1,"Clear",0,"No","0000000","Not Applicable",13,"1:00pm-1:59pm",25,"25",13,"1:00pm-1:59pm",38,"38",88,"Not Applicable (Not Transported)",88,"Not Applicable (Not Transported)",1,"State Highway","Weekend","TQ3_Year","1st Quarter (Month)"
"4","Arizona","40664",1,1,1,1,0,1,1,13,"MARICOPA (13)",370,"PHOENIX",10,"October",2,2,1,"Sunday",2022,2,"2:00am-2:59am",37,"37","W BELL RD","",6,"Local Street - Municipality",2,"Urban",3,"Principal Arterial - Other",4,"City or Municipal Highway Agency",1,"This section IS ON the NHS",0,"No Special Jurisdiction",0,"None",33.639375,33.639375,-112.14958611,-112.14958611,33,"Curb",0,"The First Harmful Event was Not a Collision with a Motor Vehicle in Transport",0,"No",1,"Non-Junction",1,"Not an Intersection",3,"On Median",0,"None",3,"Dark - Lighted",1,"Clear",0,"No","0000000","Not Applicable",99,"Unknown",99,"Unknown",99,"Unknown EMS Scene Arrival Hour",99,"Unknown EMS Scene Arrival Minutes",99,"Unknown",99,"Unknown EMS Hospital Arrival Time",1,"Others","Weekend","TQ3_Year","1st Quarter (Month)"
"4","Arizona","40665",0,0,1,1,0,1,1,13,"MARICOPA (13)",388,"QUEEN CREEK",10,"October",2,2,1,"Sunday",2022,15,"3:00pm-3:59pm",52,"52","HUNT HWY","",6,"Local Street - Municipality",2,"Urban",4,"Minor Arterial",2,"County Highway Agency",0,"This section IS NOT on the NHS",0,"No Special Jurisdiction",0,"None",33.20465833,33.20465833,-111.70570833,-111.70570833,30,"Utility Pole/Light Support",0,"The First Harmful Event was Not a Collision with a Motor Vehicle in Transport",0,"No",1,"Non-Junction",1,"Not an Intersection",4,"On Roadside",0,"None",1,"Daylight",1,"Clear",0,"No","0000000","Not Applicable",15,"3:00pm-3:59pm",52,"52",16,"4:00pm-4:59pm",0,"0",88,"Not Applicable (Not Transported)",88,"Not Applicable (Not Transported)",1,"Others","Weekend","TQ3_Year","1st Quarter (Month)"
"4","Arizona","40667",0,0,2,2,0,2,2,13,"MARICOPA (13)",200,"GLENDALE",10,"October",2,2,1,"Sunday",2022,22,"10:00pm-10:59pm",38,"38","SR-101","",3,"State Highway",2,"Urban",2,"Principal Arterial - Other Freeways and Expressways",1,"State Highway Agency",1,"This section IS ON the NHS",0,"No Special Jurisdiction",157,"157",33.66778889,33.66778889,-112.21196111,-112.21196111,1,"Rollover/Overturn",0,"The First Harmful Event was Not a Collision with a Motor Vehicle in Transport",0,"No",1,"Non-Junction",1,"Not an Intersection",1,"On Roadway",0,"None",3,"Dark - Lighted",1,"Clear",0,"No","0000000","Not Applicable",22,"10:00pm-10:59pm",40,"40",22,"10:00pm-10:59pm",44,"44",88,"Not Applicable (Not Transported)",88,"Not Applicable (Not Transported)",1,"State Highway","Weekend","TQ3_Year","1st Quarter (Month)"
"4","Arizona","40672",0,0,2,2,0,2,2,21,"PINAL (21)",160,"ELOY",10,"October",5,5,4,"Wednesday",2022,21,"9:00pm-9:59pm",4,"4","SR-87","",3,"State Highway",1,"Rural",4,"Minor Arterial",2,"County Highway Agency",0,"This section IS NOT on the NHS",0,"No Special Jurisdiction",0,"None",32.81765278,32.81765278,-111.66080833,-111.66080833,12,"Motor Vehicle In-Transport",2,"Front-to-Front",0,"No",1,"Non-Junction",1,"Not an Intersection",1,"On Roadway",0,"None",2,"Dark - Not Lighted",1,"Clear",0,"No","0000000","Not Applicable",21,"9:00pm-9:59pm",4,"4",21,"9:00pm-9:59pm",10,"10",99,"Unknown",99,"Unknown EMS Hospital Arrival Time",1,"State Highway","Weekday","TQ3_Year","1st Quarter (Month)"
"4","Arizona","40673",0,0,2,2,0,6,6,13,"MARICOPA (13)",525,"TONOPAH",10,"October",6,6,5,"Thursday",2022,2,"2:00am-2:59am",54,"54","I-10","",1,"Interstate",1,"Rural",1,"Interstate",1,"State Highway Agency",1,"This section IS ON the NHS",0,"No Special Jurisdiction",990,"990",33.47935833,33.47935833,-112.85684167,-112.85684167,12,"Motor Vehicle In-Transport",1,"Front-to-Rear",0,"No",1,"Non-Junction",1,"Not an Intersection",1,"On Roadway",0,"None",2,"Dark - Not Lighted",1,"Clear",0,"No","0000000","Not Applicable",2,"2:00am-2:59am",55,"55",3,"3:00am-3:59am",10,"10",99,"Unknown",99,"Unknown EMS Hospital Arrival Time",2,"State Highway","Weekday","TQ3_Year","1st Quarter (Month)"
"4","Arizona","40692",0,0,2,2,0,2,2,25,"YAVAPAI (25)",0,"NOT APPLICABLE",10,"October",19,19,4,"Wednesday",2022,23,"11:00pm-11:59pm",6,"6","SR-179","",3,"State Highway",1,"Rural",3,"Principal Arterial - Other",1,"State Highway Agency",1,"This section IS ON the NHS",0,"No Special Jurisdiction",21,"21",34.70734444,34.70734444,-111.77305278,-111.77305278,12,"Motor Vehicle In-Transport",2,"Front-to-Front",0,"No",1,"Non-Junction",1,"Not an Intersection",1,"On Roadway",0,"None",2,"Dark - Not Lighted",1,"Clear",0,"No","0000000","Not Applicable",23,"11:00pm-11:59pm",9,"9",23,"11:00pm-11:59pm",16,"16",88,"Not Applicable (Not Transported)",88,"Not Applicable (Not Transported)",2,"State Highway","Weekday","TQ3_Year","2nd Quarter (Month)"
"4","Arizona","40694",1,1,1,1,0,2,2,13,"MARICOPA (13)",370,"PHOENIX",10,"October",20,20,5,"Thursday",2022,11,"11:00am-11:59am",56,"56","19 TH AVE","",6,"Local Street - Municipality",2,"Urban",4,"Minor Arterial",4,"City or Municipal Highway Agency",0,"This section IS NOT on the NHS",0,"No Special Jurisdiction",207,"207",33.60325278,33.60325278,-112.09960556,-112.09960556,8,"Pedestrian",0,"The First Harmful Event was Not a Collision with a Motor Vehicle in Transport",0,"No",1,"Non-Junction",1,"Not an Intersection",1,"On Roadway",0,"None",1,"Daylight",1,"Clear",0,"No","0000000","Not Applicable",99,"Unknown",99,"Unknown",99,"Unknown EMS Scene Arrival Hour",99,"Unknown EMS Scene Arrival Minutes",99,"Unknown",99,"Unknown EMS Hospital Arrival Time",1,"Others","Weekday","TQ3_Year","2nd Quarter (Month)"
"4","Arizona","40695",0,0,2,2,0,2,2,5,"COCONINO (5)",0,"NOT APPLICABLE",10,"October",20,20,5,"Thursday",2022,19,"7:00pm-7:59pm",47,"47","US-89","",2,"US Highway",1,"Rural",3,"Principal Arterial - Other",1,"State Highway Agency",1,"This section IS ON the NHS",0,"No Special Jurisdiction",800,"800",36.31082778,36.31082778,-111.46810278,-111.46810278,12,"Motor Vehicle In-Transport",2,"Front-to-Front",0,"No",1,"Non-Junction",1,"Not an Intersection",1,"On Roadway",0,"None",3,"Dark - Lighted",1,"Clear",0,"No","0000000","Not Applicable",19,"7:00pm-7:59pm",51,"51",19,"7:00pm-7:59pm",55,"55",99,"Unknown",99,"Unknown EMS Hospital Arrival Time",1,"US Highway","Weekday","TQ3_Year","2nd Quarter (Month)"
"4","Arizona","40702",1,1,1,1,0,1,1,19,"PIMA (19)",530,"TUCSON",10,"October",29,29,7,"Saturday",2022,1,"1:00am-1:59am",30,"30","I-10","",1,"Interstate",2,"Urban",1,"Interstate",1,"State Highway Agency",1,"This section IS ON the NHS",0,"No Special Jurisdiction",2536,"2536",32.28053611,32.28053611,-111.01813611,-111.01813611,8,"Pedestrian",0,"The First Harmful Event was Not a Collision with a Motor Vehicle in Transport",0,"No",1,"Non-Junction",1,"Not an Intersection",1,"On Roadway",0,"None",3,"Dark - Lighted",1,"Clear",0,"No","0000000","Not Applicable",1,"1:00am-1:59am",33,"33",1,"1:00am-1:59am",45,"45",88,"Not Applicable (Not Transported)",88,"Not Applicable (Not Transported)",1,"State Highway","Weekend","TQ3_Year","Last Quarter (Month)"
"4","Arizona","40703",0,0,1,1,0,1,1,13,"MARICOPA (13)",0,"NOT APPLICABLE",10,"October",29,29,7,"Saturday",2022,16,"4:00pm-4:59pm",9,"9","SR-88 APACHE TRL","",3,"State Highway",1,"Rural",5,"Major Collector",1,"State Highway Agency",0,"This section IS NOT on the NHS",0,"No Special Jurisdiction",179,"179",33.52984167,33.52984167,-111.40589444,-111.40589444,18,"Other Object (not fixed)",0,"The First Harmful Event was Not a Collision with a Motor Vehicle in Transport",0,"No",1,"Non-Junction",1,"Not an Intersection",4,"On Roadside",0,"None",1,"Daylight",1,"Clear",0,"No","0000000","Not Applicable",16,"4:00pm-4:59pm",11,"11",16,"4:00pm-4:59pm",40,"40",88,"Not Applicable (Not Transported)",88,"Not Applicable (Not Transported)",1,"State Highway","Weekend","TQ3_Year","Last Quarter (Month)"
"4","Arizona","40704",0,0,2,2,0,3,3,13,"MARICOPA (13)",0,"NOT APPLICABLE",10,"October",30,30,1,"Sunday",2022,7,"7:00am-7:59am",25,"25","SR-85","",3,"State Highway",1,"Rural",3,"Principal Arterial - Other",1,"State Highway Agency",1,"This section IS ON the NHS",0,"No Special Jurisdiction",21,"21",32.97085833,32.97085833,-112.67297778,-112.67297778,12,"Motor Vehicle In-Transport",2,"Front-to-Front",0,"No",1,"Non-Junction",1,"Not an Intersection",1,"On Roadway",0,"None",1,"Daylight",1,"Clear",0,"No","0000000","Not Applicable",7,"7:00am-7:59am",30,"30",7,"7:00am-7:59am",43,"43",88,"Not Applicable (Not Transported)",88,"Not Applicable (Not Transported)",1,"State Highway","Weekend","TQ3_Year","Last Quarter (Month)"
"4","Arizona","40708",1,1,1,1,0,2,2,19,"PIMA (19)",295,"MARANA",10,"October",21,21,6,"Friday",2022,19,"7:00pm-7:59pm",55,"55","AVRA VALLEY RD","",6,"Local Street - Municipality",1,"Rural",5,"Major Collector",4,"City or Municipal Highway Agency",0,"This section IS NOT on the NHS",0,"No Special Jurisdiction",152,"152",32.3952,32.3952,-111.25211944,-111.25211944,8,"Pedestrian",0,"The First Harmful Event was Not a Collision with a Motor Vehicle in Transport",0,"No",1,"Non-Junction",1,"Not an Intersection",1,"On Roadway",0,"None",2,"Dark - Not Lighted",1,"Clear",0,"No","0000000","Not Applicable",19,"7:00pm-7:59pm",57,"57",20,"8:00pm-8:59pm",5,"5",88,"Not Applicable (Not Transported)",88,"Not Applicable (Not Transported)",1,"Others","Weekday","TQ3_Year","Last Quarter (Month)"
"4","Arizona","40711",0,0,1,1,0,1,1,27,"YUMA (27)",0,"NOT APPLICABLE",10,"October",23,23,1,"Sunday",2022,10,"10:00am-10:59am",14,"14","I-8","",1,"Interstate",1,"Rural",1,"Interstate",1,"State Highway Agency",1,"This section IS ON the NHS",0,"No Special Jurisdiction",720,"720",32.82124722,32.82124722,-113.46718056,-113.46718056,41,"Shrubbery",0,"The First Harmful Event was Not a Collision with a Motor Vehicle in Transport",0,"No",1,"Non-Junction",1,"Not an Intersection",4,"On Roadside",0,"None",1,"Daylight",1,"Clear",0,"No","0000000","Not Applicable",10,"10:00am-10:59am",14,"14",10,"10:00am-10:59am",45,"45",88,"Not Applicable (Not Transported)",88,"Not Applicable (Not Transported)",1,"State Highway","Weekend","TQ3_Year","Last Quarter (Month)"