"state","statename","st_case","peds","pernotmvit","ve_total","ve_forms","pvh_invl","persons","permvit","county","countyname","city","cityname","month","monthname","day","dayname","day_week","day_weekname","year","hour","hourname","minute","minutename","tway_id","tway_id2","route","routename","rur_urb","rur_urbname","func_sys","func_sysname","rd_owner","rd_ownername","nhs","nhsname","sp_jur","sp_jurname","milept","mileptname","latitude","latitudename","longitud","longitudname","harm_ev","harm_evname","man_coll","man_collname","reljct1","reljct1name","reljct2","reljct2name","typ_int","typ_intname","rel_road","rel_roadname","wrk_zone","wrk_zonename","lgt_cond","lgt_condname","weather","weathername","sch_bus","sch_busname","rail","railname","not_hour","not_hourname","not_min","not_minname","arr_hour","arr_hourname","arr_min","arr_minname","hosp_hr","hosp_hrname","hosp_mn","hosp_mnname","fatals","route_category","day_type","quarter_year","day_quarter"
"4","Arizona","40729",1,1,1,1,0,1,1,13,"MARICOPA (13)",370,"PHOENIX",3,"March",20,20,1,"Sunday",2022,1,"1:00am-1:59am",40,"40","S 67TH AVE","",6,"Local Street - Municipality",2,"Urban",4,"Minor Arterial",4,"City or Municipal Highway Agency",0,"This section IS NOT on the NHS",0,"No Special Jurisdiction",0,"None",33.43063889,33.43063889,-112.20388056,-112.20388056,8,"Pedestrian",0,"The First Harmful Event was Not a Collision with a Motor Vehicle in Transport",0,"No",1,"Non-Junction",1,"Not an Intersection",1,"On Roadway",0,"None",2,"Dark - Not Lighted",1,"Clear",0,"No","0000000","Not Applicable",99,"Unknown",99,"Unknown",99,"Unknown EMS Scene Arrival Hour",99,"Unknown EMS Scene Arrival Minutes",99,"Unknown",99,"Unknown EMS Hospital Arrival Time",1,"Others","Weekend","FQ1_Year","2nd Quarter (Month)"
"4","Arizona","40730",0,0,1,1,0,1,1,13,"MARICOPA (13)",370,"PHOENIX",3,"March",20,20,1,"Sunday",2022,17,"5:00pm-5:59pm",10,"10","N PALOMA PKWY","",6,"Local Street - Municipality",2,"Urban",5,"Major Collector",4,"City or Municipal Highway Agency",0,"This section IS NOT on the NHS",0,"No Special Jurisdiction",0,"None",33.77090556,33.77090556,-112.1013,-112.1013,33,"Curb",0,"The First Harmful Event was Not a Collision with a Motor Vehicle in Transport",0,"No",1,"Non-Junction",1,"Not an Intersection",4,"On Roadside",0,"None",1,"Daylight",1,"Clear",0,"No","0000000","Not Applicable",99,"Unknown",99,"Unknown",99,"Unknown EMS Scene Arrival Hour",99,"Unknown EMS Scene Arrival Minutes",99,"Unknown",99,"Unknown EMS Hospital Arrival Time",1,"Others","Weekend","FQ1_Year","2nd Quarter (Month)"
"4","Arizona","40736",0,0,1,1,0,1,1,13,"MARICOPA (13)",370,"PHOENIX",3,"March",29,29,3,"Tuesday",2022,19,"7:00pm-7:59pm",32,"32","N 16TH ST","",6,"Local Street - Municipality",2,"Urban",4,"Minor Arterial",4,"City or Municipal Highway Agency",0,"This section IS NOT on the NHS",0,"No Special Jurisdiction",0,"None",33.42618333,33.42618333,-112.04782778,-112.04782778,17,"Boulder",0,"The First Harmful Event was Not a Collision with a Motor Vehicle in Transport",0,"No",1,"Non-Junction",1,"Not an Intersection",3,"On Median",0,"None",3,"Dark - Lighted",1,"Clear",0,"No","0000000","Not Applicable",99,"Unknown",99,"Unknown",99,"Unknown EMS Scene Arrival Hour",99,"Unknown EMS Scene Arrival Minutes",99,"Unknown",99,"Unknown EMS Hospital Arrival Time",1,"Others","Weekday","FQ1_Year","Last Quarter (Month)"
"4","Arizona","40748",0,0,1,1,0,1,1,3,"COCHISE (3)",431,"SIERRA VISTA",5,"May",10,10,3,"Tuesday",2022,13,"1:00pm-1:59pm",41,"41","KACHINA TRL","",6,"Local Street - Municipality",2,"Urban",5,"Major Collector",2,"County Highway Agency",0,"This section IS NOT on the NHS",0,"No Special Jurisdiction",0,"None",31.49635556,31.49635556,-110.26087778,-110.26087778,39,"Wall",0,"The First Harmful Event was Not a Collision with a Motor Vehicle in Transport",0,"No",1,"Non-Junction",1,"Not an Intersection",4,"On Roadside",0,"None",1,"Daylight",1,"Clear",0,"No","0000000","Not Applicable",13,"1:00pm-1:59pm",43,"43",13,"1:00pm-1:59pm",46,"46",88,"Not Applicable (Not Transported)",88,"Not Applicable (Not Transported)",1,"Others","Weekday","SQ2_Year","1st Quarter (Month)"
"4","Arizona","40749",1,1,1,1,0,1,1,13,"MARICOPA (13)",370,"PHOENIX",5,"May",17,17,3,"Tuesday",2022,19,"7:00pm-7:59pm",45,"45","N 51ST AVE","",6,"Local Street - Municipality",2,"Urban",3,"Principal Arterial - Other",4,"City or Municipal Highway Agency",1,"This section IS ON the NHS",0,"No Special Jurisdiction",0,"None",33.50697222,33.50697222,-112.16891667,-112.16891667,9,"Pedalcyclist",0,"The First Harmful Event was Not a Collision with a Motor Vehicle in Transport",0,"No",1,"Non-Junction",1,"Not an Intersection",1,"On Roadway",0,"None",3,"Dark - Lighted",1,"Clear",0,"No","0000000","Not Applicable",99,"Unknown",99,"Unknown",99,"Unknown EMS Scene Arrival Hour",99,"Unknown EMS Scene Arrival Minutes",99,"Unknown",99,"Unknown EMS Hospital Arrival Time",1,"Others","Weekday","SQ2_Year","2nd Quarter (Month)"
"4","Arizona","40751",0,0,2,2,0,3,3,17,"NAVAJO (17)",253,"KAYENTA",5,"May",26,26,5,"Thursday",2022,0,"0:00am-0:59am",34,"34","US-163","",2,"US Highway",1,"Rural",5,"Major Collector",1,"State Highway Agency",0,"This section IS NOT on the NHS",0,"No Special Jurisdiction",0,"None",36.71855,36.71855,-110.25416389,-110.25416389,12,"Motor Vehicle In-Transport",2,"Front-to-Front",0,"No",1,"Non-Junction",1,"Not an Intersection",1,"On Roadway",0,"None",3,"Dark - Lighted",1,"Clear",0,"No","0000000","Not Applicable",99,"Unknown",99,"Unknown",99,"Unknown EMS Scene Arrival Hour",99,"Unknown EMS Scene Arrival Minutes",99,"Unknown",99,"Unknown EMS Hospital Arrival Time",1,"US Highway","Weekday","SQ2_Year","Last Quarter (Month)"
"4","Arizona","40753",1,1,1,1,0,1,1,13,"MARICOPA (13)",290,"MESA",5,"May",28,28,7,"Saturday",2022,0,"0:00am-0:59am",56,"56","E UNIVERSITY DR","",6,"Local Street - Municipality",2,"Urban",4,"Minor Arterial",2,"County Highway Agency",0,"This section IS NOT on the NHS",0,"No Special Jurisdiction",0,"None",33.42289444,33.42289444,-111.71471389,-111.71471389,8,"Pedestrian",0,"The First Harmful Event was Not a Collision with a Motor Vehicle in Transport",0,"No",1,"Non-Junction",1,"Not an Intersection",1,"On Roadway",0,"None",3,"Dark - Lighted",1,"Clear",0,"No","0000000","Not Applicable",0,"0:00am-0:59am",56,"56",1,"1:00am-1:59am",6,"6",88,"Not Applicable (Not Transported)",88,"Not Applicable (Not Transported)",1,"Others","Weekend","SQ2_Year","Last Quarter (Month)"
"4","Arizona","40757",0,0,2,2,0,2,2,13,"MARICOPA (13)",370,"PHOENIX",10,"October",12,12,4,"Wednesday",2022,16,"4:00pm-4:59pm",51,"51","E BASELINE RD","",6,"Local Street - Municipality",2,"Urban",3,"Principal Arterial - Other",4,"City or Municipal Highway Agency",1,"This section IS ON the NHS",0,"No Special Jurisdiction",0,"None",33.37805278,33.37805278,-112.02264167,-112.02264167,12,"Motor Vehicle In-Transport",1,"Front-to-Rear",0,"No",1,"Non-Junction",1,"Not an Intersection",1,"On Roadway",0,"None",1,"Daylight",1,"Clear",0,"No","0000000","Not Applicable",99,"Unknown",99,"Unknown",99,"Unknown EMS Scene Arrival Hour",99,"Unknown EMS Scene Arrival Minutes",99,"Unknown",99,"Unknown EMS Hospital Arrival Time",1,"Others","Weekday","TQ3_Year","2nd Quarter (Month)"
"4","Arizona","40763",1,1,1,1,0,1,1,19,"PIMA (19)",530,"TUCSON",10,"October",22,22,7,"Saturday",2022,4,"4:00am-4:59am",54,"54","S COUNTRY CLUB RD","",6,"Local Street - Municipality",2,"Urban",5,"Major Collector",4,"City or Municipal Highway Agency",0,"This section IS NOT on the NHS",0,"No Special Jurisdiction",0,"None",32.13886944,32.13886944,-110.92614722,-110.92614722,8,"Pedestrian",0,"The First Harmful Event was Not a Collision with a Motor Vehicle in Transport",0,"No",1,"Non-Junction",1,"Not an Intersection",1,"On Roadway",0,"None",2,"Dark - Not Lighted",1,"Clear",0,"No","0000000","Not Applicable",4,"4:00am-4:59am",54,"54",5,"5:00am-5:59am",1,"1",88,"Not Applicable (Not Transported)",88,"Not Applicable (Not Transported)",1,"Others","Weekend","TQ3_Year","Last Quarter (Month)"
"4","Arizona","40765",1,1,1,1,0,1,1,19,"PIMA (19)",530,"TUCSON",10,"October",27,27,5,"Thursday",2022,21,"9:00pm-9:59pm",44,"44","S ALVERNON WAY","",6,"Local Street - Municipality",2,"Urban",3,"Principal Arterial - Other",4,"City or Municipal Highway Agency",0,"This section IS NOT on the NHS",0,"No Special Jurisdiction",0,"None",32.20560833,32.20560833,-110.9095,-110.9095,8,"Pedestrian",0,"The First Harmful Event was Not a Collision with a Motor Vehicle in Transport",0,"No",1,"Non-Junction",1,"Not an Intersection",1,"On Roadway",0,"None",6,"Dark - Unknown Lighting",1,"Clear",0,"No","0000000","Not Applicable",21,"9:00pm-9:59pm",46,"46",21,"9:00pm-9:59pm",49,"49",88,"Not Applicable (Not Transported)",88,"Not Applicable (Not Transported)",1,"Others","Weekday","TQ3_Year","Last Quarter (Month)"
"4","Arizona","40766",0,0,1,1,0,1,1,3,"COCHISE (3)",40,"BENSON",11,"November",1,1,3,"Tuesday",2022,16,"4:00pm-4:59pm",54,"54","I-10","",1,"Interstate",1,"Rural",1,"Interstate",1,"State Highway Agency",1,"This section IS ON the NHS",0,"No Special Jurisdiction",3033,"3033",31.96806111,31.96806111,-110.33298889,-110.33298889,1,"Rollover/Overturn",0,"The First Harmful Event was Not a Collision with a Motor Vehicle in Transport",0,"No",1,"Non-Junction",1,"Not an Intersection",1,"On Roadway",0,"None",1,"Daylight",1,"Clear",0,"No","0000000","Not Applicable",16,"4:00pm-4:59pm",54,"54",16,"4:00pm-4:59pm",59,"59",88,"Not Applicable (Not Transported)",88,"Not Applicable (Not Transported)",1,"State Highway","Weekday","TQ3_Year","1st Quarter (Month)"
"4","Arizona","40770",0,0,2,2,0,3,3,3,"COCHISE (3)",580,"WILLCOX",11,"November",4,4,6,"Friday",2022,11,"11:00am-11:59am",37,"37","I-10","",1,"Interstate",1,"Rural",1,"Interstate",1,"State Highway Agency",1,"This section IS ON the NHS",0,"No Special Jurisdiction",3487,"3487",32.34516389,32.34516389,-109.74998889,-109.74998889,12,"Motor Vehicle In-Transport",2,"Front-to-Front",0,"No",1,"Non-Junction",1,"Not an Intersection",1,"On Roadway",0,"None",1,"Daylight",1,"Clear",0,"No","0000000","Not Applicable",11,"11:00am-11:59am",37,"37",11,"11:00am-11:59am",59,"59",99,"Unknown",99,"Unknown EMS Hospital Arrival Time",2,"State Highway","Weekday","TQ3_Year","1st Quarter (Month)"
"4","Arizona","40773",0,0,1,1,0,1,1,17,"NAVAJO (17)",0,"NOT APPLICABLE",11,"November",4,4,6,"Friday",2022,21,"9:00pm-9:59pm",15,"15","US-60","",2,"US Highway",1,"Rural",4,"Minor Arterial",1,"State Highway Agency",0,"This section IS NOT on the NHS",0,"No Special Jurisdiction",2996,"2996",34.18542778,34.18542778,-110.09234722,-110.09234722,41,"Shrubbery",0,"The First Harmful Event was Not a Collision with a Motor Vehicle in Transport",0,"No",1,"Non-Junction",1,"Not an Intersection",4,"On Roadside",0,"None",2,"Dark - Not Lighted",1,"Clear",0,"No","0000000","Not Applicable",21,"9:00pm-9:59pm",12,"12",21,"9:00pm-9:59pm",24,"24",88,"Not Applicable (Not Transported)",88,"Not Applicable (Not Transported)",1,"US Highway","Weekday","TQ3_Year","1st Quarter (Month)"
"4","Arizona","40776",0,0,2,2,0,3,3,21,"PINAL (21)",0,"NOT APPLICABLE",11,"November",6,6,1,"Sunday",2022,11,"11:00am-11:59am",23,"23","US-60","",2,"US Highway",1,"Rural",3,"Principal Arterial - Other",1,"State Highway Agency",1,"This section IS ON the NHS",0,"No Special Jurisdiction",2022,"2022",33.34267222,33.34267222,-110.99911944,-110.99911944,12,"Motor Vehicle In-Transport",2,"Front-to-Front",0,"No",1,"Non-Junction",1,"Not an Intersection",1,"On Roadway",0,"None",1,"Daylight",1,"Clear",0,"No","0000000","Not Applicable",11,"11:00am-11:59am",32,"32",11,"11:00am-11:59am",37,"37",99,"Unknown",99,"Unknown EMS Hospital Arrival Time",1,"US Highway","Weekend","TQ3_Year","1st Quarter (Month)"
"4","Arizona","40780",0,0,1,1,0,1,1,21,"PINAL (21)",0,"NOT APPLICABLE",11,"November",8,8,3,"Tuesday",2022,2,"2:00am-2:59am",22,"22","SR-77","",3,"State Highway",1,"Rural",4,"Minor Arterial",1,"State Highway Agency",0,"This section IS NOT on the NHS",0,"No Special Jurisdiction",408,"408",32.67597778,32.67597778,-110.65803056,-110.65803056,24,"Guardrail Face",0,"The First Harmful Event was Not a Collision with a Motor Vehicle in Transport",0,"No",1,"Non-Junction",1,"Not an Intersection",4,"On Roadside",0,"None",2,"Dark - Not Lighted",1,"Clear",0,"No","0000000","Not Applicable",2,"2:00am-2:59am",33,"33",2,"2:00am-2:59am",45,"45",88,"Not Applicable (Not Transported)",88,"Not Applicable (Not Transported)",1,"State Highway","Weekday","TQ3_Year","1st Quarter (Month)"
"4","Arizona","40786",2,2,1,1,0,1,1,13,"MARICOPA (13)",370,"PHOENIX",11,"November",11,11,6,"Friday",2022,22,"10:00pm-10:59pm",18,"18","N 71ST AVE","",6,"Local Street - Municipality",2,"Urban",5,"Major Collector",4,"City or Municipal Highway Agency",0,"This section IS NOT on the NHS",0,"No Special Jurisdiction",0,"None",33.47407778,33.47407778,-112.21191944,-112.21191944,8,"Pedestrian",0,"The First Harmful Event was Not a Collision with a Motor Vehicle in Transport",0,"No",1,"Non-Junction",1,"Not an Intersection",1,"On Roadway",0,"None",3,"Dark - Lighted",1,"Clear",0,"No","0000000","Not Applicable",99,"Unknown",99,"Unknown",99,"Unknown EMS Scene Arrival Hour",99,"Unknown EMS Scene Arrival Minutes",99,"Unknown",99,"Unknown EMS Hospital Arrival Time",1,"Others","Weekday","TQ3_Year","2nd Quarter (Month)"
"4","Arizona","40788",0,0,2,2,0,3,3,5,"COCONINO (5)",522,"TONALEA",11,"November",14,14,2,"Monday",2022,10,"10:00am-10:59am",52,"52","US-160","",2,"US Highway",1,"Rural",3,"Principal Arterial - Other",1,"State Highway Agency",1,"This section IS ON the NHS",0,"No Special Jurisdiction",286,"286",36.29135556,36.29135556,-110.99069722,-110.99069722,12,"Motor Vehicle In-Transport",1,"Front-to-Rear",0,"No",1,"Non-Junction",1,"Not an Intersection",1,"On Roadway",0,"None",1,"Daylight",1,"Clear",0,"No","0000000","Not Applicable",10,"10:00am-10:59am",52,"52",11,"11:00am-11:59am",2,"2",99,"Unknown",99,"Unknown EMS Hospital Arrival Time",1,"US Highway","Weekday","TQ3_Year","2nd Quarter (Month)"
"4","Arizona","40791",0,0,1,1,0,1,1,19,"PIMA (19)",295,"MARANA",11,"November",14,14,2,"Monday",2022,15,"3:00pm-3:59pm",50,"50","I-10","",1,"Interstate",2,"Urban",1,"Interstate",1,"State Highway Agency",1,"This section IS ON the NHS",0,"No Special Jurisdiction",2473,"2473",32.35190833,32.35190833,-111.08282778,-111.08282778,35,"Embankment",0,"The First Harmful Event was Not a Collision with a Motor Vehicle in Transport",0,"No",1,"Non-Junction",1,"Not an Intersection",4,"On Roadside",0,"None",1,"Daylight",1,"Clear",0,"No","0000000","Not Applicable",15,"3:00pm-3:59pm",54,"54",15,"3:00pm-3:59pm",59,"59",88,"Not Applicable (Not Transported)",88,"Not Applicable (Not Transported)",1,"State Highway","Weekday","TQ3_Year","2nd Quarter (Month)"
"4","Arizona","40797",1,1,1,1,0,2,2,13,"MARICOPA (13)",370,"PHOENIX",12,"December",2,2,6,"Friday",2022,23,"11:00pm-11:59pm",5,"5","27TH AVE","",6,"Local Street - Municipality",2,"Urban",4,"Minor Arterial",4,"City or Municipal Highway Agency",0,"This section IS NOT on the NHS",0,"No Special Jurisdiction",157,"157",33.51976111,33.51976111,-112.11690278,-112.11690278,8,"Pedestrian",0,"The First Harmful Event was Not a Collision with a Motor Vehicle in Transport",0,"No",1,"Non-Junction",1,"Not an Intersection",1,"On Roadway",0,"None",3,"Dark - Lighted",1,"Clear",0,"No","0000000","Not Applicable",99,"Unknown",99,"Unknown",99,"Unknown EMS Scene Arrival Hour",99,"Unknown EMS Scene Arrival Minutes",99,"Unknown",99,"Unknown EMS Hospital Arrival Time",1,"Others","Weekday","TQ3_Year","1st Quarter (Month)"
"4","Arizona","40813",1,1,1,1,0,1,1,21,"PINAL (21)",0,"NOT APPLICABLE",12,"December",19,19,2,"Monday",2022,17,"5:00pm-5:59pm",59,"59","IRONWOOD DR","",8,"Other",2,"Urban",4,"Minor Arterial",2,"County Highway Agency",0,"This section IS NOT on the NHS",0,"No Special Jurisdiction",390,"390",33.25091667,33.25091667,-111.56321667,-111.56321667,8,"Pedestrian",0,"The First Harmful Event was Not a Collision with a Motor Vehicle in Transport",0,"No",1,"Non-Junction",1,"Not an Intersection",1,"On Roadway",0,"None",5,"Dusk",1,"Clear",0,"No","0000000","Not Applicable",17,"5:00pm-5:59pm",59,"59",18,"6:00pm-6:59pm",18,"18",88,"Not Applicable (Not Transported)",88,"Not Applicable (Not Transported)",1,"Others","Weekday","TQ3_Year","2nd Quarter (Month)"
"4","Arizona","40823",0,0,2,2,0,4,4,13,"MARICOPA (13)",370,"PHOENIX",11,"November",18,18,6,"Friday",2022,13,"1:00pm-1:59pm",1,"1","N 24TH ST","",6,"Local Street - Municipality",2,"Urban",4,"Minor Arterial",4,"City or Municipal Highway Agency",0,"This section IS NOT on the NHS",0,"No Special Jurisdiction",0,"None",33.4761,33.4761,-112.03026667,-112.03026667,12,"Motor Vehicle In-Transport",2,"Front-to-Front",0,"No",1,"Non-Junction",1,"Not an Intersection",1,"On Roadway",0,"None",1,"Daylight",1,"Clear",0,"No","0000000","Not Applicable",99,"Unknown",99,"Unknown",99,"Unknown EMS Scene Arrival Hour",99,"Unknown EMS Scene Arrival Minutes",99,"Unknown",99,"Unknown EMS Hospital Arrival Time",1,"Others","Weekday","TQ3_Year","2nd Quarter (Month)"
"4","Arizona","40824",0,0,1,1,0,1,1,13,"MARICOPA (13)",0,"NOT APPLICABLE",11,"November",18,18,6,"Friday",2022,17,"5:00pm-5:59pm",11,"11","SR-87","",3,"State Highway",1,"Rural",2,"Principal Arterial - Other Freeways and Expressways",1,"State Highway Agency",1,"This section IS ON the NHS",0,"No Special Jurisdiction",865,"865",33.65880556,33.65880556,-111.52084444,-111.52084444,1,"Rollover/Overturn",0,"The First Harmful Event was Not a Collision with a Motor Vehicle in Transport",0,"No",1,"Non-Junction",1,"Not an Intersection",3,"On Median",0,"None",5,"Dusk",1,"Clear",0,"No","0000000","Not Applicable",17,"5:00pm-5:59pm",19,"19",17,"5:00pm-5:59pm",32,"32",88,"Not Applicable (Not Transported)",88,"Not Applicable (Not Transported)",1,"State Highway","Weekday","TQ3_Year","2nd Quarter (Month)"
"4","Arizona","40835",0,0,1,1,0,1,1,13,"MARICOPA (13)",290,"MESA",11,"November",23,23,4,"Wednesday",2022,20,"8:00pm-8:59pm",20,"20","E ELLIOT RD","",6,"Local Street - Municipality",2,"Urban",3,"Principal Arterial - Other",4,"City or Municipal Highway Agency",0,"This section IS NOT on the NHS",0,"No Special Jurisdiction",0,"None",33.35058056,33.35058056,-111.68167222,-111.68167222,25,"Concrete Traffic Barrier",0,"The First Harmful Event was Not a Collision with a Motor Vehicle in Transport",0,"No",1,"Non-Junction",1,"Not an Intersection",4,"On Roadside",0,"None",2,"Dark - Not Lighted",1,"Clear",0,"No","0000000","Not Applicable",20,"8:00pm-8:59pm",20,"20",20,"8:00pm-8:59pm",40,"40",88,"Not Applicable (Not Transported)",88,"Not Applicable (Not Transported)",1,"Others","Weekday","TQ3_Year","Last Quarter (Month)"
"4","Arizona","40837",1,1,1,1,0,6,6,13,"MARICOPA (13)",370,"PHOENIX",11,"November",27,27,1,"Sunday",2022,18,"6:00pm-6:59pm",59,"59","I-17","",1,"Interstate",2,"Urban",1,"Interstate",1,"State Highway Agency",1,"This section IS ON the NHS",0,"No Special Jurisdiction",120,"120",33.54906667,33.54906667,-112.11243056,-112.11243056,8,"Pedestrian",0,"The First Harmful Event was Not a Collision with a Motor Vehicle in Transport",0,"No",1,"Non-Junction",1,"Not an Intersection",1,"On Roadway",0,"None",3,"Dark - Lighted",1,"Clear",0,"No","0000000","Not Applicable",19,"7:00pm-7:59pm",0,"0",19,"7:00pm-7:59pm",12,"12",88,"Not Applicable (Not Transported)",88,"Not Applicable (Not Transported)",1,"State Highway","Weekend","TQ3_Year","Last Quarter (Month)"
"4","Arizona","40847",1,1,1,1,0,2,2,13,"MARICOPA (13)",370,"PHOENIX",4,"April",12,12,3,"Tuesday",2022,20,"8:00pm-8:59pm",25,"25","E CAMELBACK RD","",6,"Local Street - Municipality",2,"Urban",4,"Minor Arterial",4,"City or Municipal Highway Agency",0,"This section IS NOT on the NHS",0,"No Special Jurisdiction",0,"None",33.50929444,33.50929444,-112.04648333,-112.04648333,8,"Pedestrian",0,"The First Harmful Event was Not a Collision with a Motor Vehicle in Transport",0,"No",1,"Non-Junction",1,"Not an Intersection",1,"On Roadway",0,"None",3,"Dark - Lighted",1,"Clear",0,"No","0000000","Not Applicable",99,"Unknown",99,"Unknown",99,"Unknown EMS Scene Arrival Hour",99,"Unknown EMS Scene Arrival Minutes",99,"Unknown",98,"Unknown if Transported",1,"Others","Weekday","FQ1_Year","2nd Quarter (Month)"
"4","Arizona","40858",1,1,1,1,0,1,1,13,"MARICOPA (13)",370,"PHOENIX",4,"April",25,25,2,"Monday",2022,20,"8:00pm-8:59pm",6,"6","W GLENDALE AVE","",6,"Local Street - Municipality",2,"Urban",4,"Minor Arterial",4,"City or Municipal Highway Agency",0,"This section IS NOT on the NHS",0,"No Special Jurisdiction",0,"None",33.53858889,33.53858889,-112.13806944,-112.13806944,8,"Pedestrian",0,"The First Harmful Event was Not a Collision with a Motor Vehicle in Transport",0,"No",1,"Non-Junction",1,"Not an Intersection",1,"On Roadway",0,"None",3,"Dark - Lighted",1,"Clear",0,"No","0000000","Not Applicable",99,"Unknown",99,"Unknown",99,"Unknown EMS Scene Arrival Hour",99,"Unknown EMS Scene Arrival Minutes",99,"Unknown",99,"Unknown EMS Hospital Arrival Time",1,"Others","Weekday","FQ1_Year","Last Quarter (Month)"
"4","Arizona","40865",1,1,1,1,0,2,2,13,"MARICOPA (13)",370,"PHOENIX",5,"May",7,7,7,"Saturday",2022,20,"8:00pm-8:59pm",38,"38","W GLENDALE AVE","",6,"Local Street - Municipality",2,"Urban",4,"Minor Arterial",4,"City or Municipal Highway Agency",0,"This section IS NOT on the NHS",0,"No Special Jurisdiction",0,"None",33.53847222,33.53847222,-112.13730556,-112.13730556,8,"Pedestrian",0,"The First Harmful Event was Not a Collision with a Motor Vehicle in Transport",0,"No",1,"Non-Junction",1,"Not an Intersection",1,"On Roadway",0,"None",3,"Dark - Lighted",1,"Clear",0,"No","0000000","Not Applicable",99,"Unknown",99,"Unknown",99,"Unknown EMS Scene Arrival Hour",99,"Unknown EMS Scene Arrival Minutes",99,"Unknown",98,"Unknown if Transported",1,"Others","Weekend","SQ2_Year","1st Quarter (Month)"
"4","Arizona","40870",1,1,2,2,0,2,2,13,"MARICOPA (13)",370,"PHOENIX",5,"May",16,16,2,"Monday",2022,3,"3:00am-3:59am",52,"52","N 51ST AVE","",6,"Local Street - Municipality",2,"Urban",3,"Principal Arterial - Other",4,"City or Municipal Highway Agency",1,"This section IS ON the NHS",0,"No Special Jurisdiction",0,"None",33.45213889,33.45213889,-112.16909167,-112.16909167,15,"Non-Motorist on Personal Conveyance",0,"The First Harmful Event was Not a Collision with a Motor Vehicle in Transport",0,"No",1,"Non-Junction",1,"Not an Intersection",1,"On Roadway",0,"None",3,"Dark - Lighted",1,"Clear",0,"No","0000000","Not Applicable",99,"Unknown",99,"Unknown",99,"Unknown EMS Scene Arrival Hour",99,"Unknown EMS Scene Arrival Minutes",88,"Not Applicable (Not Transported)",88,"Not Applicable (Not Transported)",1,"Others","Weekday","SQ2_Year","2nd Quarter (Month)"
"4","Arizona","40880",1,1,1,1,0,2,2,13,"MARICOPA (13)",370,"PHOENIX",5,"May",30,30,2,"Monday",2022,19,"7:00pm-7:59pm",9,"9","N 43RD AVE","",6,"Local Street - Municipality",2,"Urban",4,"Minor Arterial",4,"City or Municipal Highway Agency",0,"This section IS NOT on the NHS",0,"No Special Jurisdiction",0,"None",33.54701944,33.54701944,-112.15155278,-112.15155278,8,"Pedestrian",0,"The First Harmful Event was Not a Collision with a Motor Vehicle in Transport",0,"No",1,"Non-Junction",1,"Not an Intersection",1,"On Roadway",0,"None",3,"Dark - Lighted",1,"Clear",0,"No","0000000","Not Applicable",99,"Unknown",99,"Unknown",99,"Unknown EMS Scene Arrival Hour",99,"Unknown EMS Scene Arrival Minutes",99,"Unknown",99,"Unknown EMS Hospital Arrival Time",1,"Others","Weekday","SQ2_Year","Last Quarter (Month)"
"4","Arizona","40886",0,0,2,2,0,2,2,3,"COCHISE (3)",233,"HEREFORD",6,"June",3,3,6,"Friday",2022,21,"9:00pm-9:59pm",32,"32","E RAMSEY RD","",9,"Unknown",1,"Rural",5,"Major Collector",2,"County Highway Agency",0,"This section IS NOT on the NHS",0,"No Special Jurisdiction",0,"None",31.46734444,31.46734444,-110.21946667,-110.21946667,12,"Motor Vehicle In-Transport",1,"Front-to-Rear",0,"No",1,"Non-Junction",1,"Not an Intersection",1,"On Roadway",0,"None",2,"Dark - Not Lighted",1,"Clear",0,"No","0000000","Not Applicable",99,"Unknown",99,"Unknown",99,"Unknown EMS Scene Arrival Hour",99,"Unknown EMS Scene Arrival Minutes",99,"Unknown",99,"Unknown EMS Hospital Arrival Time",1,"Others","Weekday","SQ2_Year","1st Quarter (Month)"
"4","Arizona","40893",0,0,1,1,0,1,1,19,"PIMA (19)",530,"TUCSON",6,"June",13,13,2,"Monday",2022,23,"11:00pm-11:59pm",14,"14","I-10 FRONTAGE RD","",7,"Local Street - Frontage Road",2,"Urban",6,"Minor Collector",1,"State Highway Agency",0,"This section IS NOT on the NHS",0,"No Special Jurisdiction",0,"None",32.20371389,32.20371389,-110.97911111,-110.97911111,33,"Curb",0,"The First Harmful Event was Not a Collision with a Motor Vehicle in Transport",0,"No",1,"Non-Junction",1,"Not an Intersection",4,"On Roadside",0,"None",3,"Dark - Lighted",1,"Clear",0,"No","0000000","Not Applicable",99,"Unknown",99,"Unknown",99,"Unknown EMS Scene Arrival Hour",99,"Unknown EMS Scene Arrival Minutes",88,"Not Applicable (Not Transported)",88,"Not Applicable (Not Transported)",1,"Others","Weekday","SQ2_Year","2nd Quarter (Month)"