"state","statename","st_case","peds","pernotmvit","ve_total","ve_forms","pvh_invl","persons","permvit","county","countyname","city","cityname","month","monthname","day","dayname","day_week","day_weekname","year","hour","hourname","minute","minutename","tway_id","tway_id2","route","routename","rur_urb","rur_urbname","func_sys","func_sysname","rd_owner","rd_ownername","nhs","nhsname","sp_jur","sp_jurname","milept","mileptname","latitude","latitudename","longitud","longitudname","harm_ev","harm_evname","man_coll","man_collname","reljct1","reljct1name","reljct2","reljct2name","typ_int","typ_intname","rel_road","rel_roadname","wrk_zone","wrk_zonename","lgt_cond","lgt_condname","weather","weathername","sch_bus","sch_busname","rail","railname","not_hour","not_hourname","not_min","not_minname","arr_hour","arr_hourname","arr_min","arr_minname","hosp_hr","hosp_hrname","hosp_mn","hosp_mnname","fatals","route_category","day_type","quarter_year","day_quarter"
"4","Arizona","40898",0,0,1,1,0,2,2,17,"NAVAJO (17)",432,"SHONTO",6,"June",18,18,7,"Saturday",2022,16,"4:00pm-4:59pm",12,"12","US-160","",2,"US Highway",1,"Rural",3,"Principal Arterial - Other",1,"State Highway Agency",1,"This section IS ON the NHS",0,"No Special Jurisdiction",525,"525",36.47670833,36.47670833,-110.65523889,-110.65523889,38,"Fence",0,"The First Harmful Event was Not a Collision with a Motor Vehicle in Transport",0,"No",1,"Non-Junction",1,"Not an Intersection",5,"Outside Trafficway",0,"None",1,"Daylight",1,"Clear",0,"No","0000000","Not Applicable",99,"Unknown",99,"Unknown",99,"Unknown EMS Scene Arrival Hour",99,"Unknown EMS Scene Arrival Minutes",99,"Unknown",99,"Unknown EMS Hospital Arrival Time",1,"US Highway","Weekend","SQ2_Year","2nd Quarter (Month)"
"4","Arizona","40901",1,1,1,1,0,1,1,13,"MARICOPA (13)",370,"PHOENIX",6,"June",24,24,6,"Friday",2022,3,"3:00am-3:59am",37,"37","W CACTUS RD","",6,"Local Street - Municipality",2,"Urban",4,"Minor Arterial",4,"City or Municipal Highway Agency",0,"This section IS NOT on the NHS",0,"No Special Jurisdiction",0,"None",33.59632222,33.59632222,-112.12148889,-112.12148889,8,"Pedestrian",0,"The First Harmful Event was Not a Collision with a Motor Vehicle in Transport",0,"No",1,"Non-Junction",1,"Not an Intersection",1,"On Roadway",0,"None",3,"Dark - Lighted",1,"Clear",0,"No","0000000","Not Applicable",99,"Unknown",99,"Unknown",99,"Unknown EMS Scene Arrival Hour",99,"Unknown EMS Scene Arrival Minutes",99,"Unknown",99,"Unknown EMS Hospital Arrival Time",1,"Others","Weekday","SQ2_Year","Last Quarter (Month)"
"4","Arizona","40911",1,1,1,1,0,2,2,21,"PINAL (21)",110,"COOLIDGE",7,"July",1,1,6,"Friday",2022,19,"7:00pm-7:59pm",24,"24","E COOLIDGE AVE","",8,"Other",2,"Urban",4,"Minor Arterial",4,"City or Municipal Highway Agency",0,"This section IS NOT on the NHS",0,"No Special Jurisdiction",2,"2",32.97356944,32.97356944,-111.51083889,-111.51083889,8,"Pedestrian",0,"The First Harmful Event was Not a Collision with a Motor Vehicle in Transport",0,"No",1,"Non-Junction",1,"Not an Intersection",1,"On Roadway",0,"None",2,"Dark - Not Lighted",1,"Clear",0,"No","0000000","Not Applicable",99,"Unknown",99,"Unknown",99,"Unknown EMS Scene Arrival Hour",99,"Unknown EMS Scene Arrival Minutes",99,"Unknown",99,"Unknown EMS Hospital Arrival Time",1,"Others","Weekday","SQ2_Year","1st Quarter (Month)"
"4","Arizona","40914",1,1,1,1,0,1,1,13,"MARICOPA (13)",370,"PHOENIX",7,"July",4,4,2,"Monday",2022,21,"9:00pm-9:59pm",56,"56","W THOMAS RD","",8,"Other",2,"Urban",4,"Minor Arterial",4,"City or Municipal Highway Agency",0,"This section IS NOT on the NHS",0,"No Special Jurisdiction",601,"601",33.48006667,33.48006667,-112.219675,-112.219675,8,"Pedestrian",0,"The First Harmful Event was Not a Collision with a Motor Vehicle in Transport",0,"No",1,"Non-Junction",1,"Not an Intersection",1,"On Roadway",0,"None",3,"Dark - Lighted",1,"Clear",0,"No","0000000","Not Applicable",99,"Unknown",99,"Unknown",99,"Unknown EMS Scene Arrival Hour",99,"Unknown EMS Scene Arrival Minutes",88,"Not Applicable (Not Transported)",88,"Not Applicable (Not Transported)",1,"Others","Weekday","SQ2_Year","1st Quarter (Month)"
"4","Arizona","40925",1,1,1,1,0,3,3,13,"MARICOPA (13)",370,"PHOENIX",7,"July",19,19,3,"Tuesday",2022,21,"9:00pm-9:59pm",4,"4","US-60 GRAND AVE","",2,"US Highway",2,"Urban",3,"Principal Arterial - Other",1,"State Highway Agency",1,"This section IS ON the NHS",0,"No Special Jurisdiction",1281,"1281",33.49446944,33.49446944,-112.13366389,-112.13366389,8,"Pedestrian",0,"The First Harmful Event was Not a Collision with a Motor Vehicle in Transport",0,"No",1,"Non-Junction",1,"Not an Intersection",1,"On Roadway",0,"None",3,"Dark - Lighted",1,"Clear",0,"No","0000000","Not Applicable",99,"Unknown",99,"Unknown",99,"Unknown EMS Scene Arrival Hour",99,"Unknown EMS Scene Arrival Minutes",88,"Not Applicable (Not Transported)",88,"Not Applicable (Not Transported)",1,"US Highway","Weekday","SQ2_Year","2nd Quarter (Month)"
"4","Arizona","40926",1,1,1,1,0,1,1,13,"MARICOPA (13)",370,"PHOENIX",7,"July",23,23,7,"Saturday",2022,22,"10:00pm-10:59pm",27,"27","W THOMAS RD","",8,"Other",2,"Urban",4,"Minor Arterial",4,"City or Municipal Highway Agency",0,"This section IS NOT on the NHS",0,"No Special Jurisdiction",623,"623",33.48059167,33.48059167,-112.18164444,-112.18164444,8,"Pedestrian",0,"The First Harmful Event was Not a Collision with a Motor Vehicle in Transport",0,"No",1,"Non-Junction",1,"Not an Intersection",1,"On Roadway",0,"None",3,"Dark - Lighted",1,"Clear",0,"No","0000000","Not Applicable",99,"Unknown",99,"Unknown",99,"Unknown EMS Scene Arrival Hour",99,"Unknown EMS Scene Arrival Minutes",88,"Not Applicable (Not Transported)",88,"Not Applicable (Not Transported)",1,"Others","Weekend","SQ2_Year","Last Quarter (Month)"
"4","Arizona","40936",1,1,1,1,0,1,1,13,"MARICOPA (13)",370,"PHOENIX",8,"August",6,6,7,"Saturday",2022,0,"0:00am-0:59am",2,"2","W INDIAN SCHOOL RD","",6,"Local Street - Municipality",2,"Urban",3,"Principal Arterial - Other",4,"City or Municipal Highway Agency",1,"This section IS ON the NHS",0,"No Special Jurisdiction",0,"None",33.49488056,33.49488056,-112.20376944,-112.20376944,8,"Pedestrian",0,"The First Harmful Event was Not a Collision with a Motor Vehicle in Transport",0,"No",1,"Non-Junction",1,"Not an Intersection",1,"On Roadway",0,"None",3,"Dark - Lighted",1,"Clear",0,"No","0000000","Not Applicable",99,"Unknown",99,"Unknown",99,"Unknown EMS Scene Arrival Hour",99,"Unknown EMS Scene Arrival Minutes",99,"Unknown",99,"Unknown EMS Hospital Arrival Time",1,"Others","Weekend","SQ2_Year","1st Quarter (Month)"
"4","Arizona","40941",0,0,1,1,0,5,5,25,"YAVAPAI (25)",386,"PRESCOTT",8,"August",9,9,3,"Tuesday",2022,18,"6:00pm-6:59pm",54,"54","WALKER RD","",8,"Other",1,"Rural",6,"Minor Collector",2,"County Highway Agency",0,"This section IS NOT on the NHS",0,"No Special Jurisdiction",54,"54",34.52790833,34.52790833,-112.39391389,-112.39391389,33,"Curb",0,"The First Harmful Event was Not a Collision with a Motor Vehicle in Transport",0,"No",1,"Non-Junction",1,"Not an Intersection",4,"On Roadside",0,"None",5,"Dusk",1,"Clear",0,"No","0000000","Not Applicable",18,"6:00pm-6:59pm",54,"54",19,"7:00pm-7:59pm",0,"0",99,"Unknown",99,"Unknown EMS Hospital Arrival Time",1,"Others","Weekday","SQ2_Year","1st Quarter (Month)"
"4","Arizona","40945",0,0,1,1,0,1,1,21,"PINAL (21)",0,"NOT APPLICABLE",8,"August",15,15,2,"Monday",2022,12,"12:00pm-12:59pm",31,"31","PARK LINK DR","",8,"Other",1,"Rural",5,"Major Collector",2,"County Highway Agency",0,"This section IS NOT on the NHS",0,"No Special Jurisdiction",70,"70",32.61583611,32.61583611,-111.22714722,-111.22714722,35,"Embankment",0,"The First Harmful Event was Not a Collision with a Motor Vehicle in Transport",0,"No",1,"Non-Junction",1,"Not an Intersection",4,"On Roadside",0,"None",1,"Daylight",1,"Clear",0,"No","0000000","Not Applicable",99,"Unknown",99,"Unknown",99,"Unknown EMS Scene Arrival Hour",99,"Unknown EMS Scene Arrival Minutes",99,"Unknown",99,"Unknown EMS Hospital Arrival Time",1,"Others","Weekday","SQ2_Year","2nd Quarter (Month)"
"4","Arizona","40948",1,1,1,1,0,1,1,13,"MARICOPA (13)",370,"PHOENIX",8,"August",21,21,1,"Sunday",2022,0,"0:00am-0:59am",3,"3","N CAVE CREEK RD","",8,"Other",2,"Urban",3,"Principal Arterial - Other",4,"City or Municipal Highway Agency",0,"This section IS NOT on the NHS",0,"No Special Jurisdiction",28,"28",33.60000278,33.60000278,-112.03730556,-112.03730556,9,"Pedalcyclist",0,"The First Harmful Event was Not a Collision with a Motor Vehicle in Transport",0,"No",1,"Non-Junction",1,"Not an Intersection",1,"On Roadway",0,"None",3,"Dark - Lighted",1,"Clear",0,"No","0000000","Not Applicable",99,"Unknown",99,"Unknown",99,"Unknown EMS Scene Arrival Hour",99,"Unknown EMS Scene Arrival Minutes",99,"Unknown",99,"Unknown EMS Hospital Arrival Time",1,"Others","Weekend","SQ2_Year","Last Quarter (Month)"
"4","Arizona","40949",1,1,1,1,0,1,1,17,"NAVAJO (17)",432,"SHONTO",8,"August",22,22,2,"Monday",2022,4,"4:00am-4:59am",54,"54","US-160","",2,"US Highway",1,"Rural",3,"Principal Arterial - Other",1,"State Highway Agency",1,"This section IS ON the NHS",0,"No Special Jurisdiction",496,"496",36.45806111,36.45806111,-110.69955556,-110.69955556,8,"Pedestrian",0,"The First Harmful Event was Not a Collision with a Motor Vehicle in Transport",0,"No",1,"Non-Junction",1,"Not an Intersection",1,"On Roadway",0,"None",2,"Dark - Not Lighted",1,"Clear",0,"No","0000000","Not Applicable",4,"4:00am-4:59am",56,"56",5,"5:00am-5:59am",24,"24",88,"Not Applicable (Not Transported)",88,"Not Applicable (Not Transported)",1,"US Highway","Weekday","SQ2_Year","Last Quarter (Month)"
"4","Arizona","40954",1,1,1,1,0,1,1,13,"MARICOPA (13)",370,"PHOENIX",8,"August",30,30,3,"Tuesday",2022,21,"9:00pm-9:59pm",48,"48","THOMAS RD","",8,"Other",2,"Urban",4,"Minor Arterial",4,"City or Municipal Highway Agency",0,"This section IS NOT on the NHS",0,"No Special Jurisdiction",600,"600",33.48028056,33.48028056,-112.22164167,-112.22164167,8,"Pedestrian",0,"The First Harmful Event was Not a Collision with a Motor Vehicle in Transport",0,"No",1,"Non-Junction",1,"Not an Intersection",1,"On Roadway",0,"None",3,"Dark - Lighted",1,"Clear",0,"No","0000000","Not Applicable",99,"Unknown",99,"Unknown",99,"Unknown EMS Scene Arrival Hour",99,"Unknown EMS Scene Arrival Minutes",88,"Not Applicable (Not Transported)",88,"Not Applicable (Not Transported)",1,"Others","Weekday","SQ2_Year","Last Quarter (Month)"
"4","Arizona","40959",1,1,1,1,0,1,1,13,"MARICOPA (13)",370,"PHOENIX",9,"September",2,2,6,"Friday",2022,19,"7:00pm-7:59pm",6,"6","N 51ST AVE","",6,"Local Street - Municipality",2,"Urban",3,"Principal Arterial - Other",4,"City or Municipal Highway Agency",1,"This section IS ON the NHS",0,"No Special Jurisdiction",0,"None",33.49357222,33.49357222,-112.16888333,-112.16888333,8,"Pedestrian",0,"The First Harmful Event was Not a Collision with a Motor Vehicle in Transport",0,"No",1,"Non-Junction",1,"Not an Intersection",1,"On Roadway",0,"None",5,"Dusk",1,"Clear",0,"No","0000000","Not Applicable",99,"Unknown",99,"Unknown",99,"Unknown EMS Scene Arrival Hour",99,"Unknown EMS Scene Arrival Minutes",99,"Unknown",99,"Unknown EMS Hospital Arrival Time",1,"Others","Weekday","TQ3_Year","1st Quarter (Month)"
"4","Arizona","40962",1,1,1,1,0,1,1,13,"MARICOPA (13)",370,"PHOENIX",9,"September",6,6,3,"Tuesday",2022,5,"5:00am-5:59am",4,"4","W BUCKEYE RD","",6,"Local Street - Municipality",2,"Urban",4,"Minor Arterial",1,"State Highway Agency",0,"This section IS NOT on the NHS",0,"No Special Jurisdiction",0,"None",33.43704167,33.43704167,-112.19100556,-112.19100556,9,"Pedalcyclist",0,"The First Harmful Event was Not a Collision with a Motor Vehicle in Transport",0,"No",1,"Non-Junction",1,"Not an Intersection",1,"On Roadway",0,"None",3,"Dark - Lighted",1,"Clear",0,"No","0000000","Not Applicable",99,"Unknown",99,"Unknown",99,"Unknown EMS Scene Arrival Hour",99,"Unknown EMS Scene Arrival Minutes",88,"Not Applicable (Not Transported)",88,"Not Applicable (Not Transported)",1,"Others","Weekday","TQ3_Year","1st Quarter (Month)"
"4","Arizona","40968",1,1,1,1,0,1,1,13,"MARICOPA (13)",370,"PHOENIX",9,"September",15,15,5,"Thursday",2022,20,"8:00pm-8:59pm",1,"1","N 44TH ST","",6,"Local Street - Municipality",2,"Urban",3,"Principal Arterial - Other",4,"City or Municipal Highway Agency",0,"This section IS NOT on the NHS",0,"No Special Jurisdiction",0,"None",33.44870556,33.44870556,-111.98704167,-111.98704167,8,"Pedestrian",0,"The First Harmful Event was Not a Collision with a Motor Vehicle in Transport",0,"No",1,"Non-Junction",1,"Not an Intersection",1,"On Roadway",0,"None",3,"Dark - Lighted",1,"Clear",0,"No","0000000","Not Applicable",99,"Unknown",99,"Unknown",99,"Unknown EMS Scene Arrival Hour",99,"Unknown EMS Scene Arrival Minutes",99,"Unknown",99,"Unknown EMS Hospital Arrival Time",1,"Others","Weekday","TQ3_Year","2nd Quarter (Month)"
"4","Arizona","40980",1,1,1,1,0,1,1,13,"MARICOPA (13)",370,"PHOENIX",9,"September",19,19,2,"Monday",2022,21,"9:00pm-9:59pm",29,"29","W CAMELBACK RD","",6,"Local Street - Municipality",2,"Urban",4,"Minor Arterial",4,"City or Municipal Highway Agency",0,"This section IS NOT on the NHS",0,"No Special Jurisdiction",0,"None",33.50943611,33.50943611,-112.08314167,-112.08314167,8,"Pedestrian",0,"The First Harmful Event was Not a Collision with a Motor Vehicle in Transport",0,"No",1,"Non-Junction",1,"Not an Intersection",1,"On Roadway",0,"None",3,"Dark - Lighted",1,"Clear",0,"No","0000000","Not Applicable",99,"Unknown",99,"Unknown",99,"Unknown EMS Scene Arrival Hour",99,"Unknown EMS Scene Arrival Minutes",99,"Unknown",99,"Unknown EMS Hospital Arrival Time",1,"Others","Weekday","TQ3_Year","2nd Quarter (Month)"
"4","Arizona","40982",0,0,2,2,0,2,2,19,"PIMA (19)",530,"TUCSON",9,"September",20,20,3,"Tuesday",2022,7,"7:00am-7:59am",34,"34","S HOUGHTON RD","",9,"Unknown",2,"Urban",3,"Principal Arterial - Other",4,"City or Municipal Highway Agency",0,"This section IS NOT on the NHS",0,"No Special Jurisdiction",0,"None",32.08979167,32.08979167,-110.77292778,-110.77292778,12,"Motor Vehicle In-Transport",1,"Front-to-Rear",0,"No",1,"Non-Junction",1,"Not an Intersection",1,"On Roadway",0,"None",1,"Daylight",1,"Clear",0,"No","0000000","Not Applicable",99,"Unknown",99,"Unknown",99,"Unknown EMS Scene Arrival Hour",99,"Unknown EMS Scene Arrival Minutes",99,"Unknown",99,"Unknown EMS Hospital Arrival Time",1,"Others","Weekday","TQ3_Year","2nd Quarter (Month)"
"4","Arizona","40984",1,1,1,1,0,1,1,13,"MARICOPA (13)",370,"PHOENIX",9,"September",22,22,5,"Thursday",2022,20,"8:00pm-8:59pm",12,"12","N 91ST LN","",6,"Local Street - Municipality",2,"Urban",4,"Minor Arterial",4,"City or Municipal Highway Agency",0,"This section IS NOT on the NHS",0,"No Special Jurisdiction",0,"None",33.46897222,33.46897222,-112.25515833,-112.25515833,8,"Pedestrian",0,"The First Harmful Event was Not a Collision with a Motor Vehicle in Transport",0,"No",1,"Non-Junction",1,"Not an Intersection",1,"On Roadway",0,"None",3,"Dark - Lighted",1,"Clear",0,"No","0000000","Not Applicable",99,"Unknown",99,"Unknown",99,"Unknown EMS Scene Arrival Hour",99,"Unknown EMS Scene Arrival Minutes",99,"Unknown",98,"Unknown if Transported",1,"Others","Weekday","TQ3_Year","Last Quarter (Month)"
"4","Arizona","40985",1,1,2,2,0,2,2,13,"MARICOPA (13)",370,"PHOENIX",9,"September",22,22,5,"Thursday",2022,21,"9:00pm-9:59pm",53,"53","US-60","",2,"US Highway",2,"Urban",4,"Minor Arterial",1,"State Highway Agency",0,"This section IS NOT on the NHS",0,"No Special Jurisdiction",1293,"1293",33.47603056,33.47603056,-112.11192222,-112.11192222,8,"Pedestrian",0,"The First Harmful Event was Not a Collision with a Motor Vehicle in Transport",0,"No",1,"Non-Junction",1,"Not an Intersection",1,"On Roadway",0,"None",3,"Dark - Lighted",1,"Clear",0,"No","0000000","Not Applicable",99,"Unknown",99,"Unknown",99,"Unknown EMS Scene Arrival Hour",99,"Unknown EMS Scene Arrival Minutes",99,"Unknown",98,"Unknown if Transported",1,"US Highway","Weekday","TQ3_Year","Last Quarter (Month)"
"4","Arizona","40989",1,1,1,1,0,1,1,19,"PIMA (19)",530,"TUCSON",9,"September",23,23,6,"Friday",2022,20,"8:00pm-8:59pm",51,"51","N STONE AVE","",6,"Local Street - Municipality",2,"Urban",4,"Minor Arterial",4,"City or Municipal Highway Agency",0,"This section IS NOT on the NHS",0,"No Special Jurisdiction",0,"None",32.2524,32.2524,-110.972025,-110.972025,8,"Pedestrian",0,"The First Harmful Event was Not a Collision with a Motor Vehicle in Transport",0,"No",1,"Non-Junction",1,"Not an Intersection",1,"On Roadway",0,"None",2,"Dark - Not Lighted",1,"Clear",0,"No","0000000","Not Applicable",20,"8:00pm-8:59pm",56,"56",20,"8:00pm-8:59pm",56,"56",88,"Not Applicable (Not Transported)",88,"Not Applicable (Not Transported)",1,"Others","Weekday","TQ3_Year","Last Quarter (Month)"
"4","Arizona","40994",0,0,2,2,0,5,5,19,"PIMA (19)",425,"SELLS",9,"September",25,25,1,"Sunday",2022,23,"11:00pm-11:59pm",1,"1","SR-86","",3,"State Highway",1,"Rural",4,"Minor Arterial",1,"State Highway Agency",0,"This section IS NOT on the NHS",0,"No Special Jurisdiction",289,"289",32.18001389,32.18001389,-112.27684167,-112.27684167,12,"Motor Vehicle In-Transport",2,"Front-to-Front",0,"No",1,"Non-Junction",1,"Not an Intersection",1,"On Roadway",0,"None",2,"Dark - Not Lighted",1,"Clear",0,"No","0000000","Not Applicable",99,"Unknown",99,"Unknown",99,"Unknown EMS Scene Arrival Hour",99,"Unknown EMS Scene Arrival Minutes",99,"Unknown",99,"Unknown EMS Hospital Arrival Time",1,"State Highway","Weekend","TQ3_Year","Last Quarter (Month)"
"4","Arizona","41002",1,1,1,1,0,2,2,13,"MARICOPA (13)",490,"TEMPE",10,"October",4,4,3,"Tuesday",2022,19,"7:00pm-7:59pm",15,"15","W BASELINE RD","",6,"Local Street - Municipality",2,"Urban",4,"Minor Arterial",4,"City or Municipal Highway Agency",0,"This section IS NOT on the NHS",0,"No Special Jurisdiction",0,"None",33.37826111,33.37826111,-111.94107222,-111.94107222,8,"Pedestrian",0,"The First Harmful Event was Not a Collision with a Motor Vehicle in Transport",0,"No",1,"Non-Junction",1,"Not an Intersection",1,"On Roadway",0,"None",3,"Dark - Lighted",1,"Clear",0,"No","0000000","Not Applicable",19,"7:00pm-7:59pm",15,"15",19,"7:00pm-7:59pm",22,"22",88,"Not Applicable (Not Transported)",88,"Not Applicable (Not Transported)",1,"Others","Weekday","TQ3_Year","1st Quarter (Month)"
"4","Arizona","41003",0,0,2,2,0,2,2,13,"MARICOPA (13)",368,"PEORIA",10,"October",4,4,3,"Tuesday",2022,23,"11:00pm-11:59pm",8,"8","SR-101","",3,"State Highway",2,"Urban",2,"Principal Arterial - Other Freeways and Expressways",1,"State Highway Agency",1,"This section IS ON the NHS",0,"No Special Jurisdiction",117,"117",33.61742222,33.61742222,-112.23943333,-112.23943333,12,"Motor Vehicle In-Transport",2,"Front-to-Front",0,"No",1,"Non-Junction",1,"Not an Intersection",1,"On Roadway",0,"None",3,"Dark - Lighted",1,"Clear",0,"No","0000000","Not Applicable",23,"11:00pm-11:59pm",12,"12",23,"11:00pm-11:59pm",21,"21",99,"Unknown",99,"Unknown EMS Hospital Arrival Time",1,"State Highway","Weekday","TQ3_Year","1st Quarter (Month)"
"4","Arizona","41006",1,1,1,1,0,1,1,13,"MARICOPA (13)",370,"PHOENIX",10,"October",9,9,1,"Sunday",2022,2,"2:00am-2:59am",59,"59","N 16TH ST","",6,"Local Street - Municipality",2,"Urban",4,"Minor Arterial",4,"City or Municipal Highway Agency",0,"This section IS NOT on the NHS",0,"No Special Jurisdiction",0,"None",33.48675,33.48675,-112.04776944,-112.04776944,33,"Curb",0,"The First Harmful Event was Not a Collision with a Motor Vehicle in Transport",0,"No",1,"Non-Junction",1,"Not an Intersection",4,"On Roadside",0,"None",3,"Dark - Lighted",1,"Clear",0,"No","0000000","Not Applicable",99,"Unknown",99,"Unknown",99,"Unknown EMS Scene Arrival Hour",99,"Unknown EMS Scene Arrival Minutes",99,"Unknown",99,"Unknown EMS Hospital Arrival Time",1,"Others","Weekend","TQ3_Year","1st Quarter (Month)"
"4","Arizona","41012",1,1,1,1,0,1,1,13,"MARICOPA (13)",370,"PHOENIX",10,"October",19,19,4,"Wednesday",2022,13,"1:00pm-1:59pm",38,"38","E BROADWAY RD","",6,"Local Street - Municipality",2,"Urban",4,"Minor Arterial",4,"City or Municipal Highway Agency",0,"This section IS NOT on the NHS",0,"No Special Jurisdiction",0,"None",33.40696944,33.40696944,-112.01896389,-112.01896389,9,"Pedalcyclist",0,"The First Harmful Event was Not a Collision with a Motor Vehicle in Transport",0,"No",1,"Non-Junction",1,"Not an Intersection",1,"On Roadway",0,"None",1,"Daylight",1,"Clear",0,"No","0000000","Not Applicable",99,"Unknown",99,"Unknown",99,"Unknown EMS Scene Arrival Hour",99,"Unknown EMS Scene Arrival Minutes",99,"Unknown",99,"Unknown EMS Hospital Arrival Time",1,"Others","Weekday","TQ3_Year","2nd Quarter (Month)"
"4","Arizona","41013",1,1,1,1,0,2,2,19,"PIMA (19)",530,"TUCSON",10,"October",20,20,5,"Thursday",2022,17,"5:00pm-5:59pm",19,"19","E BROADWAY BLVD","",6,"Local Street - Municipality",2,"Urban",3,"Principal Arterial - Other",4,"City or Municipal Highway Agency",0,"This section IS NOT on the NHS",0,"No Special Jurisdiction",0,"None",32.22163056,32.22163056,-110.91913056,-110.91913056,8,"Pedestrian",0,"The First Harmful Event was Not a Collision with a Motor Vehicle in Transport",0,"No",1,"Non-Junction",1,"Not an Intersection",1,"On Roadway",0,"None",5,"Dusk",1,"Clear",0,"No","0000000","Not Applicable",19,"7:00pm-7:59pm",19,"19",19,"7:00pm-7:59pm",25,"25",99,"Unknown",99,"Unknown EMS Hospital Arrival Time",1,"Others","Weekday","TQ3_Year","2nd Quarter (Month)"
"4","Arizona","41018",1,1,1,1,0,1,1,19,"PIMA (19)",530,"TUCSON",10,"October",27,27,5,"Thursday",2022,21,"9:00pm-9:59pm",23,"23","E BROADWAY BLVD","",6,"Local Street - Municipality",2,"Urban",3,"Principal Arterial - Other",4,"City or Municipal Highway Agency",0,"This section IS NOT on the NHS",0,"No Special Jurisdiction",0,"None",32.22090556,32.22090556,-110.81185,-110.81185,8,"Pedestrian",0,"The First Harmful Event was Not a Collision with a Motor Vehicle in Transport",0,"No",1,"Non-Junction",1,"Not an Intersection",1,"On Roadway",0,"None",3,"Dark - Lighted",1,"Clear",0,"No","0000000","Not Applicable",21,"9:00pm-9:59pm",25,"25",21,"9:00pm-9:59pm",29,"29",88,"Not Applicable (Not Transported)",88,"Not Applicable (Not Transported)",1,"Others","Weekday","TQ3_Year","Last Quarter (Month)"
"4","Arizona","41019",1,1,1,1,0,1,1,13,"MARICOPA (13)",370,"PHOENIX",10,"October",27,27,5,"Thursday",2022,22,"10:00pm-10:59pm",21,"21","E BROADWAY RD","",6,"Local Street - Municipality",2,"Urban",4,"Minor Arterial",4,"City or Municipal Highway Agency",0,"This section IS NOT on the NHS",0,"No Special Jurisdiction",0,"None",33.4068,33.4068,-112.04050556,-112.04050556,8,"Pedestrian",0,"The First Harmful Event was Not a Collision with a Motor Vehicle in Transport",0,"No",1,"Non-Junction",1,"Not an Intersection",1,"On Roadway",0,"None",3,"Dark - Lighted",1,"Clear",0,"No","0000000","Not Applicable",22,"10:00pm-10:59pm",23,"23",22,"10:00pm-10:59pm",29,"29",88,"Not Applicable (Not Transported)",88,"Not Applicable (Not Transported)",1,"Others","Weekday","TQ3_Year","Last Quarter (Month)"
"4","Arizona","41028",0,0,2,2,0,2,2,13,"MARICOPA (13)",368,"PEORIA",10,"October",30,30,1,"Sunday",2022,18,"6:00pm-6:59pm",11,"11","US-60","",2,"US Highway",2,"Urban",3,"Principal Arterial - Other",1,"State Highway Agency",1,"This section IS ON the NHS",0,"No Special Jurisdiction",1192,"1192",33.58783056,33.58783056,-112.24519167,-112.24519167,12,"Motor Vehicle In-Transport",1,"Front-to-Rear",0,"No",1,"Non-Junction",1,"Not an Intersection",1,"On Roadway",0,"None",3,"Dark - Lighted",1,"Clear",0,"No","0000000","Not Applicable",99,"Unknown",99,"Unknown",99,"Unknown EMS Scene Arrival Hour",99,"Unknown EMS Scene Arrival Minutes",99,"Unknown",99,"Unknown EMS Hospital Arrival Time",1,"US Highway","Weekend","TQ3_Year","Last Quarter (Month)"
"4","Arizona","41030",0,0,1,1,0,3,3,13,"MARICOPA (13)",420,"SCOTTSDALE",3,"March",5,5,7,"Saturday",2022,23,"11:00pm-11:59pm",51,"51","E INDIAN SCHOOL RD","",6,"Local Street - Municipality",2,"Urban",3,"Principal Arterial - Other",4,"City or Municipal Highway Agency",1,"This section IS ON the NHS",0,"No Special Jurisdiction",0,"None",33.49498056,33.49498056,-111.92055278,-111.92055278,5,"Fell/Jumped from Vehicle",0,"The First Harmful Event was Not a Collision with a Motor Vehicle in Transport",0,"No",1,"Non-Junction",1,"Not an Intersection",1,"On Roadway",0,"None",3,"Dark - Lighted",1,"Clear",0,"No","0000000","Not Applicable",99,"Unknown",99,"Unknown",99,"Unknown EMS Scene Arrival Hour",99,"Unknown EMS Scene Arrival Minutes",99,"Unknown",99,"Unknown EMS Hospital Arrival Time",1,"Others","Weekend","FQ1_Year","1st Quarter (Month)"
"4","Arizona","41038",1,1,1,1,0,2,2,19,"PIMA (19)",530,"TUCSON",8,"August",24,24,4,"Wednesday",2022,1,"1:00am-1:59am",35,"35","NOGALES HWY","",8,"Other",2,"Urban",4,"Minor Arterial",4,"City or Municipal Highway Agency",0,"This section IS NOT on the NHS",0,"No Special Jurisdiction",292,"292",32.12253889,32.12253889,-110.96100278,-110.96100278,8,"Pedestrian",0,"The First Harmful Event was Not a Collision with a Motor Vehicle in Transport",0,"No",1,"Non-Junction",1,"Not an Intersection",1,"On Roadway",0,"None",2,"Dark - Not Lighted",1,"Clear",0,"No","0000000","Not Applicable",1,"1:00am-1:59am",35,"35",1,"1:00am-1:59am",40,"40",88,"Not Applicable (Not Transported)",88,"Not Applicable (Not Transported)",1,"Others","Weekday","SQ2_Year","Last Quarter (Month)"