"state","statename","st_case","peds","pernotmvit","ve_total","ve_forms","pvh_invl","persons","permvit","county","countyname","city","cityname","month","monthname","day","dayname","day_week","day_weekname","year","hour","hourname","minute","minutename","tway_id","tway_id2","route","routename","rur_urb","rur_urbname","func_sys","func_sysname","rd_owner","rd_ownername","nhs","nhsname","sp_jur","sp_jurname","milept","mileptname","latitude","latitudename","longitud","longitudname","harm_ev","harm_evname","man_coll","man_collname","reljct1","reljct1name","reljct2","reljct2name","typ_int","typ_intname","rel_road","rel_roadname","wrk_zone","wrk_zonename","lgt_cond","lgt_condname","weather","weathername","sch_bus","sch_busname","rail","railname","not_hour","not_hourname","not_min","not_minname","arr_hour","arr_hourname","arr_min","arr_minname","hosp_hr","hosp_hrname","hosp_mn","hosp_mnname","fatals","route_category","day_type","quarter_year","day_quarter"
"4","Arizona","41043",0,0,1,1,0,1,1,13,"MARICOPA (13)",370,"PHOENIX",10,"October",1,1,7,"Saturday",2022,2,"2:00am-2:59am",53,"53","W THOMAS RD","",8,"Other",2,"Urban",4,"Minor Arterial",4,"City or Municipal Highway Agency",0,"This section IS NOT on the NHS",0,"No Special Jurisdiction",638,"638",33.480575,33.480575,-112.15661389,-112.15661389,33,"Curb",0,"The First Harmful Event was Not a Collision with a Motor Vehicle in Transport",0,"No",1,"Non-Junction",1,"Not an Intersection",4,"On Roadside",0,"None",3,"Dark - Lighted",1,"Clear",0,"No","0000000","Not Applicable",99,"Unknown",99,"Unknown",99,"Unknown EMS Scene Arrival Hour",99,"Unknown EMS Scene Arrival Minutes",99,"Unknown",99,"Unknown EMS Hospital Arrival Time",1,"Others","Weekend","TQ3_Year","1st Quarter (Month)"
"4","Arizona","41051",0,0,2,2,0,3,3,25,"YAVAPAI (25)",0,"NOT APPLICABLE",11,"November",2,2,4,"Wednesday",2022,22,"10:00pm-10:59pm",31,"31","US-93","",2,"US Highway",1,"Rural",3,"Principal Arterial - Other",1,"State Highway Agency",1,"This section IS ON the NHS",0,"No Special Jurisdiction",1787,"1787",34.18084444,34.18084444,-113.03654722,-113.03654722,12,"Motor Vehicle In-Transport",2,"Front-to-Front",0,"No",1,"Non-Junction",1,"Not an Intersection",1,"On Roadway",0,"None",2,"Dark - Not Lighted",1,"Clear",0,"No","0000000","Not Applicable",22,"10:00pm-10:59pm",32,"32",22,"10:00pm-10:59pm",50,"50",88,"Not Applicable (Not Transported)",88,"Not Applicable (Not Transported)",3,"US Highway","Weekday","TQ3_Year","1st Quarter (Month)"
"4","Arizona","41052",1,1,1,1,0,1,1,13,"MARICOPA (13)",370,"PHOENIX",11,"November",3,3,5,"Thursday",2022,21,"9:00pm-9:59pm",23,"23","W SOUTHERN AVE","",8,"Other",2,"Urban",4,"Minor Arterial",4,"City or Municipal Highway Agency",0,"This section IS NOT on the NHS",0,"No Special Jurisdiction",656,"656",33.39229722,33.39229722,-112.07801389,-112.07801389,8,"Pedestrian",0,"The First Harmful Event was Not a Collision with a Motor Vehicle in Transport",0,"No",1,"Non-Junction",1,"Not an Intersection",1,"On Roadway",0,"None",3,"Dark - Lighted",1,"Clear",0,"No","0000000","Not Applicable",99,"Unknown",99,"Unknown",99,"Unknown EMS Scene Arrival Hour",97,"Officially Cancelled",99,"Unknown",97,"Officially Canceled",1,"Others","Weekday","TQ3_Year","1st Quarter (Month)"
"4","Arizona","41053",1,1,1,1,0,1,1,13,"MARICOPA (13)",370,"PHOENIX",11,"November",3,3,5,"Thursday",2022,23,"11:00pm-11:59pm",45,"45","W INDIAN SCHOOL RD","",8,"Other",2,"Urban",3,"Principal Arterial - Other",4,"City or Municipal Highway Agency",1,"This section IS ON the NHS",0,"No Special Jurisdiction",609,"609",33.49487778,33.49487778,-112.12862222,-112.12862222,8,"Pedestrian",0,"The First Harmful Event was Not a Collision with a Motor Vehicle in Transport",0,"No",1,"Non-Junction",1,"Not an Intersection",1,"On Roadway",0,"None",3,"Dark - Lighted",1,"Clear",0,"No","0000000","Not Applicable",99,"Unknown",99,"Unknown",99,"Unknown EMS Scene Arrival Hour",99,"Unknown EMS Scene Arrival Minutes",99,"Unknown",99,"Unknown EMS Hospital Arrival Time",1,"Others","Weekday","TQ3_Year","1st Quarter (Month)"
"4","Arizona","41058",0,0,1,1,0,2,2,3,"COCHISE (3)",431,"SIERRA VISTA",11,"November",8,8,3,"Tuesday",2022,8,"8:00am-8:59am",56,"56","SR-90","",3,"State Highway",1,"Rural",3,"Principal Arterial - Other",1,"State Highway Agency",1,"This section IS ON the NHS",0,"No Special Jurisdiction",251,"251",31.605375,31.605375,-110.32977222,-110.32977222,1,"Rollover/Overturn",0,"The First Harmful Event was Not a Collision with a Motor Vehicle in Transport",0,"No",1,"Non-Junction",1,"Not an Intersection",2,"On Shoulder",0,"None",1,"Daylight",1,"Clear",0,"No","0000000","Not Applicable",8,"8:00am-8:59am",56,"56",9,"9:00am-9:59am",4,"4",88,"Not Applicable (Not Transported)",88,"Not Applicable (Not Transported)",2,"State Highway","Weekday","TQ3_Year","1st Quarter (Month)"
"4","Arizona","41070",1,1,1,1,0,1,1,19,"PIMA (19)",530,"TUCSON",11,"November",15,15,3,"Tuesday",2022,22,"10:00pm-10:59pm",1,"1","CRAYCROFT RD","",8,"Other",2,"Urban",4,"Minor Arterial",4,"City or Municipal Highway Agency",0,"This section IS NOT on the NHS",0,"No Special Jurisdiction",76,"76",32.20416667,32.20416667,-110.87502778,-110.87502778,8,"Pedestrian",0,"The First Harmful Event was Not a Collision with a Motor Vehicle in Transport",0,"No",1,"Non-Junction",1,"Not an Intersection",1,"On Roadway",0,"None",2,"Dark - Not Lighted",1,"Clear",0,"No","0000000","Not Applicable",22,"10:00pm-10:59pm",1,"1",22,"10:00pm-10:59pm",5,"5",88,"Not Applicable (Not Transported)",88,"Not Applicable (Not Transported)",1,"Others","Weekday","TQ3_Year","2nd Quarter (Month)"
"4","Arizona","41071",1,1,1,1,0,1,1,13,"MARICOPA (13)",370,"PHOENIX",11,"November",15,15,3,"Tuesday",2022,23,"11:00pm-11:59pm",45,"45","W SOUTHERN AVE","",8,"Other",2,"Urban",4,"Minor Arterial",4,"City or Municipal Highway Agency",0,"This section IS NOT on the NHS",0,"No Special Jurisdiction",630,"630",33.39214167,33.39214167,-112.12437778,-112.12437778,8,"Pedestrian",0,"The First Harmful Event was Not a Collision with a Motor Vehicle in Transport",0,"No",1,"Non-Junction",1,"Not an Intersection",1,"On Roadway",0,"None",3,"Dark - Lighted",1,"Clear",0,"No","0000000","Not Applicable",99,"Unknown",99,"Unknown",99,"Unknown EMS Scene Arrival Hour",97,"Officially Cancelled",99,"Unknown",97,"Officially Canceled",1,"Others","Weekday","TQ3_Year","2nd Quarter (Month)"
"4","Arizona","41082",1,1,2,2,0,2,2,19,"PIMA (19)",530,"TUCSON",11,"November",24,24,5,"Thursday",2022,19,"7:00pm-7:59pm",25,"25","1ST AVE","",8,"Other",2,"Urban",4,"Minor Arterial",4,"City or Municipal Highway Agency",0,"This section IS NOT on the NHS",0,"No Special Jurisdiction",29,"29",32.26439167,32.26439167,-110.96104167,-110.96104167,8,"Pedestrian",0,"The First Harmful Event was Not a Collision with a Motor Vehicle in Transport",0,"No",1,"Non-Junction",1,"Not an Intersection",1,"On Roadway",0,"None",3,"Dark - Lighted",1,"Clear",0,"No","0000000","Not Applicable",19,"7:00pm-7:59pm",25,"25",19,"7:00pm-7:59pm",25,"25",88,"Not Applicable (Not Transported)",88,"Not Applicable (Not Transported)",1,"Others","Weekday","TQ3_Year","Last Quarter (Month)"
"4","Arizona","41091",1,1,1,1,0,1,1,13,"MARICOPA (13)",370,"PHOENIX",11,"November",28,28,2,"Monday",2022,2,"2:00am-2:59am",51,"51","W SOUTHERN AVE","",6,"Local Street - Municipality",2,"Urban",4,"Minor Arterial",4,"City or Municipal Highway Agency",0,"This section IS NOT on the NHS",0,"No Special Jurisdiction",0,"None",33.39196944,33.39196944,-112.18196667,-112.18196667,8,"Pedestrian",0,"The First Harmful Event was Not a Collision with a Motor Vehicle in Transport",0,"No",1,"Non-Junction",1,"Not an Intersection",1,"On Roadway",0,"None",3,"Dark - Lighted",1,"Clear",0,"No","0000000","Not Applicable",99,"Unknown",99,"Unknown",99,"Unknown EMS Scene Arrival Hour",99,"Unknown EMS Scene Arrival Minutes",88,"Not Applicable (Not Transported)",88,"Not Applicable (Not Transported)",1,"Others","Weekday","TQ3_Year","Last Quarter (Month)"
"4","Arizona","41095",1,1,1,1,0,1,1,13,"MARICOPA (13)",370,"PHOENIX",11,"November",29,29,3,"Tuesday",2022,18,"6:00pm-6:59pm",37,"37","W BASELINE RD","",6,"Local Street - Municipality",2,"Urban",4,"Minor Arterial",4,"City or Municipal Highway Agency",0,"This section IS NOT on the NHS",0,"No Special Jurisdiction",613,"613",33.37761667,33.37761667,-112.169325,-112.169325,8,"Pedestrian",0,"The First Harmful Event was Not a Collision with a Motor Vehicle in Transport",0,"No",1,"Non-Junction",1,"Not an Intersection",1,"On Roadway",0,"None",3,"Dark - Lighted",1,"Clear",0,"No","0000000","Not Applicable",99,"Unknown",99,"Unknown",99,"Unknown EMS Scene Arrival Hour",99,"Unknown EMS Scene Arrival Minutes",99,"Unknown",99,"Unknown EMS Hospital Arrival Time",1,"Others","Weekday","TQ3_Year","Last Quarter (Month)"
"4","Arizona","41096",1,1,1,1,0,1,1,19,"PIMA (19)",530,"TUCSON",11,"November",29,29,3,"Tuesday",2022,18,"6:00pm-6:59pm",46,"46","E SPEEDWAY BLVD","",5,"Local Street - Township",2,"Urban",3,"Principal Arterial - Other",4,"City or Municipal Highway Agency",0,"This section IS NOT on the NHS",0,"No Special Jurisdiction",48,"48",32.23613333,32.23613333,-110.88783611,-110.88783611,8,"Pedestrian",0,"The First Harmful Event was Not a Collision with a Motor Vehicle in Transport",0,"No",1,"Non-Junction",1,"Not an Intersection",1,"On Roadway",0,"None",3,"Dark - Lighted",1,"Clear",0,"No","0000000","Not Applicable",18,"6:00pm-6:59pm",46,"46",18,"6:00pm-6:59pm",51,"51",88,"Not Applicable (Not Transported)",88,"Not Applicable (Not Transported)",1,"Others","Weekday","TQ3_Year","Last Quarter (Month)"
"4","Arizona","41097",1,1,1,1,0,1,1,13,"MARICOPA (13)",370,"PHOENIX",12,"December",1,1,5,"Thursday",2022,19,"7:00pm-7:59pm",53,"53","E VAN BUREN ST","",6,"Local Street - Municipality",2,"Urban",4,"Minor Arterial",4,"City or Municipal Highway Agency",0,"This section IS NOT on the NHS",0,"No Special Jurisdiction",0,"None",33.45131111,33.45131111,-112.03243611,-112.03243611,8,"Pedestrian",0,"The First Harmful Event was Not a Collision with a Motor Vehicle in Transport",0,"No",1,"Non-Junction",1,"Not an Intersection",1,"On Roadway",0,"None",3,"Dark - Lighted",1,"Clear",0,"No","0000000","Not Applicable",99,"Unknown",99,"Unknown",99,"Unknown EMS Scene Arrival Hour",99,"Unknown EMS Scene Arrival Minutes",99,"Unknown",99,"Unknown EMS Hospital Arrival Time",1,"Others","Weekday","TQ3_Year","1st Quarter (Month)"
"4","Arizona","41103",1,1,1,1,0,1,1,13,"MARICOPA (13)",370,"PHOENIX",12,"December",4,4,1,"Sunday",2022,23,"11:00pm-11:59pm",24,"24","W MCDOWELL RD","",6,"Local Street - Municipality",2,"Urban",4,"Minor Arterial",4,"City or Municipal Highway Agency",0,"This section IS NOT on the NHS",0,"No Special Jurisdiction",0,"None",33.46591111,33.46591111,-112.13578333,-112.13578333,8,"Pedestrian",0,"The First Harmful Event was Not a Collision with a Motor Vehicle in Transport",0,"No",1,"Non-Junction",1,"Not an Intersection",1,"On Roadway",0,"None",3,"Dark - Lighted",1,"Clear",0,"No","0000000","Not Applicable",99,"Unknown",99,"Unknown",99,"Unknown EMS Scene Arrival Hour",99,"Unknown EMS Scene Arrival Minutes",88,"Not Applicable (Not Transported)",88,"Not Applicable (Not Transported)",1,"Others","Weekend","TQ3_Year","1st Quarter (Month)"
"4","Arizona","41105",1,1,1,1,0,1,1,13,"MARICOPA (13)",370,"PHOENIX",12,"December",5,5,2,"Monday",2022,18,"6:00pm-6:59pm",10,"10","S 7TH AVE","",6,"Local Street - Municipality",2,"Urban",4,"Minor Arterial",4,"City or Municipal Highway Agency",0,"This section IS NOT on the NHS",0,"No Special Jurisdiction",0,"None",33.41203611,33.41203611,-112.08208889,-112.08208889,8,"Pedestrian",0,"The First Harmful Event was Not a Collision with a Motor Vehicle in Transport",0,"No",1,"Non-Junction",1,"Not an Intersection",1,"On Roadway",0,"None",3,"Dark - Lighted",1,"Clear",0,"No","0000000","Not Applicable",99,"Unknown",99,"Unknown",99,"Unknown EMS Scene Arrival Hour",99,"Unknown EMS Scene Arrival Minutes",99,"Unknown",99,"Unknown EMS Hospital Arrival Time",1,"Others","Weekday","TQ3_Year","1st Quarter (Month)"
"4","Arizona","41107",1,1,1,1,0,1,1,13,"MARICOPA (13)",370,"PHOENIX",12,"December",6,6,3,"Tuesday",2022,3,"3:00am-3:59am",45,"45","W JACKSON ST","",6,"Local Street - Municipality",2,"Urban",4,"Minor Arterial",4,"City or Municipal Highway Agency",0,"This section IS NOT on the NHS",0,"No Special Jurisdiction",0,"None",33.44549444,33.44549444,-112.11641944,-112.11641944,8,"Pedestrian",0,"The First Harmful Event was Not a Collision with a Motor Vehicle in Transport",0,"No",1,"Non-Junction",1,"Not an Intersection",1,"On Roadway",0,"None",3,"Dark - Lighted",1,"Clear",0,"No","0000000","Not Applicable",99,"Unknown",99,"Unknown",99,"Unknown EMS Scene Arrival Hour",97,"Officially Cancelled",99,"Unknown",97,"Officially Canceled",1,"Others","Weekday","TQ3_Year","1st Quarter (Month)"
"4","Arizona","41108",0,0,2,2,0,5,5,13,"MARICOPA (13)",370,"PHOENIX",12,"December",6,6,3,"Tuesday",2022,9,"9:00am-9:59am",5,"5","E THOMAS RD","",6,"Local Street - Municipality",2,"Urban",4,"Minor Arterial",4,"City or Municipal Highway Agency",0,"This section IS NOT on the NHS",0,"No Special Jurisdiction",0,"None",33.48021667,33.48021667,-112.06335278,-112.06335278,12,"Motor Vehicle In-Transport",2,"Front-to-Front",0,"No",1,"Non-Junction",1,"Not an Intersection",1,"On Roadway",0,"None",1,"Daylight",1,"Clear",0,"No","0000000","Not Applicable",99,"Unknown",99,"Unknown",99,"Unknown EMS Scene Arrival Hour",99,"Unknown EMS Scene Arrival Minutes",99,"Unknown",99,"Unknown EMS Hospital Arrival Time",1,"Others","Weekday","TQ3_Year","1st Quarter (Month)"
"4","Arizona","41109",1,1,2,2,0,3,3,13,"MARICOPA (13)",370,"PHOENIX",12,"December",6,6,3,"Tuesday",2022,22,"10:00pm-10:59pm",41,"41","W THOMAS RD","",6,"Local Street - Municipality",2,"Urban",4,"Minor Arterial",4,"City or Municipal Highway Agency",0,"This section IS NOT on the NHS",0,"No Special Jurisdiction",0,"None",33.47978889,33.47978889,-112.25718056,-112.25718056,8,"Pedestrian",0,"The First Harmful Event was Not a Collision with a Motor Vehicle in Transport",0,"No",1,"Non-Junction",1,"Not an Intersection",1,"On Roadway",0,"None",3,"Dark - Lighted",1,"Clear",0,"No","0000000","Not Applicable",22,"10:00pm-10:59pm",41,"41",22,"10:00pm-10:59pm",46,"46",88,"Not Applicable (Not Transported)",88,"Not Applicable (Not Transported)",1,"Others","Weekday","TQ3_Year","1st Quarter (Month)"
"4","Arizona","41110",1,1,1,1,0,1,1,13,"MARICOPA (13)",370,"PHOENIX",12,"December",8,8,5,"Thursday",2022,6,"6:00am-6:59am",42,"42","N 27TH AVE","",6,"Local Street - Municipality",2,"Urban",4,"Minor Arterial",4,"City or Municipal Highway Agency",0,"This section IS NOT on the NHS",0,"No Special Jurisdiction",0,"None",33.50563611,33.50563611,-112.11710278,-112.11710278,8,"Pedestrian",0,"The First Harmful Event was Not a Collision with a Motor Vehicle in Transport",0,"No",1,"Non-Junction",1,"Not an Intersection",1,"On Roadway",0,"None",3,"Dark - Lighted",1,"Clear",0,"No","0000000","Not Applicable",99,"Unknown",99,"Unknown",99,"Unknown EMS Scene Arrival Hour",99,"Unknown EMS Scene Arrival Minutes",99,"Unknown",99,"Unknown EMS Hospital Arrival Time",1,"Others","Weekday","TQ3_Year","1st Quarter (Month)"
"4","Arizona","41112",1,1,1,1,0,1,1,13,"MARICOPA (13)",290,"MESA",12,"December",8,8,5,"Thursday",2022,8,"8:00am-8:59am",28,"28","US-60","",2,"US Highway",2,"Urban",2,"Principal Arterial - Other Freeways and Expressways",1,"State Highway Agency",1,"This section IS ON the NHS",0,"No Special Jurisdiction",1531,"1531",33.38655,33.38655,-111.74390278,-111.74390278,8,"Pedestrian",0,"The First Harmful Event was Not a Collision with a Motor Vehicle in Transport",0,"No",1,"Non-Junction",1,"Not an Intersection",1,"On Roadway",0,"None",1,"Daylight",1,"Clear",0,"No","0000000","Not Applicable",8,"8:00am-8:59am",29,"29",8,"8:00am-8:59am",35,"35",99,"Unknown",99,"Unknown EMS Hospital Arrival Time",1,"US Highway","Weekday","TQ3_Year","1st Quarter (Month)"
"4","Arizona","41121",0,0,1,1,0,1,1,13,"MARICOPA (13)",370,"PHOENIX",12,"December",11,11,1,"Sunday",2022,19,"7:00pm-7:59pm",2,"2","I-17","",1,"Interstate",2,"Urban",1,"Interstate",1,"State Highway Agency",1,"This section IS ON the NHS",0,"No Special Jurisdiction",322,"322",33.83176667,33.83176667,-112.14515556,-112.14515556,38,"Fence",0,"The First Harmful Event was Not a Collision with a Motor Vehicle in Transport",0,"No",1,"Non-Junction",1,"Not an Intersection",4,"On Roadside",0,"None",3,"Dark - Lighted",1,"Clear",0,"No","0000000","Not Applicable",19,"7:00pm-7:59pm",2,"2",19,"7:00pm-7:59pm",29,"29",88,"Not Applicable (Not Transported)",88,"Not Applicable (Not Transported)",1,"State Highway","Weekend","TQ3_Year","2nd Quarter (Month)"
"4","Arizona","41125",1,1,1,1,0,1,1,13,"MARICOPA (13)",370,"PHOENIX",12,"December",14,14,4,"Wednesday",2022,18,"6:00pm-6:59pm",2,"2","W THOMAS RD","",6,"Local Street - Municipality",2,"Urban",4,"Minor Arterial",4,"City or Municipal Highway Agency",0,"This section IS NOT on the NHS",0,"No Special Jurisdiction",622,"622",33.480525,33.480525,-112.18167778,-112.18167778,8,"Pedestrian",0,"The First Harmful Event was Not a Collision with a Motor Vehicle in Transport",0,"No",1,"Non-Junction",1,"Not an Intersection",1,"On Roadway",0,"None",3,"Dark - Lighted",1,"Clear",0,"No","0000000","Not Applicable",99,"Unknown",99,"Unknown",99,"Unknown EMS Scene Arrival Hour",99,"Unknown EMS Scene Arrival Minutes",88,"Not Applicable (Not Transported)",88,"Not Applicable (Not Transported)",1,"Others","Weekday","TQ3_Year","2nd Quarter (Month)"
"4","Arizona","41134",1,1,1,1,0,1,1,19,"PIMA (19)",530,"TUCSON",12,"December",20,20,3,"Tuesday",2022,4,"4:00am-4:59am",48,"48","FLOWING WELLS RD","",8,"Other",2,"Urban",4,"Minor Arterial",4,"City or Municipal Highway Agency",0,"This section IS NOT on the NHS",0,"No Special Jurisdiction",22,"22",32.27806944,32.27806944,-110.99496111,-110.99496111,8,"Pedestrian",0,"The First Harmful Event was Not a Collision with a Motor Vehicle in Transport",0,"No",1,"Non-Junction",1,"Not an Intersection",1,"On Roadway",0,"None",3,"Dark - Lighted",1,"Clear",0,"No","0000000","Not Applicable",4,"4:00am-4:59am",58,"58",5,"5:00am-5:59am",3,"3",88,"Not Applicable (Not Transported)",88,"Not Applicable (Not Transported)",1,"Others","Weekday","TQ3_Year","2nd Quarter (Month)"
"4","Arizona","41136",0,0,2,2,0,2,2,13,"MARICOPA (13)",290,"MESA",12,"December",20,20,3,"Tuesday",2022,22,"10:00pm-10:59pm",24,"24","VAL VISTA DR","",6,"Local Street - Municipality",2,"Urban",4,"Minor Arterial",4,"City or Municipal Highway Agency",0,"This section IS NOT on the NHS",0,"No Special Jurisdiction",144,"144",33.41380278,33.41380278,-111.75369167,-111.75369167,12,"Motor Vehicle In-Transport",1,"Front-to-Rear",0,"No",1,"Non-Junction",1,"Not an Intersection",1,"On Roadway",0,"None",3,"Dark - Lighted",1,"Clear",0,"No","0000000","Not Applicable",22,"10:00pm-10:59pm",25,"25",22,"10:00pm-10:59pm",31,"31",88,"Not Applicable (Not Transported)",88,"Not Applicable (Not Transported)",1,"Others","Weekday","TQ3_Year","2nd Quarter (Month)"
"4","Arizona","41139",0,0,2,2,0,3,3,21,"PINAL (21)",435,"SAN TAN VALLEY",12,"December",23,23,6,"Friday",2022,13,"1:00pm-1:59pm",27,"27","GANTZEL RD","",6,"Local Street - Municipality",2,"Urban",4,"Minor Arterial",4,"City or Municipal Highway Agency",0,"This section IS NOT on the NHS",0,"No Special Jurisdiction",0,"None",33.20253056,33.20253056,-111.56480278,-111.56480278,24,"Guardrail Face",0,"The First Harmful Event was Not a Collision with a Motor Vehicle in Transport",0,"No",1,"Non-Junction",1,"Not an Intersection",4,"On Roadside",0,"None",1,"Daylight",1,"Clear",0,"No","0000000","Not Applicable",13,"1:00pm-1:59pm",28,"28",13,"1:00pm-1:59pm",31,"31",99,"Unknown",99,"Unknown EMS Hospital Arrival Time",2,"Others","Weekday","TQ3_Year","Last Quarter (Month)"
"4","Arizona","41140",0,0,2,2,0,2,2,19,"PIMA (19)",530,"TUCSON",12,"December",24,24,7,"Saturday",2022,1,"1:00am-1:59am",17,"17","BROADWAY BLVD","",6,"Local Street - Municipality",2,"Urban",3,"Principal Arterial - Other",4,"City or Municipal Highway Agency",0,"This section IS NOT on the NHS",0,"No Special Jurisdiction",0,"None",32.22106111,32.22106111,-110.81336944,-110.81336944,12,"Motor Vehicle In-Transport",1,"Front-to-Rear",0,"No",1,"Non-Junction",1,"Not an Intersection",1,"On Roadway",0,"None",3,"Dark - Lighted",1,"Clear",0,"No","0000000","Not Applicable",0,"0:00am-0:59am",17,"17",0,"0:00am-0:59am",24,"24",88,"Not Applicable (Not Transported)",88,"Not Applicable (Not Transported)",1,"Others","Weekend","TQ3_Year","Last Quarter (Month)"
"4","Arizona","41141",0,0,2,2,0,2,2,13,"MARICOPA (13)",200,"GLENDALE",12,"December",24,24,7,"Saturday",2022,23,"11:00pm-11:59pm",53,"53","E GLENDALE AVE","",6,"Local Street - Municipality",2,"Urban",4,"Minor Arterial",3,"Town or Township Highway Agency",0,"This section IS NOT on the NHS",0,"No Special Jurisdiction",0,"None",33.53831667,33.53831667,-112.070725,-112.070725,12,"Motor Vehicle In-Transport",2,"Front-to-Front",0,"No",1,"Non-Junction",1,"Not an Intersection",1,"On Roadway",0,"None",3,"Dark - Lighted",1,"Clear",0,"No","0000000","Not Applicable",99,"Unknown",99,"Unknown",99,"Unknown EMS Scene Arrival Hour",99,"Unknown EMS Scene Arrival Minutes",99,"Unknown",99,"Unknown EMS Hospital Arrival Time",1,"Others","Weekend","TQ3_Year","Last Quarter (Month)"
"4","Arizona","41143",0,0,1,1,0,1,1,19,"PIMA (19)",219,"GREEN VALLEY",12,"December",26,26,2,"Monday",2022,18,"6:00pm-6:59pm",27,"27","I-19","",1,"Interstate",2,"Urban",3,"Principal Arterial - Other",1,"State Highway Agency",1,"This section IS ON the NHS",0,"No Special Jurisdiction",380,"380",31.83608056,31.83608056,-110.99918889,-110.99918889,1,"Rollover/Overturn",0,"The First Harmful Event was Not a Collision with a Motor Vehicle in Transport",0,"No",1,"Non-Junction",1,"Not an Intersection",4,"On Roadside",0,"None",2,"Dark - Not Lighted",1,"Clear",0,"No","0000000","Not Applicable",18,"6:00pm-6:59pm",23,"23",18,"6:00pm-6:59pm",33,"33",88,"Not Applicable (Not Transported)",88,"Not Applicable (Not Transported)",1,"State Highway","Weekday","TQ3_Year","Last Quarter (Month)"
"4","Arizona","41159",1,1,1,1,0,1,1,13,"MARICOPA (13)",80,"CHANDLER",10,"October",27,27,5,"Thursday",2022,4,"4:00am-4:59am",43,"43","HUNT HWY","",9,"Unknown",2,"Urban",4,"Minor Arterial",2,"County Highway Agency",0,"This section IS NOT on the NHS",0,"No Special Jurisdiction",0,"None",33.20411667,33.20411667,-111.83480556,-111.83480556,8,"Pedestrian",0,"The First Harmful Event was Not a Collision with a Motor Vehicle in Transport",0,"No",1,"Non-Junction",1,"Not an Intersection",1,"On Roadway",0,"None",3,"Dark - Lighted",1,"Clear",0,"No","0000000","Not Applicable",4,"4:00am-4:59am",45,"45",4,"4:00am-4:59am",52,"52",88,"Not Applicable (Not Transported)",88,"Not Applicable (Not Transported)",1,"Others","Weekday","TQ3_Year","Last Quarter (Month)"
"4","Arizona","41163",0,0,1,1,0,1,1,13,"MARICOPA (13)",570,"WICKENBURG",12,"December",11,11,1,"Sunday",2022,23,"11:00pm-11:59pm",58,"58","US-60","",2,"US Highway",1,"Rural",4,"Minor Arterial",1,"State Highway Agency",0,"This section IS NOT on the NHS",0,"No Special Jurisdiction",711,"711",33.94729167,33.94729167,-112.8822,-112.8822,1,"Rollover/Overturn",0,"The First Harmful Event was Not a Collision with a Motor Vehicle in Transport",0,"No",1,"Non-Junction",1,"Not an Intersection",5,"Outside Trafficway",0,"None",2,"Dark - Not Lighted",1,"Clear",0,"No","0000000","Not Applicable",0,"0:00am-0:59am",1,"1",0,"0:00am-0:59am",18,"18",88,"Not Applicable (Not Transported)",88,"Not Applicable (Not Transported)",1,"US Highway","Weekend","TQ3_Year","2nd Quarter (Month)"
"4","Arizona","41166",1,1,1,1,0,1,1,13,"MARICOPA (13)",290,"MESA",11,"November",25,25,6,"Friday",2022,3,"3:00am-3:59am",47,"47","BROADWAY RD","",6,"Local Street - Municipality",2,"Urban",4,"Minor Arterial",4,"City or Municipal Highway Agency",0,"This section IS NOT on the NHS",0,"No Special Jurisdiction",0,"None",33.40777778,33.40777778,-111.59508611,-111.59508611,8,"Pedestrian",0,"The First Harmful Event was Not a Collision with a Motor Vehicle in Transport",0,"No",1,"Non-Junction",1,"Not an Intersection",1,"On Roadway",0,"None",2,"Dark - Not Lighted",1,"Clear",0,"No","0000000","Not Applicable",3,"3:00am-3:59am",47,"47",3,"3:00am-3:59am",50,"50",88,"Not Applicable (Not Transported)",88,"Not Applicable (Not Transported)",1,"Others","Weekday","TQ3_Year","Last Quarter (Month)"
"4","Arizona","41186",1,1,1,1,0,1,1,13,"MARICOPA (13)",370,"PHOENIX",12,"December",26,26,2,"Monday",2022,21,"9:00pm-9:59pm",8,"8","W BUCKEYE RD","",6,"Local Street - Municipality",2,"Urban",4,"Minor Arterial",4,"City or Municipal Highway Agency",0,"This section IS NOT on the NHS",0,"No Special Jurisdiction",0,"None",33.43676111,33.43676111,-112.11501944,-112.11501944,8,"Pedestrian",0,"The First Harmful Event was Not a Collision with a Motor Vehicle in Transport",0,"No",1,"Non-Junction",1,"Not an Intersection",1,"On Roadway",0,"None",3,"Dark - Lighted",1,"Clear",0,"No","0000000","Not Applicable",99,"Unknown",99,"Unknown",99,"Unknown EMS Scene Arrival Hour",99,"Unknown EMS Scene Arrival Minutes",99,"Unknown",99,"Unknown EMS Hospital Arrival Time",1,"Others","Weekday","TQ3_Year","Last Quarter (Month)"
"4","Arizona","41218",1,1,1,1,0,1,1,13,"MARICOPA (13)",370,"PHOENIX",10,"October",21,21,6,"Friday",2022,21,"9:00pm-9:59pm",56,"56","E GREENWAY RD","",6,"Local Street - Municipality",2,"Urban",4,"Minor Arterial",4,"City or Municipal Highway Agency",0,"This section IS NOT on the NHS",0,"No Special Jurisdiction",0,"None",33.62628333,33.62628333,-112.01651111,-112.01651111,8,"Pedestrian",0,"The First Harmful Event was Not a Collision with a Motor Vehicle in Transport",0,"No",1,"Non-Junction",1,"Not an Intersection",1,"On Roadway",0,"None",3,"Dark - Lighted",1,"Clear",0,"No","0000000","Not Applicable",21,"9:00pm-9:59pm",58,"58",22,"10:00pm-10:59pm",3,"3",88,"Not Applicable (Not Transported)",88,"Not Applicable (Not Transported)",1,"Others","Weekday","TQ3_Year","Last Quarter (Month)"