"state","statename","st_case","peds","pernotmvit","ve_total","ve_forms","pvh_invl","persons","permvit","county","countyname","city","cityname","month","monthname","day","dayname","day_week","day_weekname","year","hour","hourname","minute","minutename","tway_id","tway_id2","route","routename","rur_urb","rur_urbname","func_sys","func_sysname","rd_owner","rd_ownername","nhs","nhsname","sp_jur","sp_jurname","milept","mileptname","latitude","latitudename","longitud","longitudname","harm_ev","harm_evname","man_coll","man_collname","reljct1","reljct1name","reljct2","reljct2name","typ_int","typ_intname","rel_road","rel_roadname","wrk_zone","wrk_zonename","lgt_cond","lgt_condname","weather","weathername","sch_bus","sch_busname","rail","railname","not_hour","not_hourname","not_min","not_minname","arr_hour","arr_hourname","arr_min","arr_minname","hosp_hr","hosp_hrname","hosp_mn","hosp_mnname","fatals","route_category","day_type","quarter_year","day_quarter"
"8","Colorado","80052",0,0,1,1,0,3,3,41,"EL PASO (41)",0,"NOT APPLICABLE",2,"February",13,13,1,"Sunday",2022,17,"5:00pm-5:59pm",57,"57","I-25","",1,"Interstate",1,"Rural",1,"Interstate",1,"State Highway Agency",1,"This section IS ON the NHS",0,"No Special Jurisdiction",1203,"1203",38.57265,38.57265,-104.65718333,-104.65718333,31,"Post, Pole or Other Supports",0,"The First Harmful Event was Not a Collision with a Motor Vehicle in Transport",0,"No",1,"Non-Junction",1,"Not an Intersection",4,"On Roadside",0,"None",5,"Dusk",1,"Clear",0,"No","0000000","Not Applicable",99,"Unknown",99,"Unknown",99,"Unknown EMS Scene Arrival Hour",99,"Unknown EMS Scene Arrival Minutes",99,"Unknown",99,"Unknown EMS Hospital Arrival Time",1,"State Highway","Weekend","FQ1_Year","2nd Quarter (Month)"
"8","Colorado","80054",0,0,1,1,0,1,1,61,"KIOWA (61)",0,"NOT APPLICABLE",2,"February",15,15,3,"Tuesday",2022,19,"7:00pm-7:59pm",58,"58","SR-96","",3,"State Highway",1,"Rural",4,"Minor Arterial",1,"State Highway Agency",0,"This section IS NOT on the NHS",0,"No Special Jurisdiction",1393,"1393",38.43121111,38.43121111,-103.24625,-103.24625,11,"Live Animal",0,"The First Harmful Event was Not a Collision with a Motor Vehicle in Transport",0,"No",1,"Non-Junction",1,"Not an Intersection",1,"On Roadway",0,"None",2,"Dark - Not Lighted",1,"Clear",0,"No","0000000","Not Applicable",99,"Unknown",99,"Unknown",99,"Unknown EMS Scene Arrival Hour",99,"Unknown EMS Scene Arrival Minutes",88,"Not Applicable (Not Transported)",88,"Not Applicable (Not Transported)",1,"State Highway","Weekday","FQ1_Year","2nd Quarter (Month)"
"8","Colorado","80055",0,0,1,1,0,2,2,95,"PHILLIPS (95)",0,"NOT APPLICABLE",2,"February",13,13,1,"Sunday",2022,13,"1:00pm-1:59pm",46,"46","SR-59","",3,"State Highway",1,"Rural",4,"Minor Arterial",1,"State Highway Agency",0,"This section IS NOT on the NHS",0,"No Special Jurisdiction",1400,"1400",40.5169,40.5169,-102.62656389,-102.62656389,1,"Rollover/Overturn",0,"The First Harmful Event was Not a Collision with a Motor Vehicle in Transport",0,"No",1,"Non-Junction",1,"Not an Intersection",4,"On Roadside",0,"None",1,"Daylight",1,"Clear",0,"No","0000000","Not Applicable",99,"Unknown",99,"Unknown",99,"Unknown EMS Scene Arrival Hour",99,"Unknown EMS Scene Arrival Minutes",99,"Unknown",99,"Unknown EMS Hospital Arrival Time",1,"State Highway","Weekend","FQ1_Year","2nd Quarter (Month)"
"8","Colorado","80056",0,0,1,1,0,5,5,67,"LA PLATA (67)",0,"NOT APPLICABLE",2,"February",17,17,5,"Thursday",2022,8,"8:00am-8:59am",20,"20","SR-140","",3,"State Highway",1,"Rural",5,"Major Collector",1,"State Highway Agency",0,"This section IS NOT on the NHS",0,"No Special Jurisdiction",18,"18",37.02402778,37.02402778,-108.18227778,-108.18227778,1,"Rollover/Overturn",0,"The First Harmful Event was Not a Collision with a Motor Vehicle in Transport",0,"No",1,"Non-Junction",1,"Not an Intersection",4,"On Roadside",0,"None",1,"Daylight",1,"Clear",0,"No","0000000","Not Applicable",99,"Unknown",99,"Unknown",99,"Unknown EMS Scene Arrival Hour",99,"Unknown EMS Scene Arrival Minutes",99,"Unknown",99,"Unknown EMS Hospital Arrival Time",1,"State Highway","Weekday","FQ1_Year","2nd Quarter (Month)"
"8","Colorado","80057",1,1,2,2,0,2,2,1,"ADAMS (1)",2550,"WESTMINSTER",2,"February",18,18,6,"Friday",2022,20,"8:00pm-8:59pm",28,"28","SR-95   N SHERIDAN BLVD","",3,"State Highway",2,"Urban",3,"Principal Arterial - Other",1,"State Highway Agency",1,"This section IS ON the NHS",0,"No Special Jurisdiction",131,"131",39.84091111,39.84091111,-105.05323333,-105.05323333,8,"Pedestrian",0,"The First Harmful Event was Not a Collision with a Motor Vehicle in Transport",0,"No",1,"Non-Junction",1,"Not an Intersection",1,"On Roadway",0,"None",3,"Dark - Lighted",1,"Clear",0,"No","0000000","Not Applicable",20,"8:00pm-8:59pm",35,"35",20,"8:00pm-8:59pm",40,"40",88,"Not Applicable (Not Transported)",88,"Not Applicable (Not Transported)",1,"State Highway","Weekday","FQ1_Year","2nd Quarter (Month)"
"8","Colorado","80058",0,0,1,1,0,2,2,11,"BENT (11)",0,"NOT APPLICABLE",2,"February",19,19,7,"Saturday",2022,1,"1:00am-1:59am",15,"15","US-50","",2,"US Highway",1,"Rural",3,"Principal Arterial - Other",1,"State Highway Agency",1,"This section IS ON the NHS",0,"No Special Jurisdiction",3970,"3970",38.06218889,38.06218889,-103.2508,-103.2508,1,"Rollover/Overturn",0,"The First Harmful Event was Not a Collision with a Motor Vehicle in Transport",0,"No",1,"Non-Junction",1,"Not an Intersection",4,"On Roadside",0,"None",2,"Dark - Not Lighted",1,"Clear",0,"No","0000000","Not Applicable",99,"Unknown",99,"Unknown",99,"Unknown EMS Scene Arrival Hour",99,"Unknown EMS Scene Arrival Minutes",99,"Unknown",99,"Unknown EMS Hospital Arrival Time",1,"US Highway","Weekend","FQ1_Year","2nd Quarter (Month)"
"8","Colorado","80059",1,1,1,1,0,1,1,37,"EAGLE (37)",0,"NOT APPLICABLE",2,"February",19,19,7,"Saturday",2022,19,"7:00pm-7:59pm",13,"13","US-6","",2,"US Highway",2,"Urban",5,"Major Collector",1,"State Highway Agency",0,"This section IS NOT on the NHS",0,"No Special Jurisdiction",1664,"1664",39.64055556,39.64055556,-106.58887222,-106.58887222,8,"Pedestrian",0,"The First Harmful Event was Not a Collision with a Motor Vehicle in Transport",0,"No",1,"Non-Junction",1,"Not an Intersection",1,"On Roadway",0,"None",2,"Dark - Not Lighted",1,"Clear",0,"No","0000000","Not Applicable",99,"Unknown",99,"Unknown",99,"Unknown EMS Scene Arrival Hour",99,"Unknown EMS Scene Arrival Minutes",99,"Unknown",99,"Unknown EMS Hospital Arrival Time",1,"US Highway","Weekend","FQ1_Year","2nd Quarter (Month)"
"8","Colorado","80068",0,0,2,2,0,2,2,41,"EL PASO (41)",0,"NOT APPLICABLE",2,"February",27,27,1,"Sunday",2022,7,"7:00am-7:59am",30,"30","US-24","",2,"US Highway",1,"Rural",3,"Principal Arterial - Other",1,"State Highway Agency",1,"This section IS ON the NHS",0,"No Special Jurisdiction",3261,"3261",38.99129167,38.99129167,-104.52955556,-104.52955556,12,"Motor Vehicle In-Transport",2,"Front-to-Front",0,"No",1,"Non-Junction",1,"Not an Intersection",1,"On Roadway",0,"None",1,"Daylight",1,"Clear",0,"No","0000000","Not Applicable",99,"Unknown",99,"Unknown",99,"Unknown EMS Scene Arrival Hour",99,"Unknown EMS Scene Arrival Minutes",99,"Unknown",99,"Unknown EMS Hospital Arrival Time",1,"US Highway","Weekend","FQ1_Year","Last Quarter (Month)"
"8","Colorado","80072",0,0,1,1,0,3,3,45,"GARFIELD (45)",0,"NOT APPLICABLE",2,"February",28,28,2,"Monday",2022,16,"4:00pm-4:59pm",5,"5","SR-13","",3,"State Highway",1,"Rural",3,"Principal Arterial - Other",1,"State Highway Agency",1,"This section IS ON the NHS",0,"No Special Jurisdiction",92,"92",39.62873889,39.62873889,-107.84555556,-107.84555556,1,"Rollover/Overturn",0,"The First Harmful Event was Not a Collision with a Motor Vehicle in Transport",0,"No",1,"Non-Junction",1,"Not an Intersection",4,"On Roadside",0,"None",1,"Daylight",1,"Clear",0,"No","0000000","Not Applicable",99,"Unknown",99,"Unknown",99,"Unknown EMS Scene Arrival Hour",99,"Unknown EMS Scene Arrival Minutes",99,"Unknown",99,"Unknown EMS Hospital Arrival Time",1,"State Highway","Weekday","FQ1_Year","Last Quarter (Month)"
"8","Colorado","80076",0,0,1,1,0,1,1,123,"WELD (123)",810,"FIRESTONE",2,"February",25,25,6,"Friday",2022,1,"1:00am-1:59am",59,"59","SR-119","",3,"State Highway",2,"Urban",3,"Principal Arterial - Other",1,"State Highway Agency",1,"This section IS ON the NHS",0,"No Special Jurisdiction",636,"636",40.16048889,40.16048889,-104.98070833,-104.98070833,33,"Curb",0,"The First Harmful Event was Not a Collision with a Motor Vehicle in Transport",0,"No",1,"Non-Junction",1,"Not an Intersection",4,"On Roadside",0,"None",3,"Dark - Lighted",1,"Clear",0,"No","0000000","Not Applicable",1,"1:00am-1:59am",59,"59",99,"Unknown EMS Scene Arrival Hour",99,"Unknown EMS Scene Arrival Minutes",99,"Unknown",99,"Unknown EMS Hospital Arrival Time",1,"State Highway","Weekday","FQ1_Year","Last Quarter (Month)"
"8","Colorado","80087",0,0,1,1,0,1,1,1,"ADAMS (1)",0,"NOT APPLICABLE",3,"March",8,8,3,"Tuesday",2022,6,"6:00am-6:59am",50,"50","CR-WASHINGTON ST","",4,"County Road",2,"Urban",3,"Principal Arterial - Other",2,"County Highway Agency",1,"This section IS ON the NHS",0,"No Special Jurisdiction",0,"None",39.81808333,39.81808333,-104.97833333,-104.97833333,1,"Rollover/Overturn",0,"The First Harmful Event was Not a Collision with a Motor Vehicle in Transport",0,"No",1,"Non-Junction",1,"Not an Intersection",4,"On Roadside",0,"None",1,"Daylight",1,"Clear",0,"No","0000000","Not Applicable",99,"Unknown",99,"Unknown",99,"Unknown EMS Scene Arrival Hour",99,"Unknown EMS Scene Arrival Minutes",99,"Unknown",99,"Unknown EMS Hospital Arrival Time",1,"County Road","Weekday","FQ1_Year","1st Quarter (Month)"
"8","Colorado","80088",1,1,1,1,0,2,2,101,"PUEBLO (101)",0,"NOT APPLICABLE",3,"March",8,8,3,"Tuesday",2022,19,"7:00pm-7:59pm",4,"4","US-50","",2,"US Highway",1,"Rural",3,"Principal Arterial - Other",1,"State Highway Agency",1,"This section IS ON the NHS",0,"No Special Jurisdiction",3269,"3269",38.27022222,38.27022222,-104.40811944,-104.40811944,8,"Pedestrian",0,"The First Harmful Event was Not a Collision with a Motor Vehicle in Transport",0,"No",1,"Non-Junction",1,"Not an Intersection",1,"On Roadway",0,"None",2,"Dark - Not Lighted",1,"Clear",0,"No","0000000","Not Applicable",99,"Unknown",99,"Unknown",99,"Unknown EMS Scene Arrival Hour",99,"Unknown EMS Scene Arrival Minutes",88,"Not Applicable (Not Transported)",88,"Not Applicable (Not Transported)",1,"US Highway","Weekday","FQ1_Year","1st Quarter (Month)"
"8","Colorado","80093",0,0,1,1,0,1,1,41,"EL PASO (41)",430,"COLORADO SPRINGS",3,"March",4,4,6,"Friday",2022,2,"2:00am-2:59am",11,"11","AUSTIN BLUFFS PKWY","",6,"Local Street - Municipality",2,"Urban",3,"Principal Arterial - Other",4,"City or Municipal Highway Agency",1,"This section IS ON the NHS",0,"No Special Jurisdiction",0,"None",38.88939722,38.88939722,-104.78055556,-104.78055556,25,"Concrete Traffic Barrier",0,"The First Harmful Event was Not a Collision with a Motor Vehicle in Transport",0,"No",1,"Non-Junction",1,"Not an Intersection",4,"On Roadside",0,"None",3,"Dark - Lighted",1,"Clear",0,"No","0000000","Not Applicable",2,"2:00am-2:59am",11,"11",2,"2:00am-2:59am",18,"18",88,"Not Applicable (Not Transported)",88,"Not Applicable (Not Transported)",1,"Others","Weekday","FQ1_Year","1st Quarter (Month)"
"8","Colorado","80096",1,1,1,1,0,2,2,1,"ADAMS (1)",110,"AURORA",3,"March",18,18,6,"Friday",2022,19,"7:00pm-7:59pm",52,"52","US-40   E COLFAX AVE","",2,"US Highway",2,"Urban",3,"Principal Arterial - Other",1,"State Highway Agency",1,"This section IS ON the NHS",0,"No Special Jurisdiction",3060,"3060",39.74034444,39.74034444,-104.83344444,-104.83344444,8,"Pedestrian",0,"The First Harmful Event was Not a Collision with a Motor Vehicle in Transport",0,"No",1,"Non-Junction",1,"Not an Intersection",1,"On Roadway",0,"None",3,"Dark - Lighted",1,"Clear",0,"No","0000000","Not Applicable",19,"7:00pm-7:59pm",52,"52",19,"7:00pm-7:59pm",55,"55",88,"Not Applicable (Not Transported)",88,"Not Applicable (Not Transported)",1,"US Highway","Weekday","FQ1_Year","2nd Quarter (Month)"
"8","Colorado","80097",1,1,1,1,0,1,1,1,"ADAMS (1)",110,"AURORA",3,"March",18,18,6,"Friday",2022,19,"7:00pm-7:59pm",54,"54","US-40   E COLFAX AVE","",2,"US Highway",2,"Urban",3,"Principal Arterial - Other",1,"State Highway Agency",1,"This section IS ON the NHS",0,"No Special Jurisdiction",3060,"3060",39.74034444,39.74034444,-104.83344444,-104.83344444,8,"Pedestrian",0,"The First Harmful Event was Not a Collision with a Motor Vehicle in Transport",0,"No",1,"Non-Junction",1,"Not an Intersection",1,"On Roadway",0,"None",3,"Dark - Lighted",1,"Clear",0,"No","0000000","Not Applicable",99,"Unknown",99,"Unknown",99,"Unknown EMS Scene Arrival Hour",99,"Unknown EMS Scene Arrival Minutes",99,"Unknown",99,"Unknown EMS Hospital Arrival Time",1,"US Highway","Weekday","FQ1_Year","2nd Quarter (Month)"
"8","Colorado","80098",0,0,1,1,0,1,1,95,"PHILLIPS (95)",0,"NOT APPLICABLE",3,"March",21,21,2,"Monday",2022,17,"5:00pm-5:59pm",51,"51","CR-20","",4,"County Road",1,"Rural",7,"Local",2,"County Highway Agency",0,"This section IS NOT on the NHS",0,"No Special Jurisdiction",0,"None",40.57106111,40.57106111,-102.33057222,-102.33057222,1,"Rollover/Overturn",0,"The First Harmful Event was Not a Collision with a Motor Vehicle in Transport",0,"No",1,"Non-Junction",1,"Not an Intersection",4,"On Roadside",0,"None",1,"Daylight",1,"Clear",0,"No","0000000","Not Applicable",17,"5:00pm-5:59pm",51,"51",18,"6:00pm-6:59pm",7,"7",88,"Not Applicable (Not Transported)",88,"Not Applicable (Not Transported)",1,"County Road","Weekday","FQ1_Year","Last Quarter (Month)"
"8","Colorado","80100",0,0,2,2,0,2,2,5,"ARAPAHOE (5)",0,"NOT APPLICABLE",3,"March",23,23,4,"Wednesday",2022,15,"3:00pm-3:59pm",20,"20","I-70","",1,"Interstate",1,"Rural",1,"Interstate",1,"State Highway Agency",1,"This section IS ON the NHS",0,"No Special Jurisdiction",3130,"3130",39.72831111,39.72831111,-104.27309444,-104.27309444,12,"Motor Vehicle In-Transport",1,"Front-to-Rear",0,"No",1,"Non-Junction",1,"Not an Intersection",1,"On Roadway",0,"None",1,"Daylight",1,"Clear",0,"No","0000000","Not Applicable",99,"Unknown",99,"Unknown",99,"Unknown EMS Scene Arrival Hour",99,"Unknown EMS Scene Arrival Minutes",88,"Not Applicable (Not Transported)",88,"Not Applicable (Not Transported)",1,"State Highway","Weekday","FQ1_Year","Last Quarter (Month)"
"8","Colorado","80101",0,0,1,1,0,1,1,83,"MONTEZUMA (83)",0,"NOT APPLICABLE",3,"March",25,25,6,"Friday",2022,15,"3:00pm-3:59pm",50,"50","SR-184","",3,"State Highway",1,"Rural",5,"Major Collector",1,"State Highway Agency",0,"This section IS NOT on the NHS",0,"No Special Jurisdiction",111,"111",37.44974444,37.44974444,-108.49243333,-108.49243333,1,"Rollover/Overturn",0,"The First Harmful Event was Not a Collision with a Motor Vehicle in Transport",0,"No",1,"Non-Junction",1,"Not an Intersection",4,"On Roadside",0,"None",1,"Daylight",1,"Clear",0,"No","0000000","Not Applicable",99,"Unknown",99,"Unknown",99,"Unknown EMS Scene Arrival Hour",99,"Unknown EMS Scene Arrival Minutes",99,"Unknown",99,"Unknown EMS Hospital Arrival Time",1,"State Highway","Weekday","FQ1_Year","Last Quarter (Month)"
"8","Colorado","80102",0,0,2,2,0,3,3,77,"MESA (77)",0,"NOT APPLICABLE",3,"March",26,26,7,"Saturday",2022,14,"2:00pm-2:59pm",10,"10","US-50","",2,"US Highway",1,"Rural",3,"Principal Arterial - Other",1,"State Highway Agency",1,"This section IS ON the NHS",0,"No Special Jurisdiction",480,"480",38.90385,38.90385,-108.36911111,-108.36911111,12,"Motor Vehicle In-Transport",1,"Front-to-Rear",0,"No",1,"Non-Junction",1,"Not an Intersection",1,"On Roadway",0,"None",1,"Daylight",1,"Clear",0,"No","0000000","Not Applicable",99,"Unknown",99,"Unknown",99,"Unknown EMS Scene Arrival Hour",99,"Unknown EMS Scene Arrival Minutes",88,"Not Applicable (Not Transported)",88,"Not Applicable (Not Transported)",1,"US Highway","Weekend","FQ1_Year","Last Quarter (Month)"
"8","Colorado","80103",0,0,2,2,0,4,4,1,"ADAMS (1)",0,"NOT APPLICABLE",3,"March",27,27,1,"Sunday",2022,3,"3:00am-3:59am",22,"22","I-25","",1,"Interstate",2,"Urban",1,"Interstate",1,"State Highway Agency",1,"This section IS ON the NHS",0,"No Special Jurisdiction",2179,"2179",39.84024444,39.84024444,-104.98364444,-104.98364444,12,"Motor Vehicle In-Transport",1,"Front-to-Rear",0,"No",1,"Non-Junction",1,"Not an Intersection",1,"On Roadway",0,"None",3,"Dark - Lighted",1,"Clear",0,"No","0000000","Not Applicable",99,"Unknown",99,"Unknown",99,"Unknown EMS Scene Arrival Hour",99,"Unknown EMS Scene Arrival Minutes",99,"Unknown",99,"Unknown EMS Hospital Arrival Time",1,"State Highway","Weekend","FQ1_Year","Last Quarter (Month)"
"8","Colorado","80104",0,0,2,2,0,3,3,123,"WELD (123)",0,"NOT APPLICABLE",3,"March",27,27,1,"Sunday",2022,21,"9:00pm-9:59pm",30,"30","US-34","",2,"US Highway",1,"Rural",3,"Principal Arterial - Other",1,"State Highway Agency",1,"This section IS ON the NHS",0,"No Special Jurisdiction",1291,"1291",40.32251667,40.32251667,-104.40944444,-104.40944444,12,"Motor Vehicle In-Transport",1,"Front-to-Rear",0,"No",1,"Non-Junction",1,"Not an Intersection",1,"On Roadway",0,"None",2,"Dark - Not Lighted",1,"Clear",0,"No","0000000","Not Applicable",21,"9:00pm-9:59pm",30,"30",21,"9:00pm-9:59pm",50,"50",88,"Not Applicable (Not Transported)",88,"Not Applicable (Not Transported)",2,"US Highway","Weekend","FQ1_Year","Last Quarter (Month)"
"8","Colorado","80111",1,1,1,1,0,1,1,1,"ADAMS (1)",0,"NOT APPLICABLE",3,"March",13,13,1,"Sunday",2022,22,"10:00pm-10:59pm",39,"39","US-287   FEDERAL BLVD","",2,"US Highway",2,"Urban",3,"Principal Arterial - Other",1,"State Highway Agency",1,"This section IS ON the NHS",0,"No Special Jurisdiction",2865,"2865",39.79395,39.79395,-105.02533889,-105.02533889,8,"Pedestrian",0,"The First Harmful Event was Not a Collision with a Motor Vehicle in Transport",0,"No",1,"Non-Junction",1,"Not an Intersection",1,"On Roadway",0,"None",3,"Dark - Lighted",1,"Clear",0,"No","0000000","Not Applicable",99,"Unknown",99,"Unknown",99,"Unknown EMS Scene Arrival Hour",99,"Unknown EMS Scene Arrival Minutes",99,"Unknown",99,"Unknown EMS Hospital Arrival Time",1,"US Highway","Weekend","FQ1_Year","2nd Quarter (Month)"
"8","Colorado","80118",1,1,1,1,0,1,1,31,"DENVER (31)",600,"DENVER",3,"March",12,12,7,"Saturday",2022,2,"2:00am-2:59am",30,"30","I-25","",1,"Interstate",2,"Urban",1,"Interstate",1,"State Highway Agency",1,"This section IS ON the NHS",0,"No Special Jurisdiction",2083,"2083",39.71603889,39.71603889,-105.00212778,-105.00212778,8,"Pedestrian",0,"The First Harmful Event was Not a Collision with a Motor Vehicle in Transport",0,"No",1,"Non-Junction",1,"Not an Intersection",1,"On Roadway",0,"None",3,"Dark - Lighted",1,"Clear",0,"No","0000000","Not Applicable",2,"2:00am-2:59am",30,"30",2,"2:00am-2:59am",35,"35",88,"Not Applicable (Not Transported)",88,"Not Applicable (Not Transported)",1,"State Highway","Weekend","FQ1_Year","2nd Quarter (Month)"
"8","Colorado","80125",0,0,2,2,0,3,3,43,"FREMONT (43)",0,"NOT APPLICABLE",4,"April",2,2,7,"Saturday",2022,11,"11:00am-11:59am",46,"46","SR-115","",3,"State Highway",1,"Rural",4,"Minor Arterial",1,"State Highway Agency",0,"This section IS NOT on the NHS",0,"No Special Jurisdiction",220,"220",38.50158889,38.50158889,-104.95692778,-104.95692778,12,"Motor Vehicle In-Transport",2,"Front-to-Front",0,"No",1,"Non-Junction",1,"Not an Intersection",1,"On Roadway",0,"None",1,"Daylight",1,"Clear",0,"No","0000000","Not Applicable",99,"Unknown",99,"Unknown",99,"Unknown EMS Scene Arrival Hour",99,"Unknown EMS Scene Arrival Minutes",99,"Unknown",99,"Unknown EMS Hospital Arrival Time",2,"State Highway","Weekend","FQ1_Year","1st Quarter (Month)"
"8","Colorado","80126",0,0,1,1,0,2,2,1,"ADAMS (1)",2550,"WESTMINSTER",4,"April",2,2,7,"Saturday",2022,16,"4:00pm-4:59pm",25,"25","W TURNPIKE DR","",6,"Local Street - Municipality",2,"Urban",5,"Major Collector",4,"City or Municipal Highway Agency",0,"This section IS NOT on the NHS",0,"No Special Jurisdiction",0,"None",39.84176111,39.84176111,-105.04095833,-105.04095833,42,"Tree (Standing Only)",0,"The First Harmful Event was Not a Collision with a Motor Vehicle in Transport",0,"No",1,"Non-Junction",1,"Not an Intersection",5,"Outside Trafficway",0,"None",1,"Daylight",1,"Clear",0,"No","0000000","Not Applicable",16,"4:00pm-4:59pm",26,"26",16,"4:00pm-4:59pm",29,"29",88,"Not Applicable (Not Transported)",88,"Not Applicable (Not Transported)",2,"Others","Weekend","FQ1_Year","1st Quarter (Month)"
"8","Colorado","80127",0,0,1,1,0,1,1,41,"EL PASO (41)",0,"NOT APPLICABLE",4,"April",2,2,7,"Saturday",2022,17,"5:00pm-5:59pm",50,"50","CR-PALMER PARK BLVD","",6,"Local Street - Municipality",2,"Urban",7,"Local",4,"City or Municipal Highway Agency",0,"This section IS NOT on the NHS",0,"No Special Jurisdiction",0,"None",38.85790556,38.85790556,-104.70900833,-104.70900833,33,"Curb",0,"The First Harmful Event was Not a Collision with a Motor Vehicle in Transport",0,"No",1,"Non-Junction",1,"Not an Intersection",4,"On Roadside",0,"None",1,"Daylight",1,"Clear",0,"No","0000000","Not Applicable",99,"Unknown",99,"Unknown",99,"Unknown EMS Scene Arrival Hour",99,"Unknown EMS Scene Arrival Minutes",88,"Not Applicable (Not Transported)",88,"Not Applicable (Not Transported)",1,"Others","Weekend","FQ1_Year","1st Quarter (Month)"
"8","Colorado","80133",0,0,1,1,0,1,1,63,"KIT CARSON (63)",0,"NOT APPLICABLE",4,"April",5,5,3,"Tuesday",2022,3,"3:00am-3:59am",40,"40","I-70 FRONTAGE RD","",7,"Local Street - Frontage Road",1,"Rural",1,"Interstate",1,"State Highway Agency",1,"This section IS ON the NHS",0,"No Special Jurisdiction",3954,"3954",39.28381389,39.28381389,-103.04613889,-103.04613889,1,"Rollover/Overturn",0,"The First Harmful Event was Not a Collision with a Motor Vehicle in Transport",0,"No",1,"Non-Junction",1,"Not an Intersection",1,"On Roadway",0,"None",2,"Dark - Not Lighted",1,"Clear",0,"No","0000000","Not Applicable",3,"3:00am-3:59am",43,"43",3,"3:00am-3:59am",56,"56",88,"Not Applicable (Not Transported)",88,"Not Applicable (Not Transported)",1,"Others","Weekday","FQ1_Year","1st Quarter (Month)"
"8","Colorado","80138",1,1,1,1,0,1,1,5,"ARAPAHOE (5)",110,"AURORA",4,"April",3,3,1,"Sunday",2022,21,"9:00pm-9:59pm",45,"45","S BUCKLEY RD","",6,"Local Street - Municipality",2,"Urban",3,"Principal Arterial - Other",4,"City or Municipal Highway Agency",1,"This section IS ON the NHS",0,"No Special Jurisdiction",0,"None",39.70506944,39.70506944,-104.79080556,-104.79080556,8,"Pedestrian",0,"The First Harmful Event was Not a Collision with a Motor Vehicle in Transport",0,"No",1,"Non-Junction",1,"Not an Intersection",1,"On Roadway",0,"None",2,"Dark - Not Lighted",1,"Clear",0,"No","0000000","Not Applicable",21,"9:00pm-9:59pm",45,"45",21,"9:00pm-9:59pm",45,"45",88,"Not Applicable (Not Transported)",88,"Not Applicable (Not Transported)",1,"Others","Weekend","FQ1_Year","1st Quarter (Month)"
"8","Colorado","80140",1,1,1,1,0,1,1,59,"JEFFERSON (59)",1435,"LAKEWOOD",4,"April",7,7,5,"Thursday",2022,21,"9:00pm-9:59pm",6,"6","SR-391   KIPLING ST","",3,"State Highway",2,"Urban",3,"Principal Arterial - Other",1,"State Highway Agency",1,"This section IS ON the NHS",0,"No Special Jurisdiction",55,"55",39.72861667,39.72861667,-105.10978889,-105.10978889,8,"Pedestrian",0,"The First Harmful Event was Not a Collision with a Motor Vehicle in Transport",0,"No",1,"Non-Junction",1,"Not an Intersection",1,"On Roadway",0,"None",2,"Dark - Not Lighted",1,"Clear",0,"No","0000000","Not Applicable",21,"9:00pm-9:59pm",7,"7",21,"9:00pm-9:59pm",12,"12",88,"Not Applicable (Not Transported)",88,"Not Applicable (Not Transported)",1,"State Highway","Weekday","FQ1_Year","1st Quarter (Month)"
"8","Colorado","80141",0,0,1,1,0,1,1,69,"LARIMER (69)",0,"NOT APPLICABLE",4,"April",11,11,2,"Monday",2022,6,"6:00am-6:59am",57,"57","CR-CENTENNIAL DR","",4,"County Road",2,"Urban",5,"Major Collector",2,"County Highway Agency",0,"This section IS NOT on the NHS",0,"No Special Jurisdiction",0,"None",40.54532222,40.54532222,-105.14666667,-105.14666667,18,"Other Object (not fixed)",0,"The First Harmful Event was Not a Collision with a Motor Vehicle in Transport",0,"No",1,"Non-Junction",1,"Not an Intersection",5,"Outside Trafficway",0,"None",2,"Dark - Not Lighted",1,"Clear",0,"No","0000000","Not Applicable",99,"Unknown",99,"Unknown",99,"Unknown EMS Scene Arrival Hour",99,"Unknown EMS Scene Arrival Minutes",88,"Not Applicable (Not Transported)",88,"Not Applicable (Not Transported)",1,"County Road","Weekday","FQ1_Year","2nd Quarter (Month)"
"8","Colorado","80148",1,1,1,1,0,1,1,13,"BOULDER (13)",0,"NOT APPLICABLE",4,"April",19,19,3,"Tuesday",2022,21,"9:00pm-9:59pm",7,"7","US-36","",2,"US Highway",2,"Urban",2,"Principal Arterial - Other Freeways and Expressways",1,"State Highway Agency",1,"This section IS ON the NHS",0,"No Special Jurisdiction",429,"429",39.95989722,39.95989722,-105.17074722,-105.17074722,8,"Pedestrian",0,"The First Harmful Event was Not a Collision with a Motor Vehicle in Transport",0,"No",1,"Non-Junction",1,"Not an Intersection",1,"On Roadway",0,"None",3,"Dark - Lighted",1,"Clear",0,"No","0000000","Not Applicable",21,"9:00pm-9:59pm",11,"11",21,"9:00pm-9:59pm",16,"16",88,"Not Applicable (Not Transported)",88,"Not Applicable (Not Transported)",1,"US Highway","Weekday","FQ1_Year","2nd Quarter (Month)"