"state","statename","st_case","peds","pernotmvit","ve_total","ve_forms","pvh_invl","persons","permvit","county","countyname","city","cityname","month","monthname","day","dayname","day_week","day_weekname","year","hour","hourname","minute","minutename","tway_id","tway_id2","route","routename","rur_urb","rur_urbname","func_sys","func_sysname","rd_owner","rd_ownername","nhs","nhsname","sp_jur","sp_jurname","milept","mileptname","latitude","latitudename","longitud","longitudname","harm_ev","harm_evname","man_coll","man_collname","reljct1","reljct1name","reljct2","reljct2name","typ_int","typ_intname","rel_road","rel_roadname","wrk_zone","wrk_zonename","lgt_cond","lgt_condname","weather","weathername","sch_bus","sch_busname","rail","railname","not_hour","not_hourname","not_min","not_minname","arr_hour","arr_hourname","arr_min","arr_minname","hosp_hr","hosp_hrname","hosp_mn","hosp_mnname","fatals","route_category","day_type","quarter_year","day_quarter"
"8","Colorado","80404",0,0,1,1,0,1,1,59,"JEFFERSON (59)",0,"NOT APPLICABLE",8,"August",27,27,7,"Saturday",2022,13,"1:00pm-1:59pm",55,"55","CR-PLEASANT PARK RD","",4,"County Road",1,"Rural",6,"Minor Collector",2,"County Highway Agency",0,"This section IS NOT on the NHS",0,"No Special Jurisdiction",0,"None",39.501675,39.501675,-105.24588056,-105.24588056,1,"Rollover/Overturn",0,"The First Harmful Event was Not a Collision with a Motor Vehicle in Transport",0,"No",1,"Non-Junction",1,"Not an Intersection",4,"On Roadside",0,"None",1,"Daylight",1,"Clear",0,"No","0000000","Not Applicable",13,"1:00pm-1:59pm",55,"55",14,"2:00pm-2:59pm",7,"7",88,"Not Applicable (Not Transported)",88,"Not Applicable (Not Transported)",1,"County Road","Weekend","SQ2_Year","Last Quarter (Month)"
"8","Colorado","80405",1,1,1,1,0,1,1,75,"LOGAN (75)",0,"NOT APPLICABLE",8,"August",27,27,7,"Saturday",2022,20,"8:00pm-8:59pm",30,"30","CR-37","",4,"County Road",2,"Urban",5,"Major Collector",2,"County Highway Agency",0,"This section IS NOT on the NHS",0,"No Special Jurisdiction",0,"None",40.63278333,40.63278333,-103.24003333,-103.24003333,8,"Pedestrian",0,"The First Harmful Event was Not a Collision with a Motor Vehicle in Transport",0,"No",1,"Non-Junction",1,"Not an Intersection",1,"On Roadway",0,"None",2,"Dark - Not Lighted",1,"Clear",0,"No","0000000","Not Applicable",99,"Unknown",99,"Unknown",99,"Unknown EMS Scene Arrival Hour",99,"Unknown EMS Scene Arrival Minutes",99,"Unknown",99,"Unknown EMS Hospital Arrival Time",1,"County Road","Weekend","SQ2_Year","Last Quarter (Month)"
"8","Colorado","80406",0,0,1,1,0,1,1,57,"JACKSON (57)",0,"NOT APPLICABLE",8,"August",22,22,2,"Monday",2022,20,"8:00pm-8:59pm",0,"0","SR-14","",3,"State Highway",1,"Rural",4,"Minor Arterial",1,"State Highway Agency",0,"This section IS NOT on the NHS",0,"No Special Jurisdiction",373,"373",40.69764167,40.69764167,-106.24243056,-106.24243056,31,"Post, Pole or Other Supports",0,"The First Harmful Event was Not a Collision with a Motor Vehicle in Transport",0,"No",1,"Non-Junction",1,"Not an Intersection",4,"On Roadside",0,"None",2,"Dark - Not Lighted",1,"Clear",0,"No","0000000","Not Applicable",20,"8:00pm-8:59pm",3,"3",99,"Unknown EMS Scene Arrival Hour",99,"Unknown EMS Scene Arrival Minutes",88,"Not Applicable (Not Transported)",88,"Not Applicable (Not Transported)",1,"State Highway","Weekday","SQ2_Year","Last Quarter (Month)"
"8","Colorado","80410",0,0,1,1,0,2,2,93,"PARK (93)",0,"NOT APPLICABLE",8,"August",29,29,2,"Monday",2022,19,"7:00pm-7:59pm",33,"33","US-285","",2,"US Highway",1,"Rural",3,"Principal Arterial - Other",1,"State Highway Agency",1,"This section IS ON the NHS",0,"No Special Jurisdiction",2221,"2221",39.40553889,39.40553889,-105.47441667,-105.47441667,1,"Rollover/Overturn",0,"The First Harmful Event was Not a Collision with a Motor Vehicle in Transport",0,"No",1,"Non-Junction",1,"Not an Intersection",1,"On Roadway",0,"None",5,"Dusk",1,"Clear",0,"No","0000000","Not Applicable",99,"Unknown",99,"Unknown",99,"Unknown EMS Scene Arrival Hour",99,"Unknown EMS Scene Arrival Minutes",99,"Unknown",99,"Unknown EMS Hospital Arrival Time",1,"US Highway","Weekday","SQ2_Year","Last Quarter (Month)"
"8","Colorado","80413",0,0,1,1,0,1,1,31,"DENVER (31)",600,"DENVER",8,"August",13,13,7,"Saturday",2022,4,"4:00am-4:59am",6,"6","E 56TH AVE","",6,"Local Street - Municipality",2,"Urban",3,"Principal Arterial - Other",4,"City or Municipal Highway Agency",1,"This section IS ON the NHS",0,"No Special Jurisdiction",0,"None",39.79813333,39.79813333,-104.84556111,-104.84556111,30,"Utility Pole/Light Support",0,"The First Harmful Event was Not a Collision with a Motor Vehicle in Transport",0,"No",1,"Non-Junction",1,"Not an Intersection",4,"On Roadside",0,"None",3,"Dark - Lighted",1,"Clear",0,"No","0000000","Not Applicable",4,"4:00am-4:59am",7,"7",4,"4:00am-4:59am",21,"21",99,"Unknown",99,"Unknown EMS Hospital Arrival Time",1,"Others","Weekend","SQ2_Year","2nd Quarter (Month)"
"8","Colorado","80417",0,0,2,2,0,4,4,77,"MESA (77)",0,"NOT APPLICABLE",8,"August",31,31,4,"Wednesday",2022,7,"7:00am-7:59am",0,"0","I-70","",1,"Interstate",1,"Rural",1,"Interstate",1,"State Highway Agency",1,"This section IS ON the NHS",0,"No Special Jurisdiction",121,"121",39.204375,39.204375,-108.85525,-108.85525,12,"Motor Vehicle In-Transport",1,"Front-to-Rear",0,"No",1,"Non-Junction",1,"Not an Intersection",1,"On Roadway",0,"None",1,"Daylight",1,"Clear",0,"No","0000000","Not Applicable",99,"Unknown",99,"Unknown",99,"Unknown EMS Scene Arrival Hour",99,"Unknown EMS Scene Arrival Minutes",99,"Unknown",99,"Unknown EMS Hospital Arrival Time",2,"State Highway","Weekday","SQ2_Year","Last Quarter (Month)"
"8","Colorado","80423",1,1,1,1,0,1,1,41,"EL PASO (41)",430,"COLORADO SPRINGS",8,"August",31,31,4,"Wednesday",2022,23,"11:00pm-11:59pm",34,"34","AUSTIN BLUFFS PKWY","",6,"Local Street - Municipality",2,"Urban",3,"Principal Arterial - Other",4,"City or Municipal Highway Agency",1,"This section IS ON the NHS",0,"No Special Jurisdiction",0,"None",38.89065556,38.89065556,-104.76040556,-104.76040556,8,"Pedestrian",0,"The First Harmful Event was Not a Collision with a Motor Vehicle in Transport",0,"No",1,"Non-Junction",1,"Not an Intersection",1,"On Roadway",0,"None",3,"Dark - Lighted",1,"Clear",0,"No","0000000","Not Applicable",23,"11:00pm-11:59pm",34,"34",23,"11:00pm-11:59pm",38,"38",88,"Not Applicable (Not Transported)",88,"Not Applicable (Not Transported)",1,"Others","Weekday","SQ2_Year","Last Quarter (Month)"
"8","Colorado","80429",1,1,1,1,0,1,1,31,"DENVER (31)",600,"DENVER",8,"August",17,17,4,"Wednesday",2022,22,"10:00pm-10:59pm",38,"38","US-40   W COLFAX AVE","",2,"US Highway",2,"Urban",3,"Principal Arterial - Other",1,"State Highway Agency",1,"This section IS ON the NHS",0,"No Special Jurisdiction",2964,"2964",39.740475,39.740475,-105.02130833,-105.02130833,8,"Pedestrian",0,"The First Harmful Event was Not a Collision with a Motor Vehicle in Transport",0,"No",1,"Non-Junction",1,"Not an Intersection",1,"On Roadway",0,"None",3,"Dark - Lighted",1,"Clear",0,"No","0000000","Not Applicable",22,"10:00pm-10:59pm",38,"38",22,"10:00pm-10:59pm",40,"40",88,"Not Applicable (Not Transported)",88,"Not Applicable (Not Transported)",1,"US Highway","Weekday","SQ2_Year","2nd Quarter (Month)"
"8","Colorado","80436",0,0,1,1,0,1,1,123,"WELD (123)",0,"NOT APPLICABLE",9,"September",2,2,6,"Friday",2022,16,"4:00pm-4:59pm",0,"0","CR-390","",4,"County Road",1,"Rural",5,"Major Collector",2,"County Highway Agency",0,"This section IS NOT on the NHS",0,"No Special Jurisdiction",0,"None",40.93848889,40.93848889,-104.26388889,-104.26388889,1,"Rollover/Overturn",0,"The First Harmful Event was Not a Collision with a Motor Vehicle in Transport",0,"No",1,"Non-Junction",1,"Not an Intersection",4,"On Roadside",0,"None",1,"Daylight",1,"Clear",0,"No","0000000","Not Applicable",99,"Unknown",99,"Unknown",99,"Unknown EMS Scene Arrival Hour",99,"Unknown EMS Scene Arrival Minutes",88,"Not Applicable (Not Transported)",88,"Not Applicable (Not Transported)",1,"County Road","Weekday","TQ3_Year","1st Quarter (Month)"
"8","Colorado","80437",0,0,1,1,0,1,1,1,"ADAMS (1)",2427,"THORNTON",9,"September",2,2,6,"Friday",2022,2,"2:00am-2:59am",30,"30","THORNTON PKWY","",6,"Local Street - Municipality",2,"Urban",7,"Local",4,"City or Municipal Highway Agency",0,"This section IS NOT on the NHS",0,"No Special Jurisdiction",0,"None",39.87045,39.87045,-104.95338611,-104.95338611,42,"Tree (Standing Only)",0,"The First Harmful Event was Not a Collision with a Motor Vehicle in Transport",0,"No",1,"Non-Junction",1,"Not an Intersection",4,"On Roadside",0,"None",3,"Dark - Lighted",1,"Clear",0,"No","0000000","Not Applicable",2,"2:00am-2:59am",45,"45",2,"2:00am-2:59am",50,"50",88,"Not Applicable (Not Transported)",88,"Not Applicable (Not Transported)",1,"Others","Weekday","TQ3_Year","1st Quarter (Month)"
"8","Colorado","80441",0,0,1,1,0,1,1,27,"CUSTER (27)",0,"NOT APPLICABLE",9,"September",3,3,7,"Saturday",2022,14,"2:00pm-2:59pm",4,"4","CR-387","",4,"County Road",1,"Rural",5,"Major Collector",2,"County Highway Agency",0,"This section IS NOT on the NHS",0,"No Special Jurisdiction",50,"50",38.13822222,38.13822222,-105.06888889,-105.06888889,42,"Tree (Standing Only)",0,"The First Harmful Event was Not a Collision with a Motor Vehicle in Transport",0,"No",1,"Non-Junction",1,"Not an Intersection",4,"On Roadside",0,"None",1,"Daylight",1,"Clear",0,"No","0000000","Not Applicable",14,"2:00pm-2:59pm",10,"10",99,"Unknown EMS Scene Arrival Hour",99,"Unknown EMS Scene Arrival Minutes",88,"Not Applicable (Not Transported)",88,"Not Applicable (Not Transported)",1,"County Road","Weekend","TQ3_Year","1st Quarter (Month)"
"8","Colorado","80451",0,0,1,1,0,1,1,69,"LARIMER (69)",0,"NOT APPLICABLE",9,"September",10,10,7,"Saturday",2022,14,"2:00pm-2:59pm",30,"30","SR-14","",3,"State Highway",1,"Rural",4,"Minor Arterial",1,"State Highway Agency",0,"This section IS NOT on the NHS",0,"No Special Jurisdiction",1037,"1037",40.67406667,40.67406667,-105.41819444,-105.41819444,17,"Boulder",0,"The First Harmful Event was Not a Collision with a Motor Vehicle in Transport",0,"No",1,"Non-Junction",1,"Not an Intersection",4,"On Roadside",0,"None",1,"Daylight",1,"Clear",0,"No","0000000","Not Applicable",99,"Unknown",99,"Unknown",99,"Unknown EMS Scene Arrival Hour",99,"Unknown EMS Scene Arrival Minutes",88,"Not Applicable (Not Transported)",88,"Not Applicable (Not Transported)",1,"State Highway","Weekend","TQ3_Year","1st Quarter (Month)"
"8","Colorado","80453",0,0,1,1,0,3,3,91,"OURAY (91)",0,"NOT APPLICABLE",9,"September",12,12,2,"Monday",2022,12,"12:00pm-12:59pm",32,"32","CR-361","",4,"County Road",1,"Rural",6,"Minor Collector",2,"County Highway Agency",0,"This section IS NOT on the NHS",0,"No Special Jurisdiction",31,"31",37.98946111,37.98946111,-107.70493056,-107.70493056,1,"Rollover/Overturn",0,"The First Harmful Event was Not a Collision with a Motor Vehicle in Transport",0,"No",1,"Non-Junction",1,"Not an Intersection",4,"On Roadside",0,"None",1,"Daylight",1,"Clear",0,"No","0000000","Not Applicable",99,"Unknown",99,"Unknown",99,"Unknown EMS Scene Arrival Hour",99,"Unknown EMS Scene Arrival Minutes",88,"Not Applicable (Not Transported)",88,"Not Applicable (Not Transported)",3,"County Road","Weekday","TQ3_Year","2nd Quarter (Month)"
"8","Colorado","80454",0,0,1,1,0,1,1,37,"EAGLE (37)",0,"NOT APPLICABLE",9,"September",13,13,3,"Tuesday",2022,21,"9:00pm-9:59pm",15,"15","I-70","",1,"Interstate",1,"Rural",1,"Interstate",1,"State Highway Agency",1,"This section IS ON the NHS",0,"No Special Jurisdiction",1456,"1456",39.65493333,39.65493333,-106.84516667,-106.84516667,24,"Guardrail Face",0,"The First Harmful Event was Not a Collision with a Motor Vehicle in Transport",0,"No",1,"Non-Junction",1,"Not an Intersection",3,"On Median",0,"None",2,"Dark - Not Lighted",1,"Clear",0,"No","0000000","Not Applicable",21,"9:00pm-9:59pm",15,"15",21,"9:00pm-9:59pm",17,"17",88,"Not Applicable (Not Transported)",88,"Not Applicable (Not Transported)",1,"State Highway","Weekday","TQ3_Year","2nd Quarter (Month)"
"8","Colorado","80460",1,1,1,1,0,1,1,41,"EL PASO (41)",0,"NOT APPLICABLE",9,"September",15,15,5,"Thursday",2022,6,"6:00am-6:59am",59,"59","CR-GLENEAGLE DR","",4,"County Road",2,"Urban",4,"Minor Arterial",2,"County Highway Agency",0,"This section IS NOT on the NHS",0,"No Special Jurisdiction",0,"None",39.03635833,39.03635833,-104.82551111,-104.82551111,8,"Pedestrian",0,"The First Harmful Event was Not a Collision with a Motor Vehicle in Transport",0,"No",1,"Non-Junction",1,"Not an Intersection",1,"On Roadway",0,"None",4,"Dawn",1,"Clear",0,"No","0000000","Not Applicable",7,"7:00am-7:59am",0,"0",99,"Unknown EMS Scene Arrival Hour",99,"Unknown EMS Scene Arrival Minutes",99,"Unknown",99,"Unknown EMS Hospital Arrival Time",1,"County Road","Weekday","TQ3_Year","2nd Quarter (Month)"
"8","Colorado","80462",0,0,1,1,0,1,1,13,"BOULDER (13)",0,"NOT APPLICABLE",9,"September",17,17,7,"Saturday",2022,16,"4:00pm-4:59pm",45,"45","SR-7","",3,"State Highway",1,"Rural",6,"Minor Collector",1,"State Highway Agency",0,"This section IS NOT on the NHS",0,"No Special Jurisdiction",315,"315",40.20975,40.20975,-105.29118333,-105.29118333,1,"Rollover/Overturn",0,"The First Harmful Event was Not a Collision with a Motor Vehicle in Transport",0,"No",1,"Non-Junction",1,"Not an Intersection",4,"On Roadside",0,"None",1,"Daylight",1,"Clear",0,"No","0000000","Not Applicable",16,"4:00pm-4:59pm",50,"50",16,"4:00pm-4:59pm",54,"54",88,"Not Applicable (Not Transported)",88,"Not Applicable (Not Transported)",1,"State Highway","Weekend","TQ3_Year","2nd Quarter (Month)"
"8","Colorado","80463",0,0,1,1,0,1,1,41,"EL PASO (41)",0,"NOT APPLICABLE",9,"September",18,18,1,"Sunday",2022,18,"6:00pm-6:59pm",17,"17","CR-E GARRETT RD","",4,"County Road",1,"Rural",7,"Local",2,"County Highway Agency",0,"This section IS NOT on the NHS",0,"No Special Jurisdiction",0,"None",38.91069444,38.91069444,-104.43953889,-104.43953889,7,"Other Non-Collision",0,"The First Harmful Event was Not a Collision with a Motor Vehicle in Transport",0,"No",1,"Non-Junction",1,"Not an Intersection",1,"On Roadway",0,"None",1,"Daylight",1,"Clear",0,"No","0000000","Not Applicable",99,"Unknown",99,"Unknown",99,"Unknown EMS Scene Arrival Hour",99,"Unknown EMS Scene Arrival Minutes",88,"Not Applicable (Not Transported)",88,"Not Applicable (Not Transported)",1,"County Road","Weekend","TQ3_Year","2nd Quarter (Month)"
"8","Colorado","80468",0,0,3,3,0,3,3,5,"ARAPAHOE (5)",0,"NOT APPLICABLE",9,"September",20,20,3,"Tuesday",2022,8,"8:00am-8:59am",23,"23","I-70","",1,"Interstate",1,"Rural",1,"Interstate",1,"State Highway Agency",1,"This section IS ON the NHS",0,"No Special Jurisdiction",3298,"3298",39.59378611,39.59378611,-104.03216389,-104.03216389,12,"Motor Vehicle In-Transport",1,"Front-to-Rear",0,"No",1,"Non-Junction",1,"Not an Intersection",1,"On Roadway",0,"None",1,"Daylight",1,"Clear",0,"No","0000000","Not Applicable",8,"8:00am-8:59am",24,"24",8,"8:00am-8:59am",32,"32",99,"Unknown",99,"Unknown EMS Hospital Arrival Time",1,"State Highway","Weekday","TQ3_Year","2nd Quarter (Month)"
"8","Colorado","80469",1,1,1,1,0,2,2,117,"SUMMIT (117)",0,"NOT APPLICABLE",9,"September",20,20,3,"Tuesday",2022,17,"5:00pm-5:59pm",10,"10","SR-9","",3,"State Highway",1,"Rural",4,"Minor Arterial",1,"State Highway Agency",0,"This section IS NOT on the NHS",0,"No Special Jurisdiction",1073,"1073",39.70271389,39.70271389,-106.11083333,-106.11083333,9,"Pedalcyclist",0,"The First Harmful Event was Not a Collision with a Motor Vehicle in Transport",0,"No",1,"Non-Junction",1,"Not an Intersection",2,"On Shoulder",0,"None",1,"Daylight",1,"Clear",0,"No","0000000","Not Applicable",99,"Unknown",99,"Unknown",99,"Unknown EMS Scene Arrival Hour",99,"Unknown EMS Scene Arrival Minutes",88,"Not Applicable (Not Transported)",88,"Not Applicable (Not Transported)",1,"State Highway","Weekday","TQ3_Year","2nd Quarter (Month)"
"8","Colorado","80474",0,0,1,1,0,1,1,41,"EL PASO (41)",430,"COLORADO SPRINGS",9,"September",4,4,1,"Sunday",2022,13,"1:00pm-1:59pm",5,"5","GOLD CAMP RD","",6,"Local Street - Municipality",1,"Rural",5,"Major Collector",4,"City or Municipal Highway Agency",0,"This section IS NOT on the NHS",0,"No Special Jurisdiction",0,"None",38.79465,38.79465,-104.87733333,-104.87733333,1,"Rollover/Overturn",0,"The First Harmful Event was Not a Collision with a Motor Vehicle in Transport",0,"No",1,"Non-Junction",1,"Not an Intersection",4,"On Roadside",0,"None",1,"Daylight",1,"Clear",0,"No","0000000","Not Applicable",99,"Unknown",99,"Unknown",99,"Unknown EMS Scene Arrival Hour",99,"Unknown EMS Scene Arrival Minutes",99,"Unknown",99,"Unknown EMS Hospital Arrival Time",1,"Others","Weekend","TQ3_Year","1st Quarter (Month)"
"8","Colorado","80475",0,0,1,1,0,2,2,41,"EL PASO (41)",430,"COLORADO SPRINGS",9,"September",11,11,1,"Sunday",2022,0,"0:00am-0:59am",49,"49","BARNES RD","",6,"Local Street - Municipality",2,"Urban",3,"Principal Arterial - Other",4,"City or Municipal Highway Agency",1,"This section IS ON the NHS",0,"No Special Jurisdiction",0,"None",38.89847222,38.89847222,-104.70795,-104.70795,33,"Curb",0,"The First Harmful Event was Not a Collision with a Motor Vehicle in Transport",0,"No",1,"Non-Junction",1,"Not an Intersection",3,"On Median",0,"None",3,"Dark - Lighted",1,"Clear",0,"No","0000000","Not Applicable",1,"1:00am-1:59am",36,"36",1,"1:00am-1:59am",59,"59",99,"Unknown",99,"Unknown EMS Hospital Arrival Time",1,"Others","Weekend","TQ3_Year","2nd Quarter (Month)"
"8","Colorado","80483",0,0,1,1,0,1,1,85,"MONTROSE (85)",0,"NOT APPLICABLE",9,"September",24,24,7,"Saturday",2022,13,"1:00pm-1:59pm",15,"15","SR-92","",3,"State Highway",1,"Rural",5,"Major Collector",1,"State Highway Agency",0,"This section IS NOT on the NHS",0,"No Special Jurisdiction",560,"560",38.45694444,38.45694444,-107.50736667,-107.50736667,1,"Rollover/Overturn",0,"The First Harmful Event was Not a Collision with a Motor Vehicle in Transport",0,"No",1,"Non-Junction",1,"Not an Intersection",1,"On Roadway",0,"None",1,"Daylight",1,"Clear",0,"No","0000000","Not Applicable",99,"Unknown",99,"Unknown",99,"Unknown EMS Scene Arrival Hour",99,"Unknown EMS Scene Arrival Minutes",88,"Not Applicable (Not Transported)",88,"Not Applicable (Not Transported)",1,"State Highway","Weekend","TQ3_Year","Last Quarter (Month)"
"8","Colorado","80485",0,0,1,1,0,2,2,33,"DOLORES (33)",0,"NOT APPLICABLE",9,"September",24,24,7,"Saturday",2022,17,"5:00pm-5:59pm",45,"45","SR-145","",3,"State Highway",1,"Rural",3,"Principal Arterial - Other",1,"State Highway Agency",1,"This section IS ON the NHS",0,"No Special Jurisdiction",455,"455",37.66816667,37.66816667,-108.03617778,-108.03617778,1,"Rollover/Overturn",0,"The First Harmful Event was Not a Collision with a Motor Vehicle in Transport",0,"No",1,"Non-Junction",1,"Not an Intersection",4,"On Roadside",0,"None",1,"Daylight",1,"Clear",0,"No","0000000","Not Applicable",99,"Unknown",99,"Unknown",99,"Unknown EMS Scene Arrival Hour",99,"Unknown EMS Scene Arrival Minutes",99,"Unknown",99,"Unknown EMS Hospital Arrival Time",1,"State Highway","Weekend","TQ3_Year","Last Quarter (Month)"
"8","Colorado","80487",0,0,1,1,0,2,2,121,"WASHINGTON (121)",0,"NOT APPLICABLE",9,"September",25,25,1,"Sunday",2022,11,"11:00am-11:59am",0,"0","SR-63","",3,"State Highway",1,"Rural",5,"Major Collector",1,"State Highway Agency",0,"This section IS NOT on the NHS",0,"No Special Jurisdiction",81,"81",39.85757222,39.85757222,-103.2198,-103.2198,34,"Ditch",0,"The First Harmful Event was Not a Collision with a Motor Vehicle in Transport",0,"No",1,"Non-Junction",1,"Not an Intersection",4,"On Roadside",0,"None",1,"Daylight",1,"Clear",0,"No","0000000","Not Applicable",11,"11:00am-11:59am",5,"5",11,"11:00am-11:59am",24,"24",99,"Unknown",99,"Unknown EMS Hospital Arrival Time",1,"State Highway","Weekend","TQ3_Year","Last Quarter (Month)"
"8","Colorado","80489",0,0,1,1,0,2,2,121,"WASHINGTON (121)",0,"NOT APPLICABLE",9,"September",27,27,3,"Tuesday",2022,23,"11:00pm-11:59pm",50,"50","I-76","",1,"Interstate",1,"Rural",1,"Interstate",1,"State Highway Agency",1,"This section IS ON the NHS",0,"No Special Jurisdiction",1033,"1033",40.3712,40.3712,-103.40740833,-103.40740833,1,"Rollover/Overturn",0,"The First Harmful Event was Not a Collision with a Motor Vehicle in Transport",0,"No",1,"Non-Junction",1,"Not an Intersection",3,"On Median",0,"None",2,"Dark - Not Lighted",1,"Clear",0,"No","0000000","Not Applicable",99,"Unknown",99,"Unknown",99,"Unknown EMS Scene Arrival Hour",99,"Unknown EMS Scene Arrival Minutes",99,"Unknown",99,"Unknown EMS Hospital Arrival Time",1,"State Highway","Weekday","TQ3_Year","Last Quarter (Month)"
"8","Colorado","80493",0,0,1,1,0,1,1,93,"PARK (93)",0,"NOT APPLICABLE",9,"September",24,24,7,"Saturday",2022,11,"11:00am-11:59am",25,"25","SR-9","",3,"State Highway",1,"Rural",4,"Minor Arterial",1,"State Highway Agency",0,"This section IS NOT on the NHS",0,"No Special Jurisdiction",263,"263",38.78456667,38.78456667,-105.58097222,-105.58097222,38,"Fence",0,"The First Harmful Event was Not a Collision with a Motor Vehicle in Transport",0,"No",1,"Non-Junction",1,"Not an Intersection",5,"Outside Trafficway",0,"None",1,"Daylight",1,"Clear",0,"No","0000000","Not Applicable",99,"Unknown",99,"Unknown",99,"Unknown EMS Scene Arrival Hour",99,"Unknown EMS Scene Arrival Minutes",99,"Unknown",99,"Unknown EMS Hospital Arrival Time",1,"State Highway","Weekend","TQ3_Year","Last Quarter (Month)"
"8","Colorado","80497",0,0,1,1,0,1,1,93,"PARK (93)",0,"NOT APPLICABLE",9,"September",30,30,6,"Friday",2022,11,"11:00am-11:59am",42,"42","CR-92","",4,"County Road",1,"Rural",5,"Major Collector",2,"County Highway Agency",0,"This section IS NOT on the NHS",0,"No Special Jurisdiction",0,"None",38.98083333,38.98083333,-105.44111111,-105.44111111,1,"Rollover/Overturn",0,"The First Harmful Event was Not a Collision with a Motor Vehicle in Transport",0,"No",1,"Non-Junction",1,"Not an Intersection",4,"On Roadside",0,"None",1,"Daylight",1,"Clear",0,"No","0000000","Not Applicable",11,"11:00am-11:59am",46,"46",12,"12:00pm-12:59pm",3,"3",99,"Unknown",99,"Unknown EMS Hospital Arrival Time",1,"County Road","Weekday","TQ3_Year","Last Quarter (Month)"
"8","Colorado","80498",0,0,1,1,0,1,1,99,"PROWERS (99)",0,"NOT APPLICABLE",9,"September",30,30,6,"Friday",2022,1,"1:00am-1:59am",0,"0","CR-9D","",4,"County Road",1,"Rural",7,"Local",2,"County Highway Agency",0,"This section IS NOT on the NHS",0,"No Special Jurisdiction",0,"None",38.08486944,38.08486944,-102.58804167,-102.58804167,1,"Rollover/Overturn",0,"The First Harmful Event was Not a Collision with a Motor Vehicle in Transport",0,"No",1,"Non-Junction",1,"Not an Intersection",4,"On Roadside",0,"None",2,"Dark - Not Lighted",1,"Clear",0,"No","0000000","Not Applicable",99,"Unknown",99,"Unknown",99,"Unknown EMS Scene Arrival Hour",99,"Unknown EMS Scene Arrival Minutes",88,"Not Applicable (Not Transported)",88,"Not Applicable (Not Transported)",1,"County Road","Weekday","TQ3_Year","Last Quarter (Month)"
"8","Colorado","80511",1,1,3,3,0,3,3,41,"EL PASO (41)",430,"COLORADO SPRINGS",9,"September",27,27,3,"Tuesday",2022,22,"10:00pm-10:59pm",7,"7","MAIZELAND RD","",6,"Local Street - Municipality",2,"Urban",4,"Minor Arterial",4,"City or Municipal Highway Agency",0,"This section IS NOT on the NHS",0,"No Special Jurisdiction",0,"None",38.86788333,38.86788333,-104.75968333,-104.75968333,9,"Pedalcyclist",0,"The First Harmful Event was Not a Collision with a Motor Vehicle in Transport",0,"No",1,"Non-Junction",1,"Not an Intersection",1,"On Roadway",0,"None",2,"Dark - Not Lighted",1,"Clear",0,"No","0000000","Not Applicable",22,"10:00pm-10:59pm",7,"7",22,"10:00pm-10:59pm",8,"8",88,"Not Applicable (Not Transported)",88,"Not Applicable (Not Transported)",1,"Others","Weekday","TQ3_Year","Last Quarter (Month)"
"8","Colorado","80514",0,0,1,1,0,1,1,13,"BOULDER (13)",1560,"LYONS",5,"May",26,26,5,"Thursday",2022,19,"7:00pm-7:59pm",6,"6","US-36   W MAIN ST","",2,"US Highway",1,"Rural",3,"Principal Arterial - Other",1,"State Highway Agency",1,"This section IS ON the NHS",0,"No Special Jurisdiction",202,"202",40.22598056,40.22598056,-105.27245,-105.27245,33,"Curb",0,"The First Harmful Event was Not a Collision with a Motor Vehicle in Transport",0,"No",1,"Non-Junction",1,"Not an Intersection",4,"On Roadside",0,"None",1,"Daylight",1,"Clear",0,"No","0000000","Not Applicable",19,"7:00pm-7:59pm",46,"46",19,"7:00pm-7:59pm",55,"55",88,"Not Applicable (Not Transported)",88,"Not Applicable (Not Transported)",1,"US Highway","Weekday","SQ2_Year","Last Quarter (Month)"
"8","Colorado","80519",0,0,1,1,0,1,1,55,"HUERFANO (55)",0,"NOT APPLICABLE",10,"October",7,7,6,"Friday",2022,18,"6:00pm-6:59pm",16,"16","SR-69","",3,"State Highway",1,"Rural",4,"Minor Arterial",1,"State Highway Agency",0,"This section IS NOT on the NHS",0,"No Special Jurisdiction",211,"211",37.76149444,37.76149444,-105.10055556,-105.10055556,1,"Rollover/Overturn",0,"The First Harmful Event was Not a Collision with a Motor Vehicle in Transport",0,"No",1,"Non-Junction",1,"Not an Intersection",4,"On Roadside",0,"None",5,"Dusk",1,"Clear",0,"No","0000000","Not Applicable",99,"Unknown",99,"Unknown",99,"Unknown EMS Scene Arrival Hour",99,"Unknown EMS Scene Arrival Minutes",99,"Unknown",99,"Unknown EMS Hospital Arrival Time",1,"State Highway","Weekday","TQ3_Year","1st Quarter (Month)"
"8","Colorado","80520",0,0,3,3,0,5,5,101,"PUEBLO (101)",0,"NOT APPLICABLE",10,"October",7,7,6,"Friday",2022,21,"9:00pm-9:59pm",6,"6","US-50","",2,"US Highway",1,"Rural",3,"Principal Arterial - Other",1,"State Highway Agency",1,"This section IS ON the NHS",0,"No Special Jurisdiction",3390,"3390",38.19565,38.19565,-104.22166111,-104.22166111,12,"Motor Vehicle In-Transport",2,"Front-to-Front",0,"No",1,"Non-Junction",1,"Not an Intersection",1,"On Roadway",0,"None",2,"Dark - Not Lighted",1,"Clear",0,"No","0000000","Not Applicable",99,"Unknown",99,"Unknown",99,"Unknown EMS Scene Arrival Hour",99,"Unknown EMS Scene Arrival Minutes",99,"Unknown",99,"Unknown EMS Hospital Arrival Time",1,"US Highway","Weekday","TQ3_Year","1st Quarter (Month)"