"state","statename","st_case","peds","pernotmvit","ve_total","ve_forms","pvh_invl","persons","permvit","county","countyname","city","cityname","month","monthname","day","dayname","day_week","day_weekname","year","hour","hourname","minute","minutename","tway_id","tway_id2","route","routename","rur_urb","rur_urbname","func_sys","func_sysname","rd_owner","rd_ownername","nhs","nhsname","sp_jur","sp_jurname","milept","mileptname","latitude","latitudename","longitud","longitudname","harm_ev","harm_evname","man_coll","man_collname","reljct1","reljct1name","reljct2","reljct2name","typ_int","typ_intname","rel_road","rel_roadname","wrk_zone","wrk_zonename","lgt_cond","lgt_condname","weather","weathername","sch_bus","sch_busname","rail","railname","not_hour","not_hourname","not_min","not_minname","arr_hour","arr_hourname","arr_min","arr_minname","hosp_hr","hosp_hrname","hosp_mn","hosp_mnname","fatals","route_category","day_type","quarter_year","day_quarter"
"8","Colorado","80524",0,0,2,2,0,3,3,63,"KIT CARSON (63)",0,"NOT APPLICABLE",10,"October",10,10,2,"Monday",2022,4,"4:00am-4:59am",39,"39","I-70","",1,"Interstate",1,"Rural",1,"Interstate",1,"State Highway Agency",1,"This section IS ON the NHS",0,"No Special Jurisdiction",4403,"4403",39.31245556,39.31245556,-102.2201,-102.2201,12,"Motor Vehicle In-Transport",1,"Front-to-Rear",0,"No",1,"Non-Junction",1,"Not an Intersection",2,"On Shoulder",0,"None",2,"Dark - Not Lighted",1,"Clear",0,"No","0000000","Not Applicable",99,"Unknown",99,"Unknown",99,"Unknown EMS Scene Arrival Hour",99,"Unknown EMS Scene Arrival Minutes",99,"Unknown",99,"Unknown EMS Hospital Arrival Time",1,"State Highway","Weekday","TQ3_Year","1st Quarter (Month)"
"8","Colorado","80527",0,0,2,2,0,3,3,93,"PARK (93)",0,"NOT APPLICABLE",10,"October",10,10,2,"Monday",2022,13,"1:00pm-1:59pm",57,"57","US-24","",2,"US Highway",1,"Rural",4,"Minor Arterial",1,"State Highway Agency",0,"This section IS NOT on the NHS",0,"No Special Jurisdiction",2539,"2539",39.04347222,39.04347222,-105.52964444,-105.52964444,12,"Motor Vehicle In-Transport",2,"Front-to-Front",0,"No",1,"Non-Junction",1,"Not an Intersection",1,"On Roadway",0,"None",1,"Daylight",1,"Clear",0,"No","0000000","Not Applicable",99,"Unknown",99,"Unknown",99,"Unknown EMS Scene Arrival Hour",99,"Unknown EMS Scene Arrival Minutes",99,"Unknown",99,"Unknown EMS Hospital Arrival Time",1,"US Highway","Weekday","TQ3_Year","1st Quarter (Month)"
"8","Colorado","80528",0,0,1,1,0,1,1,79,"MINERAL (79)",0,"NOT APPLICABLE",10,"October",10,10,2,"Monday",2022,18,"6:00pm-6:59pm",0,"0","US-160","",2,"US Highway",1,"Rural",3,"Principal Arterial - Other",1,"State Highway Agency",1,"This section IS ON the NHS",0,"No Special Jurisdiction",1605,"1605",37.45064167,37.45064167,-106.88864444,-106.88864444,1,"Rollover/Overturn",0,"The First Harmful Event was Not a Collision with a Motor Vehicle in Transport",0,"No",1,"Non-Junction",1,"Not an Intersection",1,"On Roadway",0,"None",1,"Daylight",1,"Clear",0,"No","0000000","Not Applicable",18,"6:00pm-6:59pm",4,"4",18,"6:00pm-6:59pm",25,"25",88,"Not Applicable (Not Transported)",88,"Not Applicable (Not Transported)",1,"US Highway","Weekday","TQ3_Year","1st Quarter (Month)"
"8","Colorado","80530",0,0,1,1,0,4,4,29,"DELTA (29)",0,"NOT APPLICABLE",10,"October",12,12,4,"Wednesday",2022,3,"3:00am-3:59am",0,"0","SR-133","",3,"State Highway",1,"Rural",4,"Minor Arterial",1,"State Highway Agency",0,"This section IS NOT on the NHS",0,"No Special Jurisdiction",20,"20",38.81916667,38.81916667,-107.69131944,-107.69131944,1,"Rollover/Overturn",0,"The First Harmful Event was Not a Collision with a Motor Vehicle in Transport",0,"No",1,"Non-Junction",1,"Not an Intersection",4,"On Roadside",0,"None",2,"Dark - Not Lighted",1,"Clear",0,"No","0000000","Not Applicable",99,"Unknown",99,"Unknown",99,"Unknown EMS Scene Arrival Hour",99,"Unknown EMS Scene Arrival Minutes",99,"Unknown",99,"Unknown EMS Hospital Arrival Time",2,"State Highway","Weekday","TQ3_Year","2nd Quarter (Month)"
"8","Colorado","80531",2,2,2,2,0,1,1,35,"DOUGLAS (35)",0,"NOT APPLICABLE",10,"October",12,12,4,"Wednesday",2022,22,"10:00pm-10:59pm",30,"30","I-25","",1,"Interstate",2,"Urban",1,"Interstate",1,"State Highway Agency",1,"This section IS ON the NHS",0,"No Special Jurisdiction",1815,"1815",39.37427778,39.37427778,-104.86284444,-104.86284444,24,"Guardrail Face",0,"The First Harmful Event was Not a Collision with a Motor Vehicle in Transport",0,"No",1,"Non-Junction",1,"Not an Intersection",4,"On Roadside",0,"None",2,"Dark - Not Lighted",1,"Clear",0,"No","0000000","Not Applicable",22,"10:00pm-10:59pm",33,"33",22,"10:00pm-10:59pm",39,"39",88,"Not Applicable (Not Transported)",88,"Not Applicable (Not Transported)",2,"State Highway","Weekday","TQ3_Year","2nd Quarter (Month)"
"8","Colorado","80532",0,0,1,1,0,1,1,15,"CHAFFEE (15)",0,"NOT APPLICABLE",10,"October",13,13,5,"Thursday",2022,12,"12:00pm-12:59pm",0,"0","CR-175","",4,"County Road",1,"Rural",6,"Minor Collector",2,"County Highway Agency",0,"This section IS NOT on the NHS",0,"No Special Jurisdiction",60,"60",38.59864444,38.59864444,-105.95536667,-105.95536667,1,"Rollover/Overturn",0,"The First Harmful Event was Not a Collision with a Motor Vehicle in Transport",0,"No",1,"Non-Junction",1,"Not an Intersection",4,"On Roadside",0,"None",1,"Daylight",1,"Clear",0,"No","0000000","Not Applicable",99,"Unknown",99,"Unknown",99,"Unknown EMS Scene Arrival Hour",99,"Unknown EMS Scene Arrival Minutes",88,"Not Applicable (Not Transported)",88,"Not Applicable (Not Transported)",1,"County Road","Weekday","TQ3_Year","2nd Quarter (Month)"
"8","Colorado","80536",0,0,1,1,0,2,2,67,"LA PLATA (67)",650,"DURANGO",10,"October",17,17,2,"Monday",2022,7,"7:00am-7:59am",22,"22","US-160","",2,"US Highway",2,"Urban",3,"Principal Arterial - Other",1,"State Highway Agency",1,"This section IS ON the NHS",0,"No Special Jurisdiction",859,"859",37.23485556,37.23485556,-107.86803056,-107.86803056,24,"Guardrail Face",0,"The First Harmful Event was Not a Collision with a Motor Vehicle in Transport",0,"No",1,"Non-Junction",1,"Not an Intersection",4,"On Roadside",0,"None",3,"Dark - Lighted",1,"Clear",0,"No","0000000","Not Applicable",7,"7:00am-7:59am",25,"25",7,"7:00am-7:59am",30,"30",88,"Not Applicable (Not Transported)",88,"Not Applicable (Not Transported)",1,"US Highway","Weekday","TQ3_Year","2nd Quarter (Month)"
"8","Colorado","80537",0,0,1,1,0,3,3,41,"EL PASO (41)",0,"NOT APPLICABLE",10,"October",13,13,5,"Thursday",2022,3,"3:00am-3:59am",40,"40","CR-JUDGE ORR RD","",4,"County Road",1,"Rural",4,"Minor Arterial",2,"County Highway Agency",0,"This section IS NOT on the NHS",0,"No Special Jurisdiction",0,"None",38.95420556,38.95420556,-104.33627778,-104.33627778,1,"Rollover/Overturn",0,"The First Harmful Event was Not a Collision with a Motor Vehicle in Transport",0,"No",1,"Non-Junction",1,"Not an Intersection",4,"On Roadside",0,"None",2,"Dark - Not Lighted",1,"Clear",0,"No","0000000","Not Applicable",3,"3:00am-3:59am",47,"47",99,"Unknown EMS Scene Arrival Hour",99,"Unknown EMS Scene Arrival Minutes",99,"Unknown",99,"Unknown EMS Hospital Arrival Time",1,"County Road","Weekday","TQ3_Year","2nd Quarter (Month)"
"8","Colorado","80538",0,0,2,2,0,2,2,35,"DOUGLAS (35)",1952,"PARKER",10,"October",26,26,4,"Wednesday",2022,16,"4:00pm-4:59pm",21,"21","S DRANSFIELD RD","",6,"Local Street - Municipality",2,"Urban",5,"Major Collector",4,"City or Municipal Highway Agency",0,"This section IS NOT on the NHS",0,"No Special Jurisdiction",0,"None",39.52222222,39.52222222,-104.77099167,-104.77099167,12,"Motor Vehicle In-Transport",2,"Front-to-Front",0,"No",1,"Non-Junction",1,"Not an Intersection",1,"On Roadway",0,"None",1,"Daylight",1,"Clear",0,"No","0000000","Not Applicable",99,"Unknown",99,"Unknown",99,"Unknown EMS Scene Arrival Hour",99,"Unknown EMS Scene Arrival Minutes",99,"Unknown",99,"Unknown EMS Hospital Arrival Time",1,"Others","Weekday","TQ3_Year","Last Quarter (Month)"
"8","Colorado","80539",0,0,1,1,0,1,1,55,"HUERFANO (55)",0,"NOT APPLICABLE",10,"October",18,18,3,"Tuesday",2022,6,"6:00am-6:59am",15,"15","SR-69","",3,"State Highway",1,"Rural",4,"Minor Arterial",1,"State Highway Agency",0,"This section IS NOT on the NHS",0,"No Special Jurisdiction",14,"14",37.64747222,37.64747222,-104.81710556,-104.81710556,1,"Rollover/Overturn",0,"The First Harmful Event was Not a Collision with a Motor Vehicle in Transport",0,"No",1,"Non-Junction",1,"Not an Intersection",4,"On Roadside",0,"None",2,"Dark - Not Lighted",1,"Clear",0,"No","0000000","Not Applicable",99,"Unknown",99,"Unknown",99,"Unknown EMS Scene Arrival Hour",99,"Unknown EMS Scene Arrival Minutes",88,"Not Applicable (Not Transported)",88,"Not Applicable (Not Transported)",1,"State Highway","Weekday","TQ3_Year","2nd Quarter (Month)"
"8","Colorado","80541",0,0,1,1,0,1,1,13,"BOULDER (13)",0,"NOT APPLICABLE",10,"October",19,19,4,"Wednesday",2022,16,"4:00pm-4:59pm",58,"58","SR-72","",3,"State Highway",1,"Rural",4,"Minor Arterial",1,"State Highway Agency",0,"This section IS NOT on the NHS",0,"No Special Jurisdiction",445,"445",40.08055556,40.08055556,-105.49889444,-105.49889444,1,"Rollover/Overturn",0,"The First Harmful Event was Not a Collision with a Motor Vehicle in Transport",0,"No",1,"Non-Junction",1,"Not an Intersection",4,"On Roadside",0,"None",1,"Daylight",1,"Clear",0,"No","0000000","Not Applicable",16,"4:00pm-4:59pm",54,"54",17,"5:00pm-5:59pm",3,"3",88,"Not Applicable (Not Transported)",88,"Not Applicable (Not Transported)",1,"State Highway","Weekday","TQ3_Year","2nd Quarter (Month)"
"8","Colorado","80542",0,0,2,2,0,3,3,41,"EL PASO (41)",0,"NOT APPLICABLE",10,"October",20,20,5,"Thursday",2022,8,"8:00am-8:59am",44,"44","I-25","",1,"Interstate",1,"Rural",1,"Interstate",1,"State Highway Agency",1,"This section IS ON the NHS",0,"No Special Jurisdiction",1219,"1219",38.5918,38.5918,-104.67183333,-104.67183333,12,"Motor Vehicle In-Transport",1,"Front-to-Rear",0,"No",1,"Non-Junction",1,"Not an Intersection",1,"On Roadway",0,"None",1,"Daylight",1,"Clear",0,"No","0000000","Not Applicable",99,"Unknown",99,"Unknown",99,"Unknown EMS Scene Arrival Hour",99,"Unknown EMS Scene Arrival Minutes",88,"Not Applicable (Not Transported)",88,"Not Applicable (Not Transported)",1,"State Highway","Weekday","TQ3_Year","2nd Quarter (Month)"
"8","Colorado","80543",1,1,1,1,0,1,1,1,"ADAMS (1)",2550,"WESTMINSTER",10,"October",21,21,6,"Friday",2022,0,"0:00am-0:59am",0,"0","US-287   FEDERAL BLVD","",2,"US Highway",2,"Urban",3,"Principal Arterial - Other",1,"State Highway Agency",1,"This section IS ON the NHS",0,"No Special Jurisdiction",2890,"2890",39.83015833,39.83015833,-105.02503056,-105.02503056,8,"Pedestrian",0,"The First Harmful Event was Not a Collision with a Motor Vehicle in Transport",0,"No",1,"Non-Junction",1,"Not an Intersection",1,"On Roadway",0,"None",3,"Dark - Lighted",1,"Clear",0,"No","0000000","Not Applicable",0,"0:00am-0:59am",1,"1",0,"0:00am-0:59am",6,"6",88,"Not Applicable (Not Transported)",88,"Not Applicable (Not Transported)",1,"US Highway","Weekday","TQ3_Year","Last Quarter (Month)"
"8","Colorado","80548",0,0,2,2,0,6,6,83,"MONTEZUMA (83)",0,"NOT APPLICABLE",10,"October",23,23,1,"Sunday",2022,21,"9:00pm-9:59pm",22,"22","US-160","",2,"US Highway",1,"Rural",3,"Principal Arterial - Other",1,"State Highway Agency",1,"This section IS ON the NHS",0,"No Special Jurisdiction",324,"324",37.27558333,37.27558333,-108.63161111,-108.63161111,11,"Live Animal",0,"The First Harmful Event was Not a Collision with a Motor Vehicle in Transport",0,"No",1,"Non-Junction",1,"Not an Intersection",1,"On Roadway",0,"None",2,"Dark - Not Lighted",1,"Clear",0,"No","0000000","Not Applicable",21,"9:00pm-9:59pm",22,"22",99,"Unknown EMS Scene Arrival Hour",99,"Unknown EMS Scene Arrival Minutes",99,"Unknown",99,"Unknown EMS Hospital Arrival Time",2,"US Highway","Weekend","TQ3_Year","Last Quarter (Month)"
"8","Colorado","80549",0,0,2,2,0,2,2,41,"EL PASO (41)",0,"NOT APPLICABLE",10,"October",23,23,1,"Sunday",2022,0,"0:00am-0:59am",15,"15","I-25","",1,"Interstate",2,"Urban",1,"Interstate",1,"State Highway Agency",1,"This section IS ON the NHS",0,"No Special Jurisdiction",1498,"1498",38.94676944,38.94676944,-104.81374444,-104.81374444,12,"Motor Vehicle In-Transport",2,"Front-to-Front",0,"No",1,"Non-Junction",1,"Not an Intersection",1,"On Roadway",0,"None",3,"Dark - Lighted",1,"Clear",0,"No","0000000","Not Applicable",99,"Unknown",99,"Unknown",99,"Unknown EMS Scene Arrival Hour",99,"Unknown EMS Scene Arrival Minutes",99,"Unknown",99,"Unknown EMS Hospital Arrival Time",1,"State Highway","Weekend","TQ3_Year","Last Quarter (Month)"
"8","Colorado","80553",0,0,1,1,0,1,1,59,"JEFFERSON (59)",0,"NOT APPLICABLE",10,"October",22,22,7,"Saturday",2022,12,"12:00pm-12:59pm",30,"30","CR-HIGH GRADE RD","",4,"County Road",1,"Rural",6,"Minor Collector",2,"County Highway Agency",0,"This section IS NOT on the NHS",0,"No Special Jurisdiction",0,"None",39.50818889,39.50818889,-105.18908333,-105.18908333,1,"Rollover/Overturn",0,"The First Harmful Event was Not a Collision with a Motor Vehicle in Transport",0,"No",1,"Non-Junction",1,"Not an Intersection",4,"On Roadside",0,"None",1,"Daylight",1,"Clear",0,"No","0000000","Not Applicable",88,"Not Applicable (Not Notified)",88,"Not Applicable (Not Notified)",88,"Not Applicable",88,"Not Applicable",88,"Not Applicable (Not Transported)",88,"Not Applicable (Not Transported)",1,"County Road","Weekend","TQ3_Year","Last Quarter (Month)"
"8","Colorado","80561",1,1,2,2,0,2,2,77,"MESA (77)",1040,"GRAND JUNCTION",10,"October",18,18,3,"Tuesday",2022,23,"11:00pm-11:59pm",14,"14","D RD","",6,"Local Street - Municipality",2,"Urban",4,"Minor Arterial",4,"City or Municipal Highway Agency",0,"This section IS NOT on the NHS",0,"No Special Jurisdiction",0,"None",39.06286667,39.06286667,-108.50454167,-108.50454167,8,"Pedestrian",0,"The First Harmful Event was Not a Collision with a Motor Vehicle in Transport",0,"No",1,"Non-Junction",1,"Not an Intersection",1,"On Roadway",0,"None",2,"Dark - Not Lighted",1,"Clear",0,"No","0000000","Not Applicable",23,"11:00pm-11:59pm",16,"16",23,"11:00pm-11:59pm",22,"22",88,"Not Applicable (Not Transported)",88,"Not Applicable (Not Transported)",1,"Others","Weekday","TQ3_Year","2nd Quarter (Month)"
"8","Colorado","80566",0,0,1,1,0,1,1,123,"WELD (123)",0,"NOT APPLICABLE",10,"October",29,29,7,"Saturday",2022,2,"2:00am-2:59am",0,"0","I-76","",1,"Interstate",1,"Rural",1,"Interstate",1,"State Highway Agency",1,"This section IS ON the NHS",0,"No Special Jurisdiction",447,"447",40.1658,40.1658,-104.43803333,-104.43803333,1,"Rollover/Overturn",0,"The First Harmful Event was Not a Collision with a Motor Vehicle in Transport",0,"No",1,"Non-Junction",1,"Not an Intersection",1,"On Roadway",0,"None",2,"Dark - Not Lighted",1,"Clear",0,"No","0000000","Not Applicable",7,"7:00am-7:59am",45,"45",7,"7:00am-7:59am",51,"51",88,"Not Applicable (Not Transported)",88,"Not Applicable (Not Transported)",1,"State Highway","Weekend","TQ3_Year","Last Quarter (Month)"
"8","Colorado","80567",0,0,1,1,0,1,1,41,"EL PASO (41)",430,"COLORADO SPRINGS",10,"October",22,22,7,"Saturday",2022,17,"5:00pm-5:59pm",6,"6","US-24   E FOUNTAIN BLVD","",2,"US Highway",2,"Urban",2,"Principal Arterial - Other Freeways and Expressways",1,"State Highway Agency",1,"This section IS ON the NHS",0,"No Special Jurisdiction",3057,"3057",38.81795833,38.81795833,-104.77416667,-104.77416667,33,"Curb",0,"The First Harmful Event was Not a Collision with a Motor Vehicle in Transport",0,"No",1,"Non-Junction",1,"Not an Intersection",3,"On Median",0,"None",1,"Daylight",1,"Clear",0,"No","0000000","Not Applicable",99,"Unknown",99,"Unknown",99,"Unknown EMS Scene Arrival Hour",99,"Unknown EMS Scene Arrival Minutes",88,"Not Applicable (Not Transported)",88,"Not Applicable (Not Transported)",1,"US Highway","Weekend","TQ3_Year","Last Quarter (Month)"
"8","Colorado","80570",1,1,1,1,0,1,1,1,"ADAMS (1)",2427,"THORNTON",10,"October",15,15,7,"Saturday",2022,13,"1:00pm-1:59pm",23,"23","I-25","",1,"Interstate",2,"Urban",1,"Interstate",1,"State Highway Agency",1,"This section IS ON the NHS",0,"No Special Jurisdiction",2203,"2203",39.87413056,39.87413056,-104.98740556,-104.98740556,8,"Pedestrian",0,"The First Harmful Event was Not a Collision with a Motor Vehicle in Transport",0,"No",1,"Non-Junction",1,"Not an Intersection",1,"On Roadway",0,"None",1,"Daylight",1,"Clear",0,"No","0000000","Not Applicable",13,"1:00pm-1:59pm",26,"26",13,"1:00pm-1:59pm",28,"28",88,"Not Applicable (Not Transported)",88,"Not Applicable (Not Transported)",1,"State Highway","Weekend","TQ3_Year","2nd Quarter (Month)"
"8","Colorado","80571",0,0,1,1,0,4,4,87,"MORGAN (87)",0,"NOT APPLICABLE",10,"October",29,29,7,"Saturday",2022,1,"1:00am-1:59am",40,"40","I-76","",1,"Interstate",1,"Rural",1,"Interstate",1,"State Highway Agency",1,"This section IS ON the NHS",0,"No Special Jurisdiction",828,"828",40.26311667,40.26311667,-103.75229167,-103.75229167,1,"Rollover/Overturn",0,"The First Harmful Event was Not a Collision with a Motor Vehicle in Transport",0,"No",1,"Non-Junction",1,"Not an Intersection",3,"On Median",0,"None",2,"Dark - Not Lighted",1,"Clear",0,"No","0000000","Not Applicable",99,"Unknown",99,"Unknown",99,"Unknown EMS Scene Arrival Hour",99,"Unknown EMS Scene Arrival Minutes",99,"Unknown",99,"Unknown EMS Hospital Arrival Time",1,"State Highway","Weekend","TQ3_Year","Last Quarter (Month)"
"8","Colorado","80572",0,0,1,1,0,2,2,5,"ARAPAHOE (5)",0,"NOT APPLICABLE",10,"October",30,30,1,"Sunday",2022,10,"10:00am-10:59am",8,"8","CR-E HAMPDEN AVE","",4,"County Road",2,"Urban",4,"Minor Arterial",2,"County Highway Agency",0,"This section IS NOT on the NHS",0,"No Special Jurisdiction",0,"None",39.65315,39.65315,-104.7542,-104.7542,43,"Other Fixed Object",0,"The First Harmful Event was Not a Collision with a Motor Vehicle in Transport",0,"No",1,"Non-Junction",1,"Not an Intersection",4,"On Roadside",0,"None",1,"Daylight",1,"Clear",0,"No","0000000","Not Applicable",99,"Unknown",99,"Unknown",99,"Unknown EMS Scene Arrival Hour",99,"Unknown EMS Scene Arrival Minutes",88,"Not Applicable (Not Transported)",88,"Not Applicable (Not Transported)",2,"County Road","Weekend","TQ3_Year","Last Quarter (Month)"
"8","Colorado","80574",0,0,1,1,0,3,3,123,"WELD (123)",0,"NOT APPLICABLE",10,"October",23,23,1,"Sunday",2022,15,"3:00pm-3:59pm",5,"5","I-76","",1,"Interstate",1,"Rural",1,"Interstate",1,"State Highway Agency",1,"This section IS ON the NHS",0,"No Special Jurisdiction",435,"435",40.15690278,40.15690278,-104.45629722,-104.45629722,1,"Rollover/Overturn",0,"The First Harmful Event was Not a Collision with a Motor Vehicle in Transport",0,"No",1,"Non-Junction",1,"Not an Intersection",4,"On Roadside",0,"None",1,"Daylight",1,"Clear",0,"No","0000000","Not Applicable",99,"Unknown",99,"Unknown",99,"Unknown EMS Scene Arrival Hour",99,"Unknown EMS Scene Arrival Minutes",99,"Unknown",99,"Unknown EMS Hospital Arrival Time",1,"State Highway","Weekend","TQ3_Year","Last Quarter (Month)"
"8","Colorado","80594",0,0,2,2,0,2,2,123,"WELD (123)",0,"NOT APPLICABLE",11,"November",4,4,6,"Friday",2022,11,"11:00am-11:59am",8,"8","US-34","",2,"US Highway",1,"Rural",3,"Principal Arterial - Other",1,"State Highway Agency",1,"This section IS ON the NHS",0,"No Special Jurisdiction",1305,"1305",40.3125,40.3125,-104.38661111,-104.38661111,12,"Motor Vehicle In-Transport",1,"Front-to-Rear",0,"No",1,"Non-Junction",1,"Not an Intersection",1,"On Roadway",0,"None",1,"Daylight",1,"Clear",0,"No","0000000","Not Applicable",11,"11:00am-11:59am",15,"15",11,"11:00am-11:59am",28,"28",88,"Not Applicable (Not Transported)",88,"Not Applicable (Not Transported)",1,"US Highway","Weekday","TQ3_Year","1st Quarter (Month)"
"8","Colorado","80598",1,1,1,1,0,1,1,51,"GUNNISON (51)",0,"NOT APPLICABLE",11,"November",7,7,2,"Monday",2022,12,"12:00pm-12:59pm",35,"35","SR-135","",3,"State Highway",1,"Rural",4,"Minor Arterial",1,"State Highway Agency",0,"This section IS NOT on the NHS",0,"No Special Jurisdiction",213,"213",38.81019167,38.81019167,-106.89865833,-106.89865833,9,"Pedalcyclist",0,"The First Harmful Event was Not a Collision with a Motor Vehicle in Transport",0,"No",1,"Non-Junction",1,"Not an Intersection",2,"On Shoulder",0,"None",1,"Daylight",1,"Clear",0,"No","0000000","Not Applicable",12,"12:00pm-12:59pm",31,"31",12,"12:00pm-12:59pm",39,"39",88,"Not Applicable (Not Transported)",88,"Not Applicable (Not Transported)",1,"State Highway","Weekday","TQ3_Year","1st Quarter (Month)"
"8","Colorado","80599",0,0,2,2,0,2,2,123,"WELD (123)",0,"NOT APPLICABLE",11,"November",8,8,3,"Tuesday",2022,12,"12:00pm-12:59pm",43,"43","SR-14","",3,"State Highway",1,"Rural",3,"Principal Arterial - Other",1,"State Highway Agency",1,"This section IS ON the NHS",0,"No Special Jurisdiction",1505,"1505",40.58236111,40.58236111,-104.78705,-104.78705,12,"Motor Vehicle In-Transport",2,"Front-to-Front",0,"No",1,"Non-Junction",1,"Not an Intersection",1,"On Roadway",0,"None",1,"Daylight",1,"Clear",0,"No","0000000","Not Applicable",12,"12:00pm-12:59pm",43,"43",12,"12:00pm-12:59pm",46,"46",88,"Not Applicable (Not Transported)",88,"Not Applicable (Not Transported)",1,"State Highway","Weekday","TQ3_Year","1st Quarter (Month)"
"8","Colorado","80600",0,0,2,2,0,3,3,41,"EL PASO (41)",0,"NOT APPLICABLE",11,"November",13,13,1,"Sunday",2022,0,"0:00am-0:59am",45,"45","I-25","",1,"Interstate",2,"Urban",1,"Interstate",1,"State Highway Agency",1,"This section IS ON the NHS",0,"No Special Jurisdiction",1362,"1362",38.77755,38.77755,-104.78365556,-104.78365556,12,"Motor Vehicle In-Transport",2,"Front-to-Front",0,"No",1,"Non-Junction",1,"Not an Intersection",1,"On Roadway",0,"None",2,"Dark - Not Lighted",1,"Clear",0,"No","0000000","Not Applicable",99,"Unknown",99,"Unknown",99,"Unknown EMS Scene Arrival Hour",99,"Unknown EMS Scene Arrival Minutes",99,"Unknown",99,"Unknown EMS Hospital Arrival Time",1,"State Highway","Weekend","TQ3_Year","2nd Quarter (Month)"
"8","Colorado","80602",0,0,1,1,0,2,2,87,"MORGAN (87)",0,"NOT APPLICABLE",11,"November",10,10,5,"Thursday",2022,0,"0:00am-0:59am",4,"4","I-76","",1,"Interstate",1,"Rural",1,"Interstate",1,"State Highway Agency",1,"This section IS ON the NHS",0,"No Special Jurisdiction",961,"961",40.3077,40.3077,-103.51611111,-103.51611111,1,"Rollover/Overturn",0,"The First Harmful Event was Not a Collision with a Motor Vehicle in Transport",0,"No",1,"Non-Junction",1,"Not an Intersection",4,"On Roadside",0,"None",2,"Dark - Not Lighted",1,"Clear",0,"No","0000000","Not Applicable",99,"Unknown",99,"Unknown",99,"Unknown EMS Scene Arrival Hour",99,"Unknown EMS Scene Arrival Minutes",99,"Unknown",99,"Unknown EMS Hospital Arrival Time",1,"State Highway","Weekday","TQ3_Year","1st Quarter (Month)"
"8","Colorado","80603",0,0,1,1,0,1,1,49,"GRAND (49)",0,"NOT APPLICABLE",11,"November",11,11,6,"Friday",2022,8,"8:00am-8:59am",41,"41","SR-9","",3,"State Highway",1,"Rural",4,"Minor Arterial",1,"State Highway Agency",0,"This section IS NOT on the NHS",0,"No Special Jurisdiction",1341,"1341",40.00125,40.00125,-106.37,-106.37,31,"Post, Pole or Other Supports",0,"The First Harmful Event was Not a Collision with a Motor Vehicle in Transport",0,"No",1,"Non-Junction",1,"Not an Intersection",4,"On Roadside",0,"None",1,"Daylight",1,"Clear",0,"No","0000000","Not Applicable",99,"Unknown",99,"Unknown",99,"Unknown EMS Scene Arrival Hour",99,"Unknown EMS Scene Arrival Minutes",88,"Not Applicable (Not Transported)",88,"Not Applicable (Not Transported)",1,"State Highway","Weekday","TQ3_Year","2nd Quarter (Month)"
"8","Colorado","80605",0,0,1,1,0,1,1,101,"PUEBLO (101)",0,"NOT APPLICABLE",11,"November",12,12,7,"Saturday",2022,8,"8:00am-8:59am",40,"40","US-50 BUSN RT","",2,"US Highway",2,"Urban",3,"Principal Arterial - Other",1,"State Highway Agency",1,"This section IS ON the NHS",0,"No Special Jurisdiction",67,"67",38.244825,38.244825,-104.50914444,-104.50914444,32,"Culvert",0,"The First Harmful Event was Not a Collision with a Motor Vehicle in Transport",0,"No",1,"Non-Junction",1,"Not an Intersection",4,"On Roadside",0,"None",1,"Daylight",1,"Clear",0,"No","0000000","Not Applicable",8,"8:00am-8:59am",45,"45",8,"8:00am-8:59am",51,"51",88,"Not Applicable (Not Transported)",88,"Not Applicable (Not Transported)",1,"US Highway","Weekend","TQ3_Year","2nd Quarter (Month)"
"8","Colorado","80608",0,0,1,1,0,1,1,69,"LARIMER (69)",0,"NOT APPLICABLE",11,"November",9,9,4,"Wednesday",2022,7,"7:00am-7:59am",35,"35","I-25","",1,"Interstate",1,"Rural",1,"Interstate",1,"State Highway Agency",1,"This section IS ON the NHS",0,"No Special Jurisdiction",2882,"2882",40.85046111,40.85046111,-104.96315556,-104.96315556,1,"Rollover/Overturn",0,"The First Harmful Event was Not a Collision with a Motor Vehicle in Transport",0,"No",1,"Non-Junction",1,"Not an Intersection",3,"On Median",0,"None",1,"Daylight",1,"Clear",0,"No","0000000","Not Applicable",99,"Unknown",99,"Unknown",99,"Unknown EMS Scene Arrival Hour",99,"Unknown EMS Scene Arrival Minutes",99,"Unknown",99,"Unknown EMS Hospital Arrival Time",1,"State Highway","Weekday","TQ3_Year","1st Quarter (Month)"