"state","statename","st_case","peds","pernotmvit","ve_total","ve_forms","pvh_invl","persons","permvit","county","countyname","city","cityname","month","monthname","day","dayname","day_week","day_weekname","year","hour","hourname","minute","minutename","tway_id","tway_id2","route","routename","rur_urb","rur_urbname","func_sys","func_sysname","rd_owner","rd_ownername","nhs","nhsname","sp_jur","sp_jurname","milept","mileptname","latitude","latitudename","longitud","longitudname","harm_ev","harm_evname","man_coll","man_collname","reljct1","reljct1name","reljct2","reljct2name","typ_int","typ_intname","rel_road","rel_roadname","wrk_zone","wrk_zonename","lgt_cond","lgt_condname","weather","weathername","sch_bus","sch_busname","rail","railname","not_hour","not_hourname","not_min","not_minname","arr_hour","arr_hourname","arr_min","arr_minname","hosp_hr","hosp_hrname","hosp_mn","hosp_mnname","fatals","route_category","day_type","quarter_year","day_quarter"
"13","Georgia","130497",0,0,1,1,0,1,1,33,"BURKE (33)",0,"NOT APPLICABLE",4,"April",29,29,6,"Friday",2022,19,"7:00pm-7:59pm",15,"15","SR-121 BYPASS","",3,"State Highway",2,"Urban",3,"Principal Arterial - Other",1,"State Highway Agency",1,"This section IS ON the NHS",0,"No Special Jurisdiction",32,"32",33.09002778,33.09002778,-81.99404167,-81.99404167,1,"Rollover/Overturn",0,"The First Harmful Event was Not a Collision with a Motor Vehicle in Transport",0,"No",1,"Non-Junction",1,"Not an Intersection",4,"On Roadside",0,"None",1,"Daylight",1,"Clear",0,"No","0000000","Not Applicable",19,"7:00pm-7:59pm",15,"15",19,"7:00pm-7:59pm",20,"20",88,"Not Applicable (Not Transported)",88,"Not Applicable (Not Transported)",1,"State Highway","Weekday","FQ1_Year","Last Quarter (Month)"
"13","Georgia","130502",0,0,1,1,0,1,1,179,"LIBERTY (179)",4640,"RICEBORO",4,"April",30,30,7,"Saturday",2022,19,"7:00pm-7:59pm",53,"53","BARRINGTON FERRY RD","",6,"Local Street - Municipality",1,"Rural",6,"Minor Collector",4,"City or Municipal Highway Agency",0,"This section IS NOT on the NHS",0,"No Special Jurisdiction",3,"3",31.72259722,31.72259722,-81.47755278,-81.47755278,42,"Tree (Standing Only)",0,"The First Harmful Event was Not a Collision with a Motor Vehicle in Transport",0,"No",1,"Non-Junction",1,"Not an Intersection",4,"On Roadside",0,"None",1,"Daylight",1,"Clear",0,"No","0000000","Not Applicable",19,"7:00pm-7:59pm",52,"52",20,"8:00pm-8:59pm",2,"2",88,"Not Applicable (Not Transported)",88,"Not Applicable (Not Transported)",1,"Others","Weekend","FQ1_Year","Last Quarter (Month)"
"13","Georgia","130504",1,1,2,2,0,2,2,21,"BIBB (21)",3390,"MACON",4,"April",30,30,7,"Saturday",2022,22,"10:00pm-10:59pm",12,"12","SR-247","",3,"State Highway",2,"Urban",4,"Minor Arterial",1,"State Highway Agency",1,"This section IS ON the NHS",0,"No Special Jurisdiction",109,"109",32.80976111,32.80976111,-83.66295,-83.66295,8,"Pedestrian",0,"The First Harmful Event was Not a Collision with a Motor Vehicle in Transport",0,"No",1,"Non-Junction",1,"Not an Intersection",1,"On Roadway",0,"None",3,"Dark - Lighted",1,"Clear",0,"No","0000000","Not Applicable",99,"Unknown",98,"Unknown if Notified",99,"Unknown EMS Scene Arrival Hour",98,"Unknown if Arrived",88,"Not Applicable (Not Transported)",88,"Not Applicable (Not Transported)",1,"State Highway","Weekend","FQ1_Year","Last Quarter (Month)"
"13","Georgia","130510",0,0,1,1,0,1,1,157,"JACKSON (157)",0,"NOT APPLICABLE",4,"April",30,30,7,"Saturday",2022,22,"10:00pm-10:59pm",20,"20","SR-11","",3,"State Highway",2,"Urban",4,"Minor Arterial",1,"State Highway Agency",0,"This section IS NOT on the NHS",0,"No Special Jurisdiction",37,"37",34.08867778,34.08867778,-83.62396667,-83.62396667,35,"Embankment",0,"The First Harmful Event was Not a Collision with a Motor Vehicle in Transport",0,"No",1,"Non-Junction",1,"Not an Intersection",4,"On Roadside",0,"None",1,"Daylight",1,"Clear",0,"No","0000000","Not Applicable",10,"10:00am-10:59am",40,"40",10,"10:00am-10:59am",47,"47",88,"Not Applicable (Not Transported)",88,"Not Applicable (Not Transported)",1,"State Highway","Weekend","FQ1_Year","Last Quarter (Month)"
"13","Georgia","130534",0,0,2,2,0,3,3,121,"FULTON (121)",280,"ATLANTA",4,"April",15,15,6,"Friday",2022,19,"7:00pm-7:59pm",44,"44","I-75","",1,"Interstate",2,"Urban",1,"Interstate",1,"State Highway Agency",1,"This section IS ON the NHS",0,"No Special Jurisdiction",131,"131",33.81256389,33.81256389,-84.42005556,-84.42005556,12,"Motor Vehicle In-Transport",1,"Front-to-Rear",0,"No",1,"Non-Junction",1,"Not an Intersection",1,"On Roadway",0,"None",5,"Dusk",1,"Clear",0,"No","0000000","Not Applicable",19,"7:00pm-7:59pm",48,"48",19,"7:00pm-7:59pm",52,"52",88,"Not Applicable (Not Transported)",88,"Not Applicable (Not Transported)",2,"State Highway","Weekday","FQ1_Year","2nd Quarter (Month)"
"13","Georgia","130540",1,1,1,1,0,1,1,51,"CHATHAM (51)",2290,"GARDEN CITY",4,"April",30,30,7,"Saturday",2022,21,"9:00pm-9:59pm",9,"9","SR-25","",3,"State Highway",2,"Urban",3,"Principal Arterial - Other",1,"State Highway Agency",1,"This section IS ON the NHS",0,"No Special Jurisdiction",78,"78",32.04271111,32.04271111,-81.188375,-81.188375,8,"Pedestrian",0,"The First Harmful Event was Not a Collision with a Motor Vehicle in Transport",0,"No",1,"Non-Junction",1,"Not an Intersection",1,"On Roadway",0,"None",2,"Dark - Not Lighted",1,"Clear",0,"No","0000000","Not Applicable",21,"9:00pm-9:59pm",22,"22",21,"9:00pm-9:59pm",28,"28",88,"Not Applicable (Not Transported)",88,"Not Applicable (Not Transported)",1,"State Highway","Weekend","FQ1_Year","Last Quarter (Month)"
"13","Georgia","130546",0,0,1,1,0,1,1,117,"FORSYTH (117)",0,"NOT APPLICABLE",4,"April",17,17,1,"Sunday",2022,13,"1:00pm-1:59pm",41,"41","CR-014600 LITTLE MILL RD","",4,"County Road",2,"Urban",7,"Local",2,"County Highway Agency",0,"This section IS NOT on the NHS",0,"No Special Jurisdiction",21,"21",34.26453611,34.26453611,-84.02181944,-84.02181944,33,"Curb",0,"The First Harmful Event was Not a Collision with a Motor Vehicle in Transport",0,"No",1,"Non-Junction",1,"Not an Intersection",4,"On Roadside",0,"None",1,"Daylight",1,"Clear",0,"No","0000000","Not Applicable",13,"1:00pm-1:59pm",41,"41",13,"1:00pm-1:59pm",46,"46",88,"Not Applicable (Not Transported)",88,"Not Applicable (Not Transported)",1,"County Road","Weekend","FQ1_Year","2nd Quarter (Month)"
"13","Georgia","130551",0,0,2,2,0,2,2,97,"DOUGLAS (97)",0,"NOT APPLICABLE",4,"April",19,19,3,"Tuesday",2022,2,"2:00am-2:59am",54,"54","I-20","",1,"Interstate",2,"Urban",1,"Interstate",1,"State Highway Agency",1,"This section IS ON the NHS",0,"No Special Jurisdiction",135,"135",33.75788611,33.75788611,-84.69071667,-84.69071667,12,"Motor Vehicle In-Transport",1,"Front-to-Rear",0,"No",1,"Non-Junction",1,"Not an Intersection",1,"On Roadway",0,"None",2,"Dark - Not Lighted",1,"Clear",0,"No","0000000","Not Applicable",2,"2:00am-2:59am",55,"55",3,"3:00am-3:59am",4,"4",88,"Not Applicable (Not Transported)",88,"Not Applicable (Not Transported)",1,"State Highway","Weekday","FQ1_Year","2nd Quarter (Month)"
"13","Georgia","130553",1,1,1,1,0,1,1,185,"LOWNDES (185)",0,"NOT APPLICABLE",4,"April",19,19,3,"Tuesday",2022,8,"8:00am-8:59am",39,"39","SR-7","",3,"State Highway",2,"Urban",3,"Principal Arterial - Other",1,"State Highway Agency",1,"This section IS ON the NHS",0,"No Special Jurisdiction",4,"4",30.8001,30.8001,-83.24689722,-83.24689722,8,"Pedestrian",0,"The First Harmful Event was Not a Collision with a Motor Vehicle in Transport",0,"No",1,"Non-Junction",1,"Not an Intersection",1,"On Roadway",0,"None",1,"Daylight",1,"Clear",0,"No","0000000","Not Applicable",8,"8:00am-8:59am",42,"42",8,"8:00am-8:59am",50,"50",88,"Not Applicable (Not Transported)",88,"Not Applicable (Not Transported)",1,"State Highway","Weekday","FQ1_Year","2nd Quarter (Month)"
"13","Georgia","130555",0,0,1,1,0,1,1,103,"EFFINGHAM (103)",0,"NOT APPLICABLE",4,"April",20,20,4,"Wednesday",2022,4,"4:00am-4:59am",30,"30","CR-013300 OLD AUGUSTA RD","",4,"County Road",1,"Rural",5,"Major Collector",2,"County Highway Agency",0,"This section IS NOT on the NHS",0,"No Special Jurisdiction",25,"25",32.274375,32.274375,-81.18873333,-81.18873333,42,"Tree (Standing Only)",0,"The First Harmful Event was Not a Collision with a Motor Vehicle in Transport",0,"No",1,"Non-Junction",1,"Not an Intersection",4,"On Roadside",0,"None",2,"Dark - Not Lighted",1,"Clear",0,"No","0000000","Not Applicable",13,"1:00pm-1:59pm",27,"27",13,"1:00pm-1:59pm",46,"46",88,"Not Applicable (Not Transported)",88,"Not Applicable (Not Transported)",1,"County Road","Weekday","FQ1_Year","2nd Quarter (Month)"
"13","Georgia","130571",0,0,3,3,0,3,3,139,"HALL (139)",2160,"FLOWERY BRANCH",1,"January",14,14,6,"Friday",2022,8,"8:00am-8:59am",44,"44","CS-068505","",6,"Local Street - Municipality",2,"Urban",5,"Major Collector",4,"City or Municipal Highway Agency",0,"This section IS NOT on the NHS",0,"No Special Jurisdiction",4,"4",34.1686,34.1686,-83.92063889,-83.92063889,12,"Motor Vehicle In-Transport",2,"Front-to-Front",0,"No",1,"Non-Junction",1,"Not an Intersection",1,"On Roadway",0,"None",1,"Daylight",1,"Clear",0,"No","0000000","Not Applicable",99,"Unknown",99,"Unknown",99,"Unknown EMS Scene Arrival Hour",99,"Unknown EMS Scene Arrival Minutes",99,"Unknown",99,"Unknown EMS Hospital Arrival Time",1,"Others","Weekday","FQ1_Year","2nd Quarter (Month)"
"13","Georgia","130573",0,0,1,1,0,1,1,9,"BALDWIN (9)",3620,"MILLEDGEVILLE",5,"May",9,9,2,"Monday",2022,15,"3:00pm-3:59pm",45,"45","CR-66","",4,"County Road",1,"Rural",7,"Local",2,"County Highway Agency",0,"This section IS NOT on the NHS",0,"No Special Jurisdiction",50,"50",33.10174722,33.10174722,-83.33027778,-83.33027778,42,"Tree (Standing Only)",0,"The First Harmful Event was Not a Collision with a Motor Vehicle in Transport",0,"No",1,"Non-Junction",1,"Not an Intersection",4,"On Roadside",0,"None",1,"Daylight",1,"Clear",0,"No","0000000","Not Applicable",15,"3:00pm-3:59pm",48,"48",15,"3:00pm-3:59pm",59,"59",88,"Not Applicable (Not Transported)",88,"Not Applicable (Not Transported)",1,"County Road","Weekday","SQ2_Year","1st Quarter (Month)"
"13","Georgia","130580",0,0,1,1,0,1,1,135,"GWINNETT (135)",3230,"LOGANVILLE",5,"May",12,12,5,"Thursday",2022,2,"2:00am-2:59am",10,"10","CS-ROSEBUD","",5,"Local Street - Township",2,"Urban",4,"Minor Arterial",4,"City or Municipal Highway Agency",0,"This section IS NOT on the NHS",0,"No Special Jurisdiction",23,"23",33.82989722,33.82989722,-83.95929722,-83.95929722,1,"Rollover/Overturn",0,"The First Harmful Event was Not a Collision with a Motor Vehicle in Transport",0,"No",1,"Non-Junction",1,"Not an Intersection",1,"On Roadway",0,"None",2,"Dark - Not Lighted",1,"Clear",0,"No","0000000","Not Applicable",2,"2:00am-2:59am",14,"14",2,"2:00am-2:59am",19,"19",88,"Not Applicable (Not Transported)",88,"Not Applicable (Not Transported)",1,"Others","Weekday","SQ2_Year","2nd Quarter (Month)"
"13","Georgia","130585",1,1,1,1,0,1,1,21,"BIBB (21)",3390,"MACON",5,"May",9,9,2,"Monday",2022,22,"10:00pm-10:59pm",48,"48","SR-74","",3,"State Highway",2,"Urban",4,"Minor Arterial",1,"State Highway Agency",0,"This section IS NOT on the NHS",0,"No Special Jurisdiction",117,"117",32.82359167,32.82359167,-83.6821,-83.6821,8,"Pedestrian",0,"The First Harmful Event was Not a Collision with a Motor Vehicle in Transport",0,"No",1,"Non-Junction",1,"Not an Intersection",1,"On Roadway",0,"None",3,"Dark - Lighted",1,"Clear",0,"No","0000000","Not Applicable",22,"10:00pm-10:59pm",54,"54",23,"11:00pm-11:59pm",0,"0",88,"Not Applicable (Not Transported)",88,"Not Applicable (Not Transported)",1,"State Highway","Weekday","SQ2_Year","1st Quarter (Month)"
"13","Georgia","130600",0,0,1,1,0,1,1,177,"LEE (177)",3120,"LEESBURG",5,"May",13,13,6,"Friday",2022,17,"5:00pm-5:59pm",11,"11","CR-91","",4,"County Road",1,"Rural",7,"Local",2,"County Highway Agency",0,"This section IS NOT on the NHS",0,"No Special Jurisdiction",10,"10",31.84941944,31.84941944,-84.06314167,-84.06314167,1,"Rollover/Overturn",0,"The First Harmful Event was Not a Collision with a Motor Vehicle in Transport",0,"No",1,"Non-Junction",1,"Not an Intersection",4,"On Roadside",0,"None",1,"Daylight",1,"Clear",0,"No","0000000","Not Applicable",17,"5:00pm-5:59pm",41,"41",17,"5:00pm-5:59pm",55,"55",88,"Not Applicable (Not Transported)",88,"Not Applicable (Not Transported)",1,"County Road","Weekday","SQ2_Year","2nd Quarter (Month)"
"13","Georgia","130602",0,0,2,2,0,2,2,121,"FULTON (121)",2060,"FAIRBURN",5,"May",16,16,2,"Monday",2022,2,"2:00am-2:59am",0,"0","SR-14","",3,"State Highway",2,"Urban",4,"Minor Arterial",1,"State Highway Agency",0,"This section IS NOT on the NHS",0,"No Special Jurisdiction",44,"44",33.54363889,33.54363889,-84.61341389,-84.61341389,12,"Motor Vehicle In-Transport",2,"Front-to-Front",0,"No",1,"Non-Junction",1,"Not an Intersection",1,"On Roadway",0,"None",2,"Dark - Not Lighted",1,"Clear",0,"No","0000000","Not Applicable",3,"3:00am-3:59am",4,"4",3,"3:00am-3:59am",27,"27",88,"Not Applicable (Not Transported)",88,"Not Applicable (Not Transported)",1,"State Highway","Weekday","SQ2_Year","2nd Quarter (Month)"
"13","Georgia","130605",1,1,2,2,0,2,2,15,"BARTOW (15)",980,"CARTERSVILLE",5,"May",12,12,5,"Thursday",2022,22,"10:00pm-10:59pm",45,"45","CS-115003","",5,"Local Street - Township",2,"Urban",4,"Minor Arterial",4,"City or Municipal Highway Agency",0,"This section IS NOT on the NHS",0,"No Special Jurisdiction",0,"None",34.16519167,34.16519167,-84.82929444,-84.82929444,8,"Pedestrian",0,"The First Harmful Event was Not a Collision with a Motor Vehicle in Transport",0,"No",1,"Non-Junction",1,"Not an Intersection",1,"On Roadway",0,"None",2,"Dark - Not Lighted",1,"Clear",0,"No","0000000","Not Applicable",22,"10:00pm-10:59pm",50,"50",23,"11:00pm-11:59pm",0,"0",88,"Not Applicable (Not Transported)",88,"Not Applicable (Not Transported)",1,"Others","Weekday","SQ2_Year","2nd Quarter (Month)"
"13","Georgia","130608",0,0,1,1,0,1,1,129,"GORDON (129)",860,"CALHOUN",5,"May",17,17,3,"Tuesday",2022,17,"5:00pm-5:59pm",22,"22","I-75","",1,"Interstate",2,"Urban",2,"Principal Arterial - Other Freeways and Expressways",1,"State Highway Agency",1,"This section IS ON the NHS",0,"No Special Jurisdiction",39,"39",34.45560833,34.45560833,-84.91951944,-84.91951944,24,"Guardrail Face",0,"The First Harmful Event was Not a Collision with a Motor Vehicle in Transport",0,"No",1,"Non-Junction",1,"Not an Intersection",3,"On Median",0,"None",1,"Daylight",1,"Clear",0,"No","0000000","Not Applicable",17,"5:00pm-5:59pm",4,"4",17,"5:00pm-5:59pm",19,"19",88,"Not Applicable (Not Transported)",88,"Not Applicable (Not Transported)",1,"State Highway","Weekday","SQ2_Year","2nd Quarter (Month)"
"13","Georgia","130635",1,1,1,1,0,1,1,121,"FULTON (121)",280,"ATLANTA",5,"May",13,13,6,"Friday",2022,13,"1:00pm-1:59pm",10,"10","I-285","",1,"Interstate",2,"Urban",2,"Principal Arterial - Other Freeways and Expressways",1,"State Highway Agency",1,"This section IS ON the NHS",0,"No Special Jurisdiction",44,"44",33.68799167,33.68799167,-84.5001,-84.5001,8,"Pedestrian",0,"The First Harmful Event was Not a Collision with a Motor Vehicle in Transport",0,"No",1,"Non-Junction",1,"Not an Intersection",1,"On Roadway",0,"None",1,"Daylight",1,"Clear",0,"No","0000000","Not Applicable",13,"1:00pm-1:59pm",10,"10",13,"1:00pm-1:59pm",15,"15",88,"Not Applicable (Not Transported)",88,"Not Applicable (Not Transported)",1,"State Highway","Weekday","SQ2_Year","2nd Quarter (Month)"
"13","Georgia","130646",0,0,1,1,0,1,1,77,"COWETA (77)",3950,"NEWNAN",5,"May",26,26,5,"Thursday",2022,10,"10:00am-10:59am",38,"38","CS-NEW CORINTH RD","",5,"Local Street - Township",1,"Rural",5,"Major Collector",4,"City or Municipal Highway Agency",0,"This section IS NOT on the NHS",0,"No Special Jurisdiction",66,"66",33.28688611,33.28688611,-84.87948056,-84.87948056,42,"Tree (Standing Only)",0,"The First Harmful Event was Not a Collision with a Motor Vehicle in Transport",0,"No",1,"Non-Junction",1,"Not an Intersection",4,"On Roadside",0,"None",1,"Daylight",1,"Clear",0,"No","0000000","Not Applicable",11,"11:00am-11:59am",14,"14",11,"11:00am-11:59am",21,"21",88,"Not Applicable (Not Transported)",88,"Not Applicable (Not Transported)",1,"Others","Weekday","SQ2_Year","Last Quarter (Month)"
"13","Georgia","130649",0,0,1,1,0,1,1,175,"LAURENS (175)",1780,"DUBLIN",5,"May",28,28,7,"Saturday",2022,2,"2:00am-2:59am",18,"18","CS-BROOKHAVEN DR","",5,"Local Street - Township",2,"Urban",5,"Major Collector",4,"City or Municipal Highway Agency",0,"This section IS NOT on the NHS",0,"No Special Jurisdiction",14,"14",32.54603056,32.54603056,-82.93592778,-82.93592778,30,"Utility Pole/Light Support",0,"The First Harmful Event was Not a Collision with a Motor Vehicle in Transport",0,"No",1,"Non-Junction",1,"Not an Intersection",4,"On Roadside",0,"None",3,"Dark - Lighted",1,"Clear",0,"No","0000000","Not Applicable",2,"2:00am-2:59am",18,"18",2,"2:00am-2:59am",22,"22",88,"Not Applicable (Not Transported)",88,"Not Applicable (Not Transported)",1,"Others","Weekend","SQ2_Year","Last Quarter (Month)"
"13","Georgia","130665",0,0,1,1,0,1,1,157,"JACKSON (157)",2920,"JEFFERSON",5,"May",31,31,3,"Tuesday",2022,1,"1:00am-1:59am",40,"40","SR-11","",3,"State Highway",2,"Urban",3,"Principal Arterial - Other",1,"State Highway Agency",1,"This section IS ON the NHS",0,"No Special Jurisdiction",7,"7",34.07458889,34.07458889,-83.5692,-83.5692,32,"Culvert",0,"The First Harmful Event was Not a Collision with a Motor Vehicle in Transport",0,"No",1,"Non-Junction",1,"Not an Intersection",3,"On Median",0,"None",2,"Dark - Not Lighted",1,"Clear",0,"No","0000000","Not Applicable",3,"3:00am-3:59am",24,"24",3,"3:00am-3:59am",32,"32",88,"Not Applicable (Not Transported)",88,"Not Applicable (Not Transported)",1,"State Highway","Weekday","SQ2_Year","Last Quarter (Month)"
"13","Georgia","130671",1,1,1,1,0,1,1,45,"CARROLL (45)",630,"BOWDON",5,"May",20,20,6,"Friday",2022,14,"2:00pm-2:59pm",35,"35","SR-113","",3,"State Highway",1,"Rural",5,"Major Collector",1,"State Highway Agency",0,"This section IS NOT on the NHS",0,"No Special Jurisdiction",86,"86",33.70818333,33.70818333,-85.021625,-85.021625,8,"Pedestrian",0,"The First Harmful Event was Not a Collision with a Motor Vehicle in Transport",0,"No",1,"Non-Junction",1,"Not an Intersection",1,"On Roadway",0,"None",1,"Daylight",1,"Clear",0,"No","0000000","Not Applicable",2,"2:00am-2:59am",52,"52",3,"3:00am-3:59am",13,"13",88,"Not Applicable (Not Transported)",88,"Not Applicable (Not Transported)",1,"State Highway","Weekday","SQ2_Year","2nd Quarter (Month)"
"13","Georgia","130687",0,0,1,1,0,1,1,141,"HANCOCK (141)",0,"NOT APPLICABLE",6,"June",5,5,1,"Sunday",2022,1,"1:00am-1:59am",35,"35","SR-22","",3,"State Highway",1,"Rural",4,"Minor Arterial",1,"State Highway Agency",0,"This section IS NOT on the NHS",0,"No Special Jurisdiction",11,"11",33.16981389,33.16981389,-83.07570833,-83.07570833,32,"Culvert",0,"The First Harmful Event was Not a Collision with a Motor Vehicle in Transport",0,"No",1,"Non-Junction",1,"Not an Intersection",4,"On Roadside",0,"None",2,"Dark - Not Lighted",1,"Clear",0,"No","0000000","Not Applicable",1,"1:00am-1:59am",43,"43",1,"1:00am-1:59am",56,"56",88,"Not Applicable (Not Transported)",88,"Not Applicable (Not Transported)",1,"State Highway","Weekend","SQ2_Year","1st Quarter (Month)"
"13","Georgia","130690",1,1,1,1,0,1,1,89,"DEKALB (89)",0,"NOT APPLICABLE",6,"June",6,6,2,"Monday",2022,21,"9:00pm-9:59pm",0,"0","CR-066300","",4,"County Road",2,"Urban",5,"Major Collector",2,"County Highway Agency",0,"This section IS NOT on the NHS",0,"No Special Jurisdiction",10,"10",33.72368333,33.72368333,-84.08519722,-84.08519722,8,"Pedestrian",0,"The First Harmful Event was Not a Collision with a Motor Vehicle in Transport",0,"No",1,"Non-Junction",1,"Not an Intersection",1,"On Roadway",0,"None",1,"Daylight",1,"Clear",0,"No","0000000","Not Applicable",21,"9:00pm-9:59pm",6,"6",21,"9:00pm-9:59pm",15,"15",88,"Not Applicable (Not Transported)",88,"Not Applicable (Not Transported)",1,"County Road","Weekday","SQ2_Year","1st Quarter (Month)"
"13","Georgia","130692",0,0,1,1,0,1,1,163,"JEFFERSON (163)",0,"NOT APPLICABLE",4,"April",6,6,4,"Wednesday",2022,16,"4:00pm-4:59pm",40,"40","CR-007400","",4,"County Road",1,"Rural",7,"Local",2,"County Highway Agency",0,"This section IS NOT on the NHS",0,"No Special Jurisdiction",24,"24",33.20140278,33.20140278,-82.41860833,-82.41860833,1,"Rollover/Overturn",0,"The First Harmful Event was Not a Collision with a Motor Vehicle in Transport",0,"No",1,"Non-Junction",1,"Not an Intersection",1,"On Roadway",0,"None",1,"Daylight",1,"Clear",0,"No","0000000","Not Applicable",16,"4:00pm-4:59pm",47,"47",17,"5:00pm-5:59pm",4,"4",88,"Not Applicable (Not Transported)",88,"Not Applicable (Not Transported)",1,"County Road","Weekday","FQ1_Year","1st Quarter (Month)"
"13","Georgia","130693",1,1,1,1,0,1,1,67,"COBB (67)",3348,"MABLETON",4,"April",29,29,6,"Friday",2022,22,"10:00pm-10:59pm",25,"25","US-78 VETERANS MEMORIAL HWY","",2,"US Highway",2,"Urban",3,"Principal Arterial - Other",1,"State Highway Agency",1,"This section IS ON the NHS",0,"No Special Jurisdiction",40,"40",33.81856111,33.81856111,-84.57735,-84.57735,8,"Pedestrian",0,"The First Harmful Event was Not a Collision with a Motor Vehicle in Transport",0,"No",1,"Non-Junction",1,"Not an Intersection",1,"On Roadway",0,"None",2,"Dark - Not Lighted",1,"Clear",0,"No","0000000","Not Applicable",22,"10:00pm-10:59pm",28,"28",22,"10:00pm-10:59pm",28,"28",88,"Not Applicable (Not Transported)",88,"Not Applicable (Not Transported)",1,"US Highway","Weekday","FQ1_Year","Last Quarter (Month)"
"13","Georgia","130695",0,0,1,1,0,1,1,135,"GWINNETT (135)",3990,"NORCROSS",5,"May",28,28,7,"Saturday",2022,1,"1:00am-1:59am",42,"42","I-85","",1,"Interstate",2,"Urban",2,"Principal Arterial - Other Freeways and Expressways",1,"State Highway Agency",1,"This section IS ON the NHS",0,"No Special Jurisdiction",30,"30",33.92229167,33.92229167,-84.18951111,-84.18951111,25,"Concrete Traffic Barrier",0,"The First Harmful Event was Not a Collision with a Motor Vehicle in Transport",0,"No",1,"Non-Junction",1,"Not an Intersection",4,"On Roadside",0,"None",3,"Dark - Lighted",1,"Clear",0,"No","0000000","Not Applicable",1,"1:00am-1:59am",45,"45",1,"1:00am-1:59am",49,"49",88,"Not Applicable (Not Transported)",88,"Not Applicable (Not Transported)",1,"State Highway","Weekend","SQ2_Year","Last Quarter (Month)"
"13","Georgia","130701",1,1,1,1,0,1,1,121,"FULTON (121)",2060,"FAIRBURN",6,"June",4,4,7,"Saturday",2022,21,"9:00pm-9:59pm",0,"0","CR-413009","",4,"County Road",2,"Urban",4,"Minor Arterial",2,"County Highway Agency",0,"This section IS NOT on the NHS",0,"No Special Jurisdiction",8,"8",33.57745278,33.57745278,-84.58420556,-84.58420556,8,"Pedestrian",0,"The First Harmful Event was Not a Collision with a Motor Vehicle in Transport",0,"No",1,"Non-Junction",1,"Not an Intersection",1,"On Roadway",0,"None",2,"Dark - Not Lighted",1,"Clear",0,"No","0000000","Not Applicable",20,"8:00pm-8:59pm",47,"47",20,"8:00pm-8:59pm",59,"59",88,"Not Applicable (Not Transported)",88,"Not Applicable (Not Transported)",1,"County Road","Weekend","SQ2_Year","1st Quarter (Month)"
"13","Georgia","130702",0,0,1,1,0,1,1,195,"MADISON (195)",0,"NOT APPLICABLE",6,"June",7,7,3,"Tuesday",2022,0,"0:00am-0:59am",36,"36","CR-009200 NEW HAVEN CHURCH RD","",4,"County Road",1,"Rural",7,"Local",2,"County Highway Agency",0,"This section IS NOT on the NHS",0,"No Special Jurisdiction",38,"38",34.18678611,34.18678611,-83.23464722,-83.23464722,1,"Rollover/Overturn",0,"The First Harmful Event was Not a Collision with a Motor Vehicle in Transport",0,"No",1,"Non-Junction",1,"Not an Intersection",4,"On Roadside",0,"None",2,"Dark - Not Lighted",1,"Clear",0,"No","0000000","Not Applicable",0,"0:00am-0:59am",38,"38",0,"0:00am-0:59am",45,"45",88,"Not Applicable (Not Transported)",88,"Not Applicable (Not Transported)",1,"County Road","Weekday","SQ2_Year","1st Quarter (Month)"
"13","Georgia","130704",0,0,1,1,0,1,1,19,"BERRIEN (19)",0,"NOT APPLICABLE",6,"June",7,7,3,"Tuesday",2022,10,"10:00am-10:59am",35,"35","SR-11","",3,"State Highway",1,"Rural",4,"Minor Arterial",1,"State Highway Agency",0,"This section IS NOT on the NHS",0,"No Special Jurisdiction",56,"56",31.124375,31.124375,-83.21337222,-83.21337222,32,"Culvert",0,"The First Harmful Event was Not a Collision with a Motor Vehicle in Transport",0,"No",1,"Non-Junction",1,"Not an Intersection",4,"On Roadside",0,"None",1,"Daylight",1,"Clear",0,"No","0000000","Not Applicable",10,"10:00am-10:59am",42,"42",10,"10:00am-10:59am",54,"54",88,"Not Applicable (Not Transported)",88,"Not Applicable (Not Transported)",1,"State Highway","Weekday","SQ2_Year","1st Quarter (Month)"
"13","Georgia","130708",0,0,1,1,0,1,1,111,"FANNIN (111)",0,"NOT APPLICABLE",6,"June",11,11,7,"Saturday",2022,0,"0:00am-0:59am",36,"36","SR-60 MORGANTON HWY","",3,"State Highway",1,"Rural",5,"Major Collector",1,"State Highway Agency",0,"This section IS NOT on the NHS",0,"No Special Jurisdiction",187,"187",34.88399444,34.88399444,-84.25470278,-84.25470278,42,"Tree (Standing Only)",0,"The First Harmful Event was Not a Collision with a Motor Vehicle in Transport",0,"No",1,"Non-Junction",1,"Not an Intersection",4,"On Roadside",0,"None",2,"Dark - Not Lighted",1,"Clear",0,"No","0000000","Not Applicable",0,"0:00am-0:59am",37,"37",0,"0:00am-0:59am",42,"42",88,"Not Applicable (Not Transported)",88,"Not Applicable (Not Transported)",1,"State Highway","Weekend","SQ2_Year","2nd Quarter (Month)"