"state","statename","st_case","peds","pernotmvit","ve_total","ve_forms","pvh_invl","persons","permvit","county","countyname","city","cityname","month","monthname","day","dayname","day_week","day_weekname","year","hour","hourname","minute","minutename","tway_id","tway_id2","route","routename","rur_urb","rur_urbname","func_sys","func_sysname","rd_owner","rd_ownername","nhs","nhsname","sp_jur","sp_jurname","milept","mileptname","latitude","latitudename","longitud","longitudname","harm_ev","harm_evname","man_coll","man_collname","reljct1","reljct1name","reljct2","reljct2name","typ_int","typ_intname","rel_road","rel_roadname","wrk_zone","wrk_zonename","lgt_cond","lgt_condname","weather","weathername","sch_bus","sch_busname","rail","railname","not_hour","not_hourname","not_min","not_minname","arr_hour","arr_hourname","arr_min","arr_minname","hosp_hr","hosp_hrname","hosp_mn","hosp_mnname","fatals","route_category","day_type","quarter_year","day_quarter"
"13","Georgia","131227",1,1,1,1,0,1,1,135,"GWINNETT (135)",3990,"NORCROSS",9,"September",21,21,4,"Wednesday",2022,6,"6:00am-6:59am",44,"44","INDIAN TRAIL LILBURN ROAD","",6,"Local Street - Municipality",2,"Urban",4,"Minor Arterial",4,"City or Municipal Highway Agency",0,"This section IS NOT on the NHS",0,"No Special Jurisdiction",8,"8",33.91395,33.91395,-84.16170556,-84.16170556,8,"Pedestrian",0,"The First Harmful Event was Not a Collision with a Motor Vehicle in Transport",0,"No",1,"Non-Junction",1,"Not an Intersection",1,"On Roadway",0,"None",2,"Dark - Not Lighted",1,"Clear",0,"No","0000000","Not Applicable",99,"Unknown",99,"Unknown",99,"Unknown EMS Scene Arrival Hour",98,"Unknown if Arrived",88,"Not Applicable (Not Transported)",88,"Not Applicable (Not Transported)",1,"Others","Weekday","TQ3_Year","Last Quarter (Month)"
"13","Georgia","131230",0,0,2,2,0,3,3,35,"BUTTS (35)",2890,"JACKSON",9,"September",26,26,2,"Monday",2022,13,"1:00pm-1:59pm",4,"4","SR-36","",3,"State Highway",1,"Rural",4,"Minor Arterial",1,"State Highway Agency",0,"This section IS NOT on the NHS",0,"No Special Jurisdiction",128,"128",33.34668333,33.34668333,-83.95933056,-83.95933056,12,"Motor Vehicle In-Transport",2,"Front-to-Front",0,"No",1,"Non-Junction",1,"Not an Intersection",1,"On Roadway",0,"None",1,"Daylight",1,"Clear",0,"No","0000000","Not Applicable",13,"1:00pm-1:59pm",2,"2",13,"1:00pm-1:59pm",7,"7",99,"Unknown",99,"Unknown EMS Hospital Arrival Time",1,"State Highway","Weekday","TQ3_Year","Last Quarter (Month)"
"13","Georgia","131239",0,0,1,1,0,3,3,21,"BIBB (21)",3390,"MACON",10,"October",2,2,1,"Sunday",2022,14,"2:00pm-2:59pm",19,"19","I-475","",1,"Interstate",2,"Urban",2,"Principal Arterial - Other Freeways and Expressways",1,"State Highway Agency",1,"This section IS ON the NHS",0,"No Special Jurisdiction",54,"54",32.82850833,32.82850833,-83.73200556,-83.73200556,42,"Tree (Standing Only)",0,"The First Harmful Event was Not a Collision with a Motor Vehicle in Transport",0,"No",1,"Non-Junction",1,"Not an Intersection",5,"Outside Trafficway",0,"None",1,"Daylight",1,"Clear",0,"No","0000000","Not Applicable",14,"2:00pm-2:59pm",28,"28",14,"2:00pm-2:59pm",32,"32",88,"Not Applicable (Not Transported)",88,"Not Applicable (Not Transported)",3,"State Highway","Weekend","TQ3_Year","1st Quarter (Month)"
"13","Georgia","131241",1,1,1,1,0,1,1,121,"FULTON (121)",280,"ATLANTA",8,"August",28,28,1,"Sunday",2022,20,"8:00pm-8:59pm",25,"25","I-20 W","",1,"Interstate",2,"Urban",1,"Interstate",1,"State Highway Agency",1,"This section IS ON the NHS",0,"No Special Jurisdiction",11,"11",33.76503889,33.76503889,-84.51989722,-84.51989722,8,"Pedestrian",0,"The First Harmful Event was Not a Collision with a Motor Vehicle in Transport",0,"No",1,"Non-Junction",1,"Not an Intersection",1,"On Roadway",0,"None",5,"Dusk",1,"Clear",0,"No","0000000","Not Applicable",99,"Unknown",98,"Unknown if Notified",99,"Unknown EMS Scene Arrival Hour",98,"Unknown if Arrived",88,"Not Applicable (Not Transported)",88,"Not Applicable (Not Transported)",1,"State Highway","Weekend","SQ2_Year","Last Quarter (Month)"
"13","Georgia","131242",1,1,1,1,0,1,1,121,"FULTON (121)",280,"ATLANTA",9,"September",17,17,7,"Saturday",2022,18,"6:00pm-6:59pm",30,"30","SR-3 METROPOLITAN PKWY SW","",3,"State Highway",2,"Urban",4,"Minor Arterial",1,"State Highway Agency",0,"This section IS NOT on the NHS",0,"No Special Jurisdiction",44,"44",33.70401944,33.70401944,-84.40801667,-84.40801667,8,"Pedestrian",0,"The First Harmful Event was Not a Collision with a Motor Vehicle in Transport",0,"No",1,"Non-Junction",1,"Not an Intersection",1,"On Roadway",0,"None",1,"Daylight",1,"Clear",0,"No","0000000","Not Applicable",99,"Unknown",99,"Unknown",99,"Unknown EMS Scene Arrival Hour",98,"Unknown if Arrived",88,"Not Applicable (Not Transported)",88,"Not Applicable (Not Transported)",1,"State Highway","Weekend","TQ3_Year","2nd Quarter (Month)"
"13","Georgia","131245",1,1,2,2,0,2,2,121,"FULTON (121)",4790,"ROSWELL",9,"September",29,29,5,"Thursday",2022,20,"8:00pm-8:59pm",59,"59","SR-140","",3,"State Highway",2,"Urban",3,"Principal Arterial - Other",1,"State Highway Agency",1,"This section IS ON the NHS",0,"No Special Jurisdiction",70,"70",34.03232222,34.03232222,-84.34059444,-84.34059444,8,"Pedestrian",0,"The First Harmful Event was Not a Collision with a Motor Vehicle in Transport",0,"No",1,"Non-Junction",1,"Not an Intersection",1,"On Roadway",0,"None",2,"Dark - Not Lighted",1,"Clear",0,"No","0000000","Not Applicable",20,"8:00pm-8:59pm",59,"59",21,"9:00pm-9:59pm",5,"5",88,"Not Applicable (Not Transported)",88,"Not Applicable (Not Transported)",1,"State Highway","Weekday","TQ3_Year","Last Quarter (Month)"
"13","Georgia","131255",0,0,1,1,0,1,1,21,"BIBB (21)",3390,"MACON",10,"October",5,5,4,"Wednesday",2022,0,"0:00am-0:59am",13,"13","CS-HARTLEY BRIDGE RD","",5,"Local Street - Township",1,"Rural",5,"Major Collector",4,"City or Municipal Highway Agency",0,"This section IS NOT on the NHS",0,"No Special Jurisdiction",31,"31",32.74007222,32.74007222,-83.73159444,-83.73159444,42,"Tree (Standing Only)",0,"The First Harmful Event was Not a Collision with a Motor Vehicle in Transport",0,"No",1,"Non-Junction",1,"Not an Intersection",4,"On Roadside",0,"None",2,"Dark - Not Lighted",1,"Clear",0,"No","0000000","Not Applicable",99,"Unknown",99,"Unknown",99,"Unknown EMS Scene Arrival Hour",99,"Unknown EMS Scene Arrival Minutes",88,"Not Applicable (Not Transported)",88,"Not Applicable (Not Transported)",1,"Others","Weekday","TQ3_Year","1st Quarter (Month)"
"13","Georgia","131262",1,1,1,1,0,1,1,89,"DEKALB (89)",1610,"DECATUR",10,"October",8,8,7,"Saturday",2022,19,"7:00pm-7:59pm",31,"31","CS-GRESHAM RD","",5,"Local Street - Township",2,"Urban",4,"Minor Arterial",4,"City or Municipal Highway Agency",0,"This section IS NOT on the NHS",0,"No Special Jurisdiction",35,"35",33.71643889,33.71643889,-84.31043611,-84.31043611,8,"Pedestrian",0,"The First Harmful Event was Not a Collision with a Motor Vehicle in Transport",0,"No",1,"Non-Junction",1,"Not an Intersection",1,"On Roadway",0,"None",5,"Dusk",1,"Clear",0,"No","0000000","Not Applicable",99,"Unknown",99,"Unknown",99,"Unknown EMS Scene Arrival Hour",99,"Unknown EMS Scene Arrival Minutes",88,"Not Applicable (Not Transported)",88,"Not Applicable (Not Transported)",1,"Others","Weekend","TQ3_Year","1st Quarter (Month)"
"13","Georgia","131264",0,0,1,1,0,1,1,67,"COBB (67)",4490,"POWDER SPRINGS",9,"September",11,11,1,"Sunday",2022,21,"9:00pm-9:59pm",58,"58","BANKSTONE DR","",6,"Local Street - Municipality",2,"Urban",7,"Local",4,"City or Municipal Highway Agency",0,"This section IS NOT on the NHS",0,"No Special Jurisdiction",5,"5",33.89235833,33.89235833,-84.62281667,-84.62281667,19,"Building",0,"The First Harmful Event was Not a Collision with a Motor Vehicle in Transport",0,"No",1,"Non-Junction",1,"Not an Intersection",4,"On Roadside",0,"None",5,"Dusk",1,"Clear",0,"No","0000000","Not Applicable",99,"Unknown",99,"Unknown",99,"Unknown EMS Scene Arrival Hour",99,"Unknown EMS Scene Arrival Minutes",88,"Not Applicable (Not Transported)",88,"Not Applicable (Not Transported)",1,"Others","Weekend","TQ3_Year","2nd Quarter (Month)"
"13","Georgia","131278",1,1,2,2,0,3,3,77,"COWETA (77)",3950,"NEWNAN",10,"October",7,7,6,"Friday",2022,21,"9:00pm-9:59pm",20,"20","SR-34","",3,"State Highway",2,"Urban",3,"Principal Arterial - Other",1,"State Highway Agency",1,"This section IS ON the NHS",0,"No Special Jurisdiction",74,"74",33.37868611,33.37868611,-84.86554167,-84.86554167,8,"Pedestrian",0,"The First Harmful Event was Not a Collision with a Motor Vehicle in Transport",0,"No",1,"Non-Junction",1,"Not an Intersection",1,"On Roadway",0,"None",2,"Dark - Not Lighted",1,"Clear",0,"No","0000000","Not Applicable",21,"9:00pm-9:59pm",30,"30",21,"9:00pm-9:59pm",32,"32",88,"Not Applicable (Not Transported)",88,"Not Applicable (Not Transported)",1,"State Highway","Weekday","TQ3_Year","1st Quarter (Month)"
"13","Georgia","131279",0,0,2,2,0,2,2,121,"FULTON (121)",280,"ATLANTA",10,"October",7,7,6,"Friday",2022,21,"9:00pm-9:59pm",22,"22","SR-13","",3,"State Highway",2,"Urban",3,"Principal Arterial - Other",1,"State Highway Agency",1,"This section IS ON the NHS",0,"No Special Jurisdiction",7,"7",33.80080278,33.80080278,-84.38779167,-84.38779167,12,"Motor Vehicle In-Transport",2,"Front-to-Front",0,"No",1,"Non-Junction",1,"Not an Intersection",1,"On Roadway",0,"None",3,"Dark - Lighted",1,"Clear",0,"No","0000000","Not Applicable",21,"9:00pm-9:59pm",34,"34",21,"9:00pm-9:59pm",37,"37",88,"Not Applicable (Not Transported)",88,"Not Applicable (Not Transported)",2,"State Highway","Weekday","TQ3_Year","1st Quarter (Month)"
"13","Georgia","131282",0,0,1,1,0,1,1,117,"FORSYTH (117)",1440,"CUMMING",10,"October",9,9,1,"Sunday",2022,23,"11:00pm-11:59pm",36,"36","CR-270","",4,"County Road",2,"Urban",7,"Local",2,"County Highway Agency",0,"This section IS NOT on the NHS",0,"No Special Jurisdiction",7,"7",34.29580833,34.29580833,-84.18400278,-84.18400278,33,"Curb",0,"The First Harmful Event was Not a Collision with a Motor Vehicle in Transport",0,"No",1,"Non-Junction",1,"Not an Intersection",4,"On Roadside",0,"None",2,"Dark - Not Lighted",1,"Clear",0,"No","0000000","Not Applicable",23,"11:00pm-11:59pm",37,"37",23,"11:00pm-11:59pm",41,"41",88,"Not Applicable (Not Transported)",88,"Not Applicable (Not Transported)",1,"County Road","Weekend","TQ3_Year","1st Quarter (Month)"
"13","Georgia","131285",1,1,1,1,0,1,1,21,"BIBB (21)",3390,"MACON",10,"October",7,7,6,"Friday",2022,21,"9:00pm-9:59pm",10,"10","SR-22 EISENHOWER PKWY","",3,"State Highway",2,"Urban",3,"Principal Arterial - Other",1,"State Highway Agency",0,"This section IS NOT on the NHS",0,"No Special Jurisdiction",133,"133",32.81390833,32.81390833,-83.64520833,-83.64520833,8,"Pedestrian",0,"The First Harmful Event was Not a Collision with a Motor Vehicle in Transport",0,"No",1,"Non-Junction",1,"Not an Intersection",1,"On Roadway",0,"None",2,"Dark - Not Lighted",1,"Clear",0,"No","0000000","Not Applicable",21,"9:00pm-9:59pm",11,"11",21,"9:00pm-9:59pm",15,"15",88,"Not Applicable (Not Transported)",88,"Not Applicable (Not Transported)",1,"State Highway","Weekday","TQ3_Year","1st Quarter (Month)"
"13","Georgia","131297",0,0,1,1,0,1,1,129,"GORDON (129)",860,"CALHOUN",10,"October",5,5,4,"Wednesday",2022,7,"7:00am-7:59am",44,"44","SR-87","",3,"State Highway",2,"Urban",4,"Minor Arterial",1,"State Highway Agency",0,"This section IS NOT on the NHS",0,"No Special Jurisdiction",102,"102",34.50581944,34.50581944,-84.96156944,-84.96156944,42,"Tree (Standing Only)",0,"The First Harmful Event was Not a Collision with a Motor Vehicle in Transport",0,"No",1,"Non-Junction",1,"Not an Intersection",4,"On Roadside",0,"None",1,"Daylight",1,"Clear",0,"No","0000000","Not Applicable",7,"7:00am-7:59am",44,"44",7,"7:00am-7:59am",53,"53",88,"Not Applicable (Not Transported)",88,"Not Applicable (Not Transported)",1,"State Highway","Weekday","TQ3_Year","1st Quarter (Month)"
"13","Georgia","131298",1,1,1,1,0,1,1,135,"GWINNETT (135)",0,"NOT APPLICABLE",9,"September",28,28,4,"Wednesday",2022,17,"5:00pm-5:59pm",21,"21","SR-316","",3,"State Highway",2,"Urban",3,"Principal Arterial - Other",1,"State Highway Agency",1,"This section IS ON the NHS",0,"No Special Jurisdiction",141,"141",33.973325,33.973325,-83.87388056,-83.87388056,8,"Pedestrian",0,"The First Harmful Event was Not a Collision with a Motor Vehicle in Transport",0,"No",1,"Non-Junction",1,"Not an Intersection",1,"On Roadway",0,"None",1,"Daylight",1,"Clear",0,"No","0000000","Not Applicable",17,"5:00pm-5:59pm",22,"22",17,"5:00pm-5:59pm",32,"32",88,"Not Applicable (Not Transported)",88,"Not Applicable (Not Transported)",1,"State Highway","Weekday","TQ3_Year","Last Quarter (Month)"
"13","Georgia","131310",1,1,1,1,0,1,1,59,"CLARKE (59)",270,"ATHENS",10,"October",13,13,5,"Thursday",2022,21,"9:00pm-9:59pm",34,"34","CR-325 CEDAR SHOALS DR","",4,"County Road",2,"Urban",5,"Major Collector",2,"County Highway Agency",0,"This section IS NOT on the NHS",0,"No Special Jurisdiction",7,"7",33.91829444,33.91829444,-83.32329722,-83.32329722,8,"Pedestrian",0,"The First Harmful Event was Not a Collision with a Motor Vehicle in Transport",0,"No",1,"Non-Junction",1,"Not an Intersection",1,"On Roadway",0,"None",2,"Dark - Not Lighted",1,"Clear",0,"No","0000000","Not Applicable",99,"Unknown",99,"Unknown",99,"Unknown EMS Scene Arrival Hour",99,"Unknown EMS Scene Arrival Minutes",88,"Not Applicable (Not Transported)",88,"Not Applicable (Not Transported)",1,"County Road","Weekday","TQ3_Year","2nd Quarter (Month)"
"13","Georgia","131315",1,1,2,2,0,2,2,63,"CLAYTON (63)",2970,"JONESBORO",9,"September",4,4,1,"Sunday",2022,2,"2:00am-2:59am",25,"25","SR-3 TARA BLVD","",3,"State Highway",2,"Urban",3,"Principal Arterial - Other",1,"State Highway Agency",1,"This section IS ON the NHS",0,"No Special Jurisdiction",104,"104",33.56827778,33.56827778,-84.37153889,-84.37153889,8,"Pedestrian",0,"The First Harmful Event was Not a Collision with a Motor Vehicle in Transport",0,"No",1,"Non-Junction",1,"Not an Intersection",1,"On Roadway",0,"None",2,"Dark - Not Lighted",1,"Clear",0,"No","0000000","Not Applicable",99,"Unknown",98,"Unknown if Notified",99,"Unknown EMS Scene Arrival Hour",98,"Unknown if Arrived",88,"Not Applicable (Not Transported)",88,"Not Applicable (Not Transported)",1,"State Highway","Weekend","TQ3_Year","1st Quarter (Month)"
"13","Georgia","131319",0,0,1,1,0,1,1,11,"BANKS (11)",2790,"HOMER",10,"October",15,15,7,"Saturday",2022,23,"11:00pm-11:59pm",18,"18","US-441/SR-15","",2,"US Highway",1,"Rural",3,"Principal Arterial - Other",1,"State Highway Agency",1,"This section IS ON the NHS",0,"No Special Jurisdiction",26,"26",34.27158611,34.27158611,-83.46644444,-83.46644444,34,"Ditch",0,"The First Harmful Event was Not a Collision with a Motor Vehicle in Transport",0,"No",1,"Non-Junction",1,"Not an Intersection",4,"On Roadside",0,"None",2,"Dark - Not Lighted",1,"Clear",0,"No","0000000","Not Applicable",23,"11:00pm-11:59pm",20,"20",23,"11:00pm-11:59pm",24,"24",88,"Not Applicable (Not Transported)",88,"Not Applicable (Not Transported)",1,"US Highway","Weekend","TQ3_Year","2nd Quarter (Month)"
"13","Georgia","131324",0,0,1,1,0,1,1,117,"FORSYTH (117)",1440,"CUMMING",10,"October",15,15,7,"Saturday",2022,23,"11:00pm-11:59pm",7,"7","CR-309 DR BRAMBLETT RD","",4,"County Road",2,"Urban",7,"Local",2,"County Highway Agency",0,"This section IS NOT on the NHS",0,"No Special Jurisdiction",6,"6",34.28115833,34.28115833,-84.17335556,-84.17335556,1,"Rollover/Overturn",0,"The First Harmful Event was Not a Collision with a Motor Vehicle in Transport",0,"No",1,"Non-Junction",1,"Not an Intersection",1,"On Roadway",0,"None",2,"Dark - Not Lighted",1,"Clear",0,"No","0000000","Not Applicable",99,"Unknown",99,"Unknown",99,"Unknown EMS Scene Arrival Hour",99,"Unknown EMS Scene Arrival Minutes",99,"Unknown",99,"Unknown EMS Hospital Arrival Time",1,"County Road","Weekend","TQ3_Year","2nd Quarter (Month)"
"13","Georgia","131327",0,0,1,1,0,1,1,121,"FULTON (121)",280,"ATLANTA",10,"October",16,16,1,"Sunday",2022,23,"11:00pm-11:59pm",25,"25","WHITEHALL ST SW","",5,"Local Street - Township",2,"Urban",5,"Major Collector",4,"City or Municipal Highway Agency",0,"This section IS NOT on the NHS",0,"No Special Jurisdiction",1,"1",33.74151111,33.74151111,-84.41069167,-84.41069167,24,"Guardrail Face",0,"The First Harmful Event was Not a Collision with a Motor Vehicle in Transport",0,"No",1,"Non-Junction",1,"Not an Intersection",4,"On Roadside",0,"None",3,"Dark - Lighted",1,"Clear",0,"No","0000000","Not Applicable",99,"Unknown",99,"Unknown",99,"Unknown EMS Scene Arrival Hour",99,"Unknown EMS Scene Arrival Minutes",88,"Not Applicable (Not Transported)",88,"Not Applicable (Not Transported)",1,"Others","Weekend","TQ3_Year","2nd Quarter (Month)"
"13","Georgia","131328",1,1,1,1,0,1,1,51,"CHATHAM (51)",4910,"SAVANNAH",10,"October",17,17,2,"Monday",2022,22,"10:00pm-10:59pm",19,"19","I-516 WM F LYMES PKWY","",1,"Interstate",2,"Urban",1,"Interstate",1,"State Highway Agency",1,"This section IS ON the NHS",0,"No Special Jurisdiction",24,"24",32.0495,32.0495,-81.14350556,-81.14350556,8,"Pedestrian",0,"The First Harmful Event was Not a Collision with a Motor Vehicle in Transport",0,"No",1,"Non-Junction",1,"Not an Intersection",1,"On Roadway",0,"None",3,"Dark - Lighted",1,"Clear",0,"No","0000000","Not Applicable",99,"Unknown",99,"Unknown",99,"Unknown EMS Scene Arrival Hour",99,"Unknown EMS Scene Arrival Minutes",99,"Unknown",99,"Unknown EMS Hospital Arrival Time",1,"State Highway","Weekday","TQ3_Year","2nd Quarter (Month)"
"13","Georgia","131344",1,1,1,1,0,1,1,73,"COLUMBIA (73)",0,"NOT APPLICABLE",10,"October",22,22,7,"Saturday",2022,6,"6:00am-6:59am",37,"37","CR-174500","",4,"County Road",2,"Urban",7,"Local",2,"County Highway Agency",0,"This section IS NOT on the NHS",0,"No Special Jurisdiction",9,"9",33.48722222,33.48722222,-82.2159,-82.2159,8,"Pedestrian",0,"The First Harmful Event was Not a Collision with a Motor Vehicle in Transport",0,"No",1,"Non-Junction",1,"Not an Intersection",2,"On Shoulder",0,"None",2,"Dark - Not Lighted",1,"Clear",0,"No","0000000","Not Applicable",6,"6:00am-6:59am",45,"45",6,"6:00am-6:59am",50,"50",88,"Not Applicable (Not Transported)",88,"Not Applicable (Not Transported)",1,"County Road","Weekend","TQ3_Year","Last Quarter (Month)"
"13","Georgia","131348",0,0,1,1,0,1,1,161,"JEFF DAVIS (161)",0,"NOT APPLICABLE",10,"October",19,19,4,"Wednesday",2022,11,"11:00am-11:59am",35,"35","SR-268","",3,"State Highway",1,"Rural",5,"Major Collector",1,"State Highway Agency",0,"This section IS NOT on the NHS",0,"No Special Jurisdiction",18,"18",31.78068333,31.78068333,-82.72973056,-82.72973056,1,"Rollover/Overturn",0,"The First Harmful Event was Not a Collision with a Motor Vehicle in Transport",0,"No",1,"Non-Junction",1,"Not an Intersection",4,"On Roadside",0,"None",1,"Daylight",1,"Clear",0,"No","0000000","Not Applicable",11,"11:00am-11:59am",35,"35",11,"11:00am-11:59am",44,"44",88,"Not Applicable (Not Transported)",88,"Not Applicable (Not Transported)",1,"State Highway","Weekday","TQ3_Year","2nd Quarter (Month)"
"13","Georgia","131351",0,0,1,1,0,1,1,57,"CHEROKEE (57)",0,"NOT APPLICABLE",10,"October",23,23,1,"Sunday",2022,0,"0:00am-0:59am",25,"25","SR-372 BIRMINGHAM HWY","",3,"State Highway",1,"Rural",4,"Minor Arterial",1,"State Highway Agency",0,"This section IS NOT on the NHS",0,"No Special Jurisdiction",11,"11",34.19845,34.19845,-84.30603333,-84.30603333,1,"Rollover/Overturn",0,"The First Harmful Event was Not a Collision with a Motor Vehicle in Transport",0,"No",1,"Non-Junction",1,"Not an Intersection",4,"On Roadside",0,"None",2,"Dark - Not Lighted",1,"Clear",0,"No","0000000","Not Applicable",99,"Unknown",98,"Unknown if Notified",99,"Unknown EMS Scene Arrival Hour",98,"Unknown if Arrived",88,"Not Applicable (Not Transported)",88,"Not Applicable (Not Transported)",1,"State Highway","Weekend","TQ3_Year","Last Quarter (Month)"
"13","Georgia","131360",0,0,2,2,0,1,1,89,"DEKALB (89)",0,"NOT APPLICABLE",10,"October",25,25,3,"Tuesday",2022,2,"2:00am-2:59am",3,"3","I-85 NB CHAMBLEE TUCKER RD","",1,"Interstate",1,"Rural",1,"Interstate",1,"State Highway Agency",1,"This section IS ON the NHS",0,"No Special Jurisdiction",0,"None",33.88006111,33.88006111,-84.27161111,-84.27161111,12,"Motor Vehicle In-Transport",1,"Front-to-Rear",0,"No",1,"Non-Junction",1,"Not an Intersection",1,"On Roadway",0,"None",2,"Dark - Not Lighted",1,"Clear",0,"No","0000000","Not Applicable",99,"Unknown",99,"Unknown",99,"Unknown EMS Scene Arrival Hour",99,"Unknown EMS Scene Arrival Minutes",88,"Not Applicable (Not Transported)",88,"Not Applicable (Not Transported)",1,"State Highway","Weekday","TQ3_Year","Last Quarter (Month)"
"13","Georgia","131369",0,0,1,1,0,3,3,87,"DECATUR (87)",0,"NOT APPLICABLE",10,"October",25,25,3,"Tuesday",2022,18,"6:00pm-6:59pm",15,"15","SR-000100","",3,"State Highway",1,"Rural",3,"Principal Arterial - Other",1,"State Highway Agency",1,"This section IS ON the NHS",0,"No Special Jurisdiction",311,"311",31.04611389,31.04611389,-84.65256944,-84.65256944,42,"Tree (Standing Only)",0,"The First Harmful Event was Not a Collision with a Motor Vehicle in Transport",0,"No",1,"Non-Junction",1,"Not an Intersection",4,"On Roadside",0,"None",1,"Daylight",1,"Clear",0,"No","0000000","Not Applicable",18,"6:00pm-6:59pm",18,"18",18,"6:00pm-6:59pm",28,"28",99,"Unknown",99,"Unknown EMS Hospital Arrival Time",2,"State Highway","Weekday","TQ3_Year","Last Quarter (Month)"
"13","Georgia","131375",0,0,1,1,0,1,1,143,"HARALSON (143)",0,"NOT APPLICABLE",10,"October",27,27,5,"Thursday",2022,22,"10:00pm-10:59pm",0,"0","CR-034700","",4,"County Road",1,"Rural",6,"Minor Collector",2,"County Highway Agency",0,"This section IS NOT on the NHS",0,"No Special Jurisdiction",8,"8",33.85509444,33.85509444,-85.28121111,-85.28121111,42,"Tree (Standing Only)",0,"The First Harmful Event was Not a Collision with a Motor Vehicle in Transport",0,"No",1,"Non-Junction",1,"Not an Intersection",4,"On Roadside",0,"None",2,"Dark - Not Lighted",1,"Clear",0,"No","0000000","Not Applicable",22,"10:00pm-10:59pm",6,"6",22,"10:00pm-10:59pm",25,"25",88,"Not Applicable (Not Transported)",88,"Not Applicable (Not Transported)",1,"County Road","Weekday","TQ3_Year","Last Quarter (Month)"
"13","Georgia","131386",1,1,1,1,0,1,1,121,"FULTON (121)",280,"ATLANTA",10,"October",24,24,2,"Monday",2022,0,"0:00am-0:59am",44,"44","SR-42 MORELAND AVE","",3,"State Highway",2,"Urban",3,"Principal Arterial - Other",1,"State Highway Agency",1,"This section IS ON the NHS",0,"No Special Jurisdiction",37,"37",33.74356667,33.74356667,-84.34925833,-84.34925833,8,"Pedestrian",0,"The First Harmful Event was Not a Collision with a Motor Vehicle in Transport",0,"No",1,"Non-Junction",1,"Not an Intersection",1,"On Roadway",0,"None",3,"Dark - Lighted",1,"Clear",0,"No","0000000","Not Applicable",99,"Unknown",98,"Unknown if Notified",99,"Unknown EMS Scene Arrival Hour",98,"Unknown if Arrived",88,"Not Applicable (Not Transported)",88,"Not Applicable (Not Transported)",1,"State Highway","Weekday","TQ3_Year","Last Quarter (Month)"
"13","Georgia","131391",1,1,1,1,0,1,1,67,"COBB (67)",0,"NOT APPLICABLE",10,"October",25,25,3,"Tuesday",2022,16,"4:00pm-4:59pm",5,"5","CR-522500","",4,"County Road",2,"Urban",4,"Minor Arterial",2,"County Highway Agency",0,"This section IS NOT on the NHS",0,"No Special Jurisdiction",0,"None",33.84428056,33.84428056,-84.49994167,-84.49994167,8,"Pedestrian",0,"The First Harmful Event was Not a Collision with a Motor Vehicle in Transport",0,"No",1,"Non-Junction",1,"Not an Intersection",1,"On Roadway",0,"None",1,"Daylight",1,"Clear",0,"No","0000000","Not Applicable",16,"4:00pm-4:59pm",9,"9",16,"4:00pm-4:59pm",16,"16",88,"Not Applicable (Not Transported)",88,"Not Applicable (Not Transported)",1,"County Road","Weekday","TQ3_Year","Last Quarter (Month)"
"13","Georgia","131405",1,1,1,1,0,1,1,33,"BURKE (33)",2360,"GIRARD",11,"November",2,2,4,"Wednesday",2022,5,"5:00am-5:59am",30,"30","SR-23","",3,"State Highway",1,"Rural",5,"Major Collector",1,"State Highway Agency",0,"This section IS NOT on the NHS",0,"No Special Jurisdiction",110,"110",33.05388889,33.05388889,-81.72381667,-81.72381667,8,"Pedestrian",0,"The First Harmful Event was Not a Collision with a Motor Vehicle in Transport",0,"No",1,"Non-Junction",1,"Not an Intersection",1,"On Roadway",0,"None",2,"Dark - Not Lighted",1,"Clear",0,"No","0000000","Not Applicable",7,"7:00am-7:59am",44,"44",7,"7:00am-7:59am",48,"48",88,"Not Applicable (Not Transported)",88,"Not Applicable (Not Transported)",1,"State Highway","Weekday","TQ3_Year","1st Quarter (Month)"
"13","Georgia","131412",0,0,1,1,0,2,2,89,"DEKALB (89)",4235,"PANTHERSVILLE",11,"November",5,5,7,"Saturday",2022,2,"2:00am-2:59am",8,"8","I-285","",1,"Interstate",2,"Urban",1,"Interstate",1,"State Highway Agency",1,"This section IS ON the NHS",0,"No Special Jurisdiction",201,"201",33.69989722,33.69989722,-84.2544,-84.2544,42,"Tree (Standing Only)",0,"The First Harmful Event was Not a Collision with a Motor Vehicle in Transport",0,"No",1,"Non-Junction",1,"Not an Intersection",4,"On Roadside",0,"None",3,"Dark - Lighted",1,"Clear",0,"No","0000000","Not Applicable",2,"2:00am-2:59am",22,"22",2,"2:00am-2:59am",33,"33",99,"Unknown",99,"Unknown EMS Hospital Arrival Time",1,"State Highway","Weekend","TQ3_Year","1st Quarter (Month)"
"13","Georgia","131418",0,0,1,1,0,1,1,67,"COBB (67)",3440,"MARIETTA",10,"October",23,23,1,"Sunday",2022,22,"10:00pm-10:59pm",0,"0","CS-162813","",6,"Local Street - Municipality",2,"Urban",7,"Local",4,"City or Municipal Highway Agency",0,"This section IS NOT on the NHS",0,"No Special Jurisdiction",10,"10",33.9274,33.9274,-84.49303889,-84.49303889,33,"Curb",0,"The First Harmful Event was Not a Collision with a Motor Vehicle in Transport",0,"No",1,"Non-Junction",1,"Not an Intersection",4,"On Roadside",0,"None",3,"Dark - Lighted",1,"Clear",0,"No","0000000","Not Applicable",99,"Unknown",99,"Unknown",99,"Unknown EMS Scene Arrival Hour",99,"Unknown EMS Scene Arrival Minutes",99,"Unknown",99,"Unknown EMS Hospital Arrival Time",1,"Others","Weekend","TQ3_Year","Last Quarter (Month)"