"state","statename","st_case","peds","pernotmvit","ve_total","ve_forms","pvh_invl","persons","permvit","county","countyname","city","cityname","month","monthname","day","dayname","day_week","day_weekname","year","hour","hourname","minute","minutename","tway_id","tway_id2","route","routename","rur_urb","rur_urbname","func_sys","func_sysname","rd_owner","rd_ownername","nhs","nhsname","sp_jur","sp_jurname","milept","mileptname","latitude","latitudename","longitud","longitudname","harm_ev","harm_evname","man_coll","man_collname","reljct1","reljct1name","reljct2","reljct2name","typ_int","typ_intname","rel_road","rel_roadname","wrk_zone","wrk_zonename","lgt_cond","lgt_condname","weather","weathername","sch_bus","sch_busname","rail","railname","not_hour","not_hourname","not_min","not_minname","arr_hour","arr_hourname","arr_min","arr_minname","hosp_hr","hosp_hrname","hosp_mn","hosp_mnname","fatals","route_category","day_type","quarter_year","day_quarter"
"6","California","60549",0,0,2,2,0,4,4,37,"LOS ANGELES (37)",0,"NOT APPLICABLE",5,"May",21,21,7,"Saturday",2022,23,"11:00pm-11:59pm",20,"20","SR-118 RONALD REAGAN FWY","",3,"State Highway",2,"Urban",2,"Principal Arterial - Other Freeways and Expressways",1,"State Highway Agency",1,"This section IS ON the NHS",0,"No Special Jurisdiction",0,"None",34.27028889,34.27028889,-118.63281944,-118.63281944,12,"Motor Vehicle In-Transport",1,"Front-to-Rear",0,"No",1,"Non-Junction",1,"Not an Intersection",1,"On Roadway",0,"None",2,"Dark - Not Lighted",1,"Clear",0,"No","0000000","Not Applicable",99,"Unknown",99,"Unknown",99,"Unknown EMS Scene Arrival Hour",99,"Unknown EMS Scene Arrival Minutes",88,"Not Applicable (Not Transported)",88,"Not Applicable (Not Transported)",1,"State Highway","Weekend","SQ2_Year","Last Quarter (Month)"
"6","California","60552",0,0,2,2,0,3,3,37,"LOS ANGELES (37)",0,"NOT APPLICABLE",4,"April",21,21,5,"Thursday",2022,11,"11:00am-11:59am",10,"10","SR-2 ANGELES CREST HIGHWAY","",3,"State Highway",2,"Urban",3,"Principal Arterial - Other",1,"State Highway Agency",1,"This section IS ON the NHS",0,"No Special Jurisdiction",279,"279",34.23753056,34.23753056,-118.18641389,-118.18641389,12,"Motor Vehicle In-Transport",2,"Front-to-Front",0,"No",1,"Non-Junction",1,"Not an Intersection",1,"On Roadway",0,"None",1,"Daylight",1,"Clear",0,"No","0000000","Not Applicable",11,"11:00am-11:59am",15,"15",11,"11:00am-11:59am",29,"29",99,"Unknown",99,"Unknown EMS Hospital Arrival Time",1,"State Highway","Weekday","FQ1_Year","Last Quarter (Month)"
"6","California","60562",1,1,1,1,0,1,1,45,"MENDOCINO (45)",0,"NOT APPLICABLE",1,"January",10,10,2,"Monday",2022,18,"6:00pm-6:59pm",40,"40","US-101","",2,"US Highway",1,"Rural",2,"Principal Arterial - Other Freeways and Expressways",1,"State Highway Agency",1,"This section IS ON the NHS",0,"No Special Jurisdiction",421,"421",39.35607778,39.35607778,-123.31926111,-123.31926111,8,"Pedestrian",0,"The First Harmful Event was Not a Collision with a Motor Vehicle in Transport",0,"No",1,"Non-Junction",1,"Not an Intersection",1,"On Roadway",0,"None",2,"Dark - Not Lighted",1,"Clear",0,"No","0000000","Not Applicable",99,"Unknown",99,"Unknown",99,"Unknown EMS Scene Arrival Hour",99,"Unknown EMS Scene Arrival Minutes",88,"Not Applicable (Not Transported)",88,"Not Applicable (Not Transported)",1,"US Highway","Weekday","FQ1_Year","1st Quarter (Month)"
"6","California","60564",0,0,2,2,0,3,3,73,"SAN DIEGO (73)",3260,"SAN DIEGO",4,"April",12,12,3,"Tuesday",2022,10,"10:00am-10:59am",50,"50","I-5","",1,"Interstate",2,"Urban",1,"Interstate",1,"State Highway Agency",1,"This section IS ON the NHS",0,"No Special Jurisdiction",37,"37",32.57269722,32.57269722,-117.079175,-117.079175,12,"Motor Vehicle In-Transport",1,"Front-to-Rear",0,"No",1,"Non-Junction",1,"Not an Intersection",1,"On Roadway",0,"None",1,"Daylight",1,"Clear",0,"No","0000000","Not Applicable",99,"Unknown",99,"Unknown",99,"Unknown EMS Scene Arrival Hour",99,"Unknown EMS Scene Arrival Minutes",99,"Unknown",99,"Unknown EMS Hospital Arrival Time",1,"State Highway","Weekday","FQ1_Year","2nd Quarter (Month)"
"6","California","60567",0,0,2,2,0,4,4,77,"SAN JOAQUIN (77)",2070,"MANTECA",4,"April",25,25,2,"Monday",2022,19,"7:00pm-7:59pm",3,"3","SR-120","",3,"State Highway",2,"Urban",2,"Principal Arterial - Other Freeways and Expressways",1,"State Highway Agency",1,"This section IS ON the NHS",0,"No Special Jurisdiction",52,"52",37.78318889,37.78318889,-121.21711667,-121.21711667,12,"Motor Vehicle In-Transport",1,"Front-to-Rear",0,"No",1,"Non-Junction",1,"Not an Intersection",1,"On Roadway",0,"None",1,"Daylight",1,"Clear",0,"No","0000000","Not Applicable",99,"Unknown",99,"Unknown",99,"Unknown EMS Scene Arrival Hour",99,"Unknown EMS Scene Arrival Minutes",88,"Not Applicable (Not Transported)",88,"Not Applicable (Not Transported)",1,"State Highway","Weekday","FQ1_Year","Last Quarter (Month)"
"6","California","60568",0,0,1,1,0,1,1,77,"SAN JOAQUIN (77)",2070,"MANTECA",5,"May",7,7,7,"Saturday",2022,5,"5:00am-5:59am",5,"5","SR-120","",3,"State Highway",2,"Urban",2,"Principal Arterial - Other Freeways and Expressways",1,"State Highway Agency",1,"This section IS ON the NHS",0,"No Special Jurisdiction",57,"57",37.78336667,37.78336667,-121.20071389,-121.20071389,35,"Embankment",0,"The First Harmful Event was Not a Collision with a Motor Vehicle in Transport",0,"No",1,"Non-Junction",1,"Not an Intersection",3,"On Median",0,"None",2,"Dark - Not Lighted",1,"Clear",0,"No","0000000","Not Applicable",99,"Unknown",99,"Unknown",99,"Unknown EMS Scene Arrival Hour",99,"Unknown EMS Scene Arrival Minutes",88,"Not Applicable (Not Transported)",88,"Not Applicable (Not Transported)",1,"State Highway","Weekend","SQ2_Year","1st Quarter (Month)"
"6","California","60569",0,0,1,1,0,2,2,91,"SIERRA (91)",0,"NOT APPLICABLE",6,"June",22,22,4,"Wednesday",2022,2,"2:00am-2:59am",50,"50","SR-49","",3,"State Highway",1,"Rural",4,"Minor Arterial",1,"State Highway Agency",0,"This section IS NOT on the NHS",0,"No Special Jurisdiction",170,"170",39.55948889,39.55948889,-120.82388889,-120.82388889,1,"Rollover/Overturn",0,"The First Harmful Event was Not a Collision with a Motor Vehicle in Transport",0,"No",1,"Non-Junction",1,"Not an Intersection",5,"Outside Trafficway",0,"None",2,"Dark - Not Lighted",1,"Clear",0,"No","0000000","Not Applicable",99,"Unknown",99,"Unknown",99,"Unknown EMS Scene Arrival Hour",99,"Unknown EMS Scene Arrival Minutes",99,"Unknown",99,"Unknown EMS Hospital Arrival Time",1,"State Highway","Weekday","SQ2_Year","Last Quarter (Month)"
"6","California","60572",0,0,2,2,0,2,2,97,"SONOMA (97)",0,"NOT APPLICABLE",4,"April",24,24,1,"Sunday",2022,22,"10:00pm-10:59pm",12,"12","SR-1","",3,"State Highway",2,"Urban",4,"Minor Arterial",1,"State Highway Agency",0,"This section IS NOT on the NHS",0,"No Special Jurisdiction",59,"59",38.33634444,38.33634444,-122.98855278,-122.98855278,12,"Motor Vehicle In-Transport",2,"Front-to-Front",0,"No",1,"Non-Junction",1,"Not an Intersection",1,"On Roadway",0,"None",2,"Dark - Not Lighted",1,"Clear",0,"No","0000000","Not Applicable",99,"Unknown",99,"Unknown",99,"Unknown EMS Scene Arrival Hour",99,"Unknown EMS Scene Arrival Minutes",99,"Unknown",99,"Unknown EMS Hospital Arrival Time",1,"State Highway","Weekend","FQ1_Year","Last Quarter (Month)"
"6","California","60576",1,1,1,1,0,1,1,29,"KERN (29)",0,"NOT APPLICABLE",6,"June",16,16,5,"Thursday",2022,23,"11:00pm-11:59pm",15,"15","SR-178","",3,"State Highway",2,"Urban",4,"Minor Arterial",1,"State Highway Agency",1,"This section IS ON the NHS",0,"No Special Jurisdiction",91,"91",35.65186111,35.65186111,-117.76714444,-117.76714444,8,"Pedestrian",0,"The First Harmful Event was Not a Collision with a Motor Vehicle in Transport",0,"No",1,"Non-Junction",1,"Not an Intersection",1,"On Roadway",0,"None",2,"Dark - Not Lighted",1,"Clear",0,"No","0000000","Not Applicable",99,"Unknown",99,"Unknown",99,"Unknown EMS Scene Arrival Hour",99,"Unknown EMS Scene Arrival Minutes",88,"Not Applicable (Not Transported)",88,"Not Applicable (Not Transported)",1,"State Highway","Weekday","SQ2_Year","2nd Quarter (Month)"
"6","California","60579",1,1,1,1,0,1,1,71,"SAN BERNARDINO (71)",790,"COLTON",3,"March",18,18,6,"Friday",2022,5,"5:00am-5:59am",10,"10","I-10","",1,"Interstate",2,"Urban",1,"Interstate",1,"State Highway Agency",1,"This section IS ON the NHS",0,"No Special Jurisdiction",205,"205",34.06874167,34.06874167,-117.36041944,-117.36041944,8,"Pedestrian",0,"The First Harmful Event was Not a Collision with a Motor Vehicle in Transport",0,"No",1,"Non-Junction",1,"Not an Intersection",1,"On Roadway",0,"None",2,"Dark - Not Lighted",1,"Clear",0,"No","0000000","Not Applicable",99,"Unknown",99,"Unknown",99,"Unknown EMS Scene Arrival Hour",99,"Unknown EMS Scene Arrival Minutes",88,"Not Applicable (Not Transported)",88,"Not Applicable (Not Transported)",1,"State Highway","Weekday","FQ1_Year","2nd Quarter (Month)"
"6","California","60581",0,0,1,1,0,1,1,39,"MADERA (39)",0,"NOT APPLICABLE",6,"June",12,12,1,"Sunday",2022,13,"1:00pm-1:59pm",30,"30","SR-41","",3,"State Highway",1,"Rural",3,"Principal Arterial - Other",1,"State Highway Agency",1,"This section IS ON the NHS",0,"No Special Jurisdiction",375,"375",37.35456111,37.35456111,-119.64407778,-119.64407778,17,"Boulder",0,"The First Harmful Event was Not a Collision with a Motor Vehicle in Transport",0,"No",1,"Non-Junction",1,"Not an Intersection",4,"On Roadside",0,"None",1,"Daylight",1,"Clear",0,"No","0000000","Not Applicable",13,"1:00pm-1:59pm",31,"31",13,"1:00pm-1:59pm",38,"38",88,"Not Applicable (Not Transported)",88,"Not Applicable (Not Transported)",1,"State Highway","Weekend","SQ2_Year","2nd Quarter (Month)"
"6","California","60583",0,0,2,2,0,4,4,101,"SUTTER (101)",0,"NOT APPLICABLE",7,"July",19,19,3,"Tuesday",2022,21,"9:00pm-9:59pm",45,"45","SR-99","",3,"State Highway",2,"Urban",3,"Principal Arterial - Other",1,"State Highway Agency",1,"This section IS ON the NHS",0,"No Special Jurisdiction",358,"358",39.21648889,39.21648889,-121.64213333,-121.64213333,12,"Motor Vehicle In-Transport",2,"Front-to-Front",0,"No",1,"Non-Junction",1,"Not an Intersection",1,"On Roadway",0,"None",2,"Dark - Not Lighted",1,"Clear",0,"No","0000000","Not Applicable",21,"9:00pm-9:59pm",99,"Unknown",21,"9:00pm-9:59pm",99,"Unknown EMS Scene Arrival Minutes",99,"Unknown",99,"Unknown EMS Hospital Arrival Time",1,"State Highway","Weekday","SQ2_Year","2nd Quarter (Month)"
"6","California","60584",1,1,1,1,0,1,1,73,"SAN DIEGO (73)",3260,"SAN DIEGO",7,"July",8,8,6,"Friday",2022,1,"1:00am-1:59am",55,"55","I-5","",1,"Interstate",2,"Urban",1,"Interstate",1,"State Highway Agency",1,"This section IS ON the NHS",0,"No Special Jurisdiction",208,"208",32.77450278,32.77450278,-117.20769722,-117.20769722,8,"Pedestrian",0,"The First Harmful Event was Not a Collision with a Motor Vehicle in Transport",0,"No",1,"Non-Junction",1,"Not an Intersection",1,"On Roadway",0,"None",2,"Dark - Not Lighted",1,"Clear",0,"No","0000000","Not Applicable",1,"1:00am-1:59am",56,"56",99,"Unknown EMS Scene Arrival Hour",99,"Unknown EMS Scene Arrival Minutes",88,"Not Applicable (Not Transported)",88,"Not Applicable (Not Transported)",1,"State Highway","Weekday","SQ2_Year","1st Quarter (Month)"
"6","California","60585",1,1,1,1,0,1,1,115,"YUBA (115)",0,"NOT APPLICABLE",7,"July",13,13,4,"Wednesday",2022,4,"4:00am-4:59am",50,"50","SR-65","",3,"State Highway",1,"Rural",3,"Principal Arterial - Other",1,"State Highway Agency",1,"This section IS ON the NHS",0,"No Special Jurisdiction",927,"927",39.06931667,39.06931667,-121.51973889,-121.51973889,9,"Pedalcyclist",0,"The First Harmful Event was Not a Collision with a Motor Vehicle in Transport",0,"No",1,"Non-Junction",1,"Not an Intersection",2,"On Shoulder",0,"None",3,"Dark - Lighted",1,"Clear",0,"No","0000000","Not Applicable",99,"Unknown",99,"Unknown",99,"Unknown EMS Scene Arrival Hour",99,"Unknown EMS Scene Arrival Minutes",99,"Unknown",99,"Unknown EMS Hospital Arrival Time",1,"State Highway","Weekday","SQ2_Year","2nd Quarter (Month)"
"6","California","60590",0,0,1,1,0,1,1,33,"LAKE (33)",0,"NOT APPLICABLE",1,"January",16,16,1,"Sunday",2022,0,"0:00am-0:59am",7,"7","SR-29","",3,"State Highway",2,"Urban",3,"Principal Arterial - Other",1,"State Highway Agency",1,"This section IS ON the NHS",0,"No Special Jurisdiction",466,"466",39.10254167,39.10254167,-122.91256944,-122.91256944,21,"Bridge Pier or Support",0,"The First Harmful Event was Not a Collision with a Motor Vehicle in Transport",0,"No",1,"Non-Junction",1,"Not an Intersection",3,"On Median",0,"None",2,"Dark - Not Lighted",1,"Clear",0,"No","0000000","Not Applicable",0,"0:00am-0:59am",8,"8",0,"0:00am-0:59am",14,"14",88,"Not Applicable (Not Transported)",88,"Not Applicable (Not Transported)",1,"State Highway","Weekend","FQ1_Year","2nd Quarter (Month)"
"6","California","60596",0,0,1,1,0,2,2,105,"TRINITY (105)",0,"NOT APPLICABLE",6,"June",1,1,4,"Wednesday",2022,14,"2:00pm-2:59pm",37,"37","SR-299","",3,"State Highway",1,"Rural",3,"Principal Arterial - Other",1,"State Highway Agency",1,"This section IS ON the NHS",0,"No Special Jurisdiction",333,"333",40.74564722,40.74564722,-123.17438056,-123.17438056,1,"Rollover/Overturn",0,"The First Harmful Event was Not a Collision with a Motor Vehicle in Transport",0,"No",1,"Non-Junction",1,"Not an Intersection",4,"On Roadside",0,"None",1,"Daylight",1,"Clear",0,"No","0000000","Not Applicable",14,"2:00pm-2:59pm",99,"Unknown",99,"Unknown EMS Scene Arrival Hour",99,"Unknown EMS Scene Arrival Minutes",99,"Unknown",99,"Unknown EMS Hospital Arrival Time",1,"State Highway","Weekday","SQ2_Year","1st Quarter (Month)"
"6","California","60598",0,0,1,1,0,1,1,61,"PLACER (61)",0,"NOT APPLICABLE",4,"April",26,26,3,"Tuesday",2022,17,"5:00pm-5:59pm",49,"49","I-80","",1,"Interstate",1,"Rural",1,"Interstate",1,"State Highway Agency",1,"This section IS ON the NHS",0,"No Special Jurisdiction",399,"399",39.16348333,39.16348333,-120.87556667,-120.87556667,1,"Rollover/Overturn",0,"The First Harmful Event was Not a Collision with a Motor Vehicle in Transport",0,"No",1,"Non-Junction",1,"Not an Intersection",1,"On Roadway",0,"None",1,"Daylight",1,"Clear",0,"No","0000000","Not Applicable",99,"Unknown",99,"Unknown",99,"Unknown EMS Scene Arrival Hour",99,"Unknown EMS Scene Arrival Minutes",99,"Unknown",99,"Unknown EMS Hospital Arrival Time",1,"State Highway","Weekday","FQ1_Year","Last Quarter (Month)"
"6","California","60602",0,0,1,1,0,1,1,93,"SISKIYOU (93)",0,"NOT APPLICABLE",7,"July",14,14,5,"Thursday",2022,22,"10:00pm-10:59pm",30,"30","SR-263","",3,"State Highway",1,"Rural",4,"Minor Arterial",1,"State Highway Agency",0,"This section IS NOT on the NHS",0,"No Special Jurisdiction",33,"33",41.77748056,41.77748056,-122.59705,-122.59705,43,"Other Fixed Object",0,"The First Harmful Event was Not a Collision with a Motor Vehicle in Transport",0,"No",1,"Non-Junction",1,"Not an Intersection",4,"On Roadside",0,"None",2,"Dark - Not Lighted",1,"Clear",0,"No","0000000","Not Applicable",99,"Unknown",99,"Unknown",99,"Unknown EMS Scene Arrival Hour",99,"Unknown EMS Scene Arrival Minutes",99,"Unknown",99,"Unknown EMS Hospital Arrival Time",1,"State Highway","Weekday","SQ2_Year","2nd Quarter (Month)"
"6","California","60607",1,1,1,1,0,1,1,81,"SAN MATEO (81)",2140,"MENLO PARK",6,"June",29,29,4,"Wednesday",2022,1,"1:00am-1:59am",20,"20","SR-82 EL CAMINO REAL","",3,"State Highway",2,"Urban",3,"Principal Arterial - Other",1,"State Highway Agency",0,"This section IS NOT on the NHS",0,"No Special Jurisdiction",10,"10",37.45578056,37.45578056,-122.18725833,-122.18725833,8,"Pedestrian",0,"The First Harmful Event was Not a Collision with a Motor Vehicle in Transport",0,"No",1,"Non-Junction",1,"Not an Intersection",1,"On Roadway",0,"None",2,"Dark - Not Lighted",1,"Clear",0,"No","0000000","Not Applicable",1,"1:00am-1:59am",20,"20",1,"1:00am-1:59am",23,"23",99,"Unknown",99,"Unknown EMS Hospital Arrival Time",1,"State Highway","Weekday","SQ2_Year","Last Quarter (Month)"
"6","California","60614",0,0,1,1,0,4,4,71,"SAN BERNARDINO (71)",0,"NOT APPLICABLE",4,"April",8,8,6,"Friday",2022,11,"11:00am-11:59am",9,"9","I-15","",1,"Interstate",2,"Urban",1,"Interstate",1,"State Highway Agency",1,"This section IS ON the NHS",0,"No Special Jurisdiction",1238,"1238",34.98976389,34.98976389,-116.58522778,-116.58522778,39,"Wall",0,"The First Harmful Event was Not a Collision with a Motor Vehicle in Transport",0,"No",1,"Non-Junction",1,"Not an Intersection",3,"On Median",0,"None",1,"Daylight",1,"Clear",0,"No","0000000","Not Applicable",99,"Unknown",99,"Unknown",99,"Unknown EMS Scene Arrival Hour",99,"Unknown EMS Scene Arrival Minutes",99,"Unknown",99,"Unknown EMS Hospital Arrival Time",2,"State Highway","Weekday","FQ1_Year","1st Quarter (Month)"
"6","California","60615",0,0,1,1,0,1,1,89,"SHASTA (89)",0,"NOT APPLICABLE",7,"July",7,7,5,"Thursday",2022,11,"11:00am-11:59am",15,"15","SR-44","",3,"State Highway",1,"Rural",3,"Principal Arterial - Other",1,"State Highway Agency",1,"This section IS ON the NHS",0,"No Special Jurisdiction",300,"300",40.493775,40.493775,-121.87856389,-121.87856389,42,"Tree (Standing Only)",0,"The First Harmful Event was Not a Collision with a Motor Vehicle in Transport",0,"No",1,"Non-Junction",1,"Not an Intersection",4,"On Roadside",0,"None",1,"Daylight",1,"Clear",0,"No","0000000","Not Applicable",11,"11:00am-11:59am",20,"20",11,"11:00am-11:59am",99,"Unknown EMS Scene Arrival Minutes",99,"Unknown",99,"Unknown EMS Hospital Arrival Time",1,"State Highway","Weekday","SQ2_Year","1st Quarter (Month)"
"6","California","60625",1,1,1,1,0,1,1,99,"STANISLAUS (99)",0,"NOT APPLICABLE",6,"June",9,9,5,"Thursday",2022,7,"7:00am-7:59am",0,"0","W MAIN ST","",8,"Other",1,"Rural",5,"Major Collector",2,"County Highway Agency",0,"This section IS NOT on the NHS",0,"No Special Jurisdiction",83,"83",37.49291667,37.49291667,-120.97595833,-120.97595833,8,"Pedestrian",0,"The First Harmful Event was Not a Collision with a Motor Vehicle in Transport",0,"No",1,"Non-Junction",1,"Not an Intersection",1,"On Roadway",0,"None",4,"Dawn",1,"Clear",0,"No","0000000","Not Applicable",99,"Unknown",99,"Unknown",99,"Unknown EMS Scene Arrival Hour",99,"Unknown EMS Scene Arrival Minutes",88,"Not Applicable (Not Transported)",88,"Not Applicable (Not Transported)",1,"Others","Weekday","SQ2_Year","1st Quarter (Month)"
"6","California","60627",0,0,2,2,0,3,3,27,"INYO (27)",0,"NOT APPLICABLE",7,"July",16,16,7,"Saturday",2022,13,"1:00pm-1:59pm",4,"4","US-395","",2,"US Highway",1,"Rural",3,"Principal Arterial - Other",1,"State Highway Agency",1,"This section IS ON the NHS",0,"No Special Jurisdiction",219,"219",36.10306389,36.10306389,-117.96713611,-117.96713611,12,"Motor Vehicle In-Transport",1,"Front-to-Rear",0,"No",1,"Non-Junction",1,"Not an Intersection",1,"On Roadway",0,"None",1,"Daylight",1,"Clear",0,"No","0000000","Not Applicable",13,"1:00pm-1:59pm",99,"Unknown",13,"1:00pm-1:59pm",99,"Unknown EMS Scene Arrival Minutes",88,"Not Applicable (Not Transported)",88,"Not Applicable (Not Transported)",2,"US Highway","Weekend","SQ2_Year","2nd Quarter (Month)"
"6","California","60628",0,0,2,2,0,3,3,103,"TEHAMA (103)",0,"NOT APPLICABLE",5,"May",13,13,6,"Friday",2022,14,"2:00pm-2:59pm",55,"55","SR-99","",3,"State Highway",1,"Rural",3,"Principal Arterial - Other",1,"State Highway Agency",1,"This section IS ON the NHS",0,"No Special Jurisdiction",2,"2",39.88584444,39.88584444,-121.97918611,-121.97918611,12,"Motor Vehicle In-Transport",2,"Front-to-Front",0,"No",1,"Non-Junction",1,"Not an Intersection",1,"On Roadway",0,"None",1,"Daylight",1,"Clear",0,"No","0000000","Not Applicable",99,"Unknown",99,"Unknown",99,"Unknown EMS Scene Arrival Hour",99,"Unknown EMS Scene Arrival Minutes",99,"Unknown",99,"Unknown EMS Hospital Arrival Time",1,"State Highway","Weekday","SQ2_Year","2nd Quarter (Month)"
"6","California","60630",0,0,1,1,0,2,2,111,"VENTURA (111)",0,"NOT APPLICABLE",1,"January",24,24,2,"Monday",2022,21,"9:00pm-9:59pm",42,"42","SR-126 SANTA PAULA FWY","",3,"State Highway",2,"Urban",3,"Principal Arterial - Other",1,"State Highway Agency",1,"This section IS ON the NHS",0,"No Special Jurisdiction",82,"82",34.31662778,34.31662778,-119.11074167,-119.11074167,33,"Curb",0,"The First Harmful Event was Not a Collision with a Motor Vehicle in Transport",0,"No",1,"Non-Junction",1,"Not an Intersection",4,"On Roadside",0,"None",2,"Dark - Not Lighted",1,"Clear",0,"No","0000000","Not Applicable",99,"Unknown",99,"Unknown",99,"Unknown EMS Scene Arrival Hour",99,"Unknown EMS Scene Arrival Minutes",99,"Unknown",99,"Unknown EMS Hospital Arrival Time",1,"State Highway","Weekday","FQ1_Year","Last Quarter (Month)"
"6","California","60631",0,0,1,1,0,6,6,29,"KERN (29)",0,"NOT APPLICABLE",3,"March",22,22,3,"Tuesday",2022,23,"11:00pm-11:59pm",1,"1","I-5","",1,"Interstate",2,"Urban",1,"Interstate",1,"State Highway Agency",1,"This section IS ON the NHS",0,"No Special Jurisdiction",224,"224",34.92595,34.92595,-118.92230278,-118.92230278,35,"Embankment",0,"The First Harmful Event was Not a Collision with a Motor Vehicle in Transport",0,"No",1,"Non-Junction",1,"Not an Intersection",3,"On Median",0,"None",2,"Dark - Not Lighted",1,"Clear",0,"No","0000000","Not Applicable",99,"Unknown",99,"Unknown",99,"Unknown EMS Scene Arrival Hour",99,"Unknown EMS Scene Arrival Minutes",99,"Unknown",99,"Unknown EMS Hospital Arrival Time",1,"State Highway","Weekday","FQ1_Year","Last Quarter (Month)"
"6","California","60632",0,0,1,1,0,1,1,37,"LOS ANGELES (37)",3270,"SAN DIMAS",4,"April",23,23,7,"Saturday",2022,0,"0:00am-0:59am",36,"36","SR-57 ORANGE FWY","",3,"State Highway",2,"Urban",2,"Principal Arterial - Other Freeways and Expressways",1,"State Highway Agency",1,"This section IS ON the NHS",0,"No Special Jurisdiction",104,"104",34.10181111,34.10181111,-117.81950278,-117.81950278,25,"Concrete Traffic Barrier",0,"The First Harmful Event was Not a Collision with a Motor Vehicle in Transport",0,"No",1,"Non-Junction",1,"Not an Intersection",3,"On Median",0,"None",2,"Dark - Not Lighted",1,"Clear",0,"No","0000000","Not Applicable",99,"Unknown",99,"Unknown",99,"Unknown EMS Scene Arrival Hour",99,"Unknown EMS Scene Arrival Minutes",88,"Not Applicable (Not Transported)",88,"Not Applicable (Not Transported)",1,"State Highway","Weekend","FQ1_Year","Last Quarter (Month)"
"6","California","60635",0,0,1,1,0,1,1,1,"ALAMEDA (1)",2480,"OAKLAND",2,"February",2,2,4,"Wednesday",2022,15,"3:00pm-3:59pm",17,"17","SR-13","",3,"State Highway",2,"Urban",2,"Principal Arterial - Other Freeways and Expressways",1,"State Highway Agency",1,"This section IS ON the NHS",0,"No Special Jurisdiction",46,"46",37.78819167,37.78819167,-122.18139722,-122.18139722,34,"Ditch",0,"The First Harmful Event was Not a Collision with a Motor Vehicle in Transport",0,"No",1,"Non-Junction",1,"Not an Intersection",4,"On Roadside",0,"None",1,"Daylight",1,"Clear",0,"No","0000000","Not Applicable",99,"Unknown",99,"Unknown",99,"Unknown EMS Scene Arrival Hour",99,"Unknown EMS Scene Arrival Minutes",99,"Unknown",99,"Unknown EMS Hospital Arrival Time",1,"State Highway","Weekday","FQ1_Year","1st Quarter (Month)"
"6","California","60637",0,0,2,2,0,2,2,9,"CALAVERAS (9)",0,"NOT APPLICABLE",5,"May",28,28,7,"Saturday",2022,17,"5:00pm-5:59pm",11,"11","SR-49","",3,"State Highway",1,"Rural",3,"Principal Arterial - Other",1,"State Highway Agency",1,"This section IS ON the NHS",0,"No Special Jurisdiction",218,"218",38.22348056,38.22348056,-120.70118889,-120.70118889,12,"Motor Vehicle In-Transport",2,"Front-to-Front",0,"No",1,"Non-Junction",1,"Not an Intersection",1,"On Roadway",0,"None",1,"Daylight",1,"Clear",0,"No","0000000","Not Applicable",17,"5:00pm-5:59pm",13,"13",17,"5:00pm-5:59pm",19,"19",99,"Unknown",99,"Unknown EMS Hospital Arrival Time",1,"State Highway","Weekend","SQ2_Year","Last Quarter (Month)"
"6","California","60638",0,0,2,2,0,4,4,107,"TULARE (107)",0,"NOT APPLICABLE",7,"July",15,15,6,"Friday",2022,19,"7:00pm-7:59pm",35,"35","SR-99","",3,"State Highway",1,"Rural",2,"Principal Arterial - Other Freeways and Expressways",1,"State Highway Agency",1,"This section IS ON the NHS",0,"No Special Jurisdiction",346,"346",36.275925,36.275925,-119.37089722,-119.37089722,12,"Motor Vehicle In-Transport",1,"Front-to-Rear",0,"No",1,"Non-Junction",1,"Not an Intersection",1,"On Roadway",0,"None",1,"Daylight",1,"Clear",0,"No","0000000","Not Applicable",19,"7:00pm-7:59pm",99,"Unknown",19,"7:00pm-7:59pm",99,"Unknown EMS Scene Arrival Minutes",88,"Not Applicable (Not Transported)",88,"Not Applicable (Not Transported)",1,"State Highway","Weekday","SQ2_Year","2nd Quarter (Month)"
"6","California","60640",1,1,1,1,0,2,2,29,"KERN (29)",0,"NOT APPLICABLE",6,"June",20,20,2,"Monday",2022,22,"10:00pm-10:59pm",0,"0","SR-184","",3,"State Highway",2,"Urban",3,"Principal Arterial - Other",1,"State Highway Agency",1,"This section IS ON the NHS",0,"No Special Jurisdiction",6,"6",35.24767222,35.24767222,-118.91445,-118.91445,8,"Pedestrian",0,"The First Harmful Event was Not a Collision with a Motor Vehicle in Transport",0,"No",1,"Non-Junction",1,"Not an Intersection",1,"On Roadway",0,"None",2,"Dark - Not Lighted",1,"Clear",0,"No","0000000","Not Applicable",22,"10:00pm-10:59pm",1,"1",22,"10:00pm-10:59pm",19,"19",88,"Not Applicable (Not Transported)",88,"Not Applicable (Not Transported)",1,"State Highway","Weekday","SQ2_Year","2nd Quarter (Month)"
"6","California","60645",0,0,1,1,0,3,3,73,"SAN DIEGO (73)",0,"NOT APPLICABLE",4,"April",25,25,2,"Monday",2022,16,"4:00pm-4:59pm",16,"16","I-5","",1,"Interstate",2,"Urban",1,"Interstate",1,"State Highway Agency",1,"This section IS ON the NHS",0,"No Special Jurisdiction",547,"547",33.21491389,33.21491389,-117.38964167,-117.38964167,24,"Guardrail Face",0,"The First Harmful Event was Not a Collision with a Motor Vehicle in Transport",0,"No",1,"Non-Junction",1,"Not an Intersection",3,"On Median",0,"None",1,"Daylight",1,"Clear",0,"No","0000000","Not Applicable",99,"Unknown",99,"Unknown",99,"Unknown EMS Scene Arrival Hour",99,"Unknown EMS Scene Arrival Minutes",99,"Unknown",99,"Unknown EMS Hospital Arrival Time",1,"State Highway","Weekday","FQ1_Year","Last Quarter (Month)"