"state","statename","st_case","peds","pernotmvit","ve_total","ve_forms","pvh_invl","persons","permvit","county","countyname","city","cityname","month","monthname","day","dayname","day_week","day_weekname","year","hour","hourname","minute","minutename","tway_id","tway_id2","route","routename","rur_urb","rur_urbname","func_sys","func_sysname","rd_owner","rd_ownername","nhs","nhsname","sp_jur","sp_jurname","milept","mileptname","latitude","latitudename","longitud","longitudname","harm_ev","harm_evname","man_coll","man_collname","reljct1","reljct1name","reljct2","reljct2name","typ_int","typ_intname","rel_road","rel_roadname","wrk_zone","wrk_zonename","lgt_cond","lgt_condname","weather","weathername","sch_bus","sch_busname","rail","railname","not_hour","not_hourname","not_min","not_minname","arr_hour","arr_hourname","arr_min","arr_minname","hosp_hr","hosp_hrname","hosp_mn","hosp_mnname","fatals","route_category","day_type","quarter_year","day_quarter"
"6","California","60902",0,0,2,2,0,4,4,29,"KERN (29)",0,"NOT APPLICABLE",4,"April",24,24,1,"Sunday",2022,2,"2:00am-2:59am",23,"23","SR-99","",3,"State Highway",2,"Urban",2,"Principal Arterial - Other Freeways and Expressways",1,"State Highway Agency",1,"This section IS ON the NHS",0,"No Special Jurisdiction",452,"452",35.61604167,35.61604167,-119.21248889,-119.21248889,12,"Motor Vehicle In-Transport",1,"Front-to-Rear",0,"No",1,"Non-Junction",1,"Not an Intersection",1,"On Roadway",0,"None",2,"Dark - Not Lighted",1,"Clear",0,"No","0000000","Not Applicable",99,"Unknown",99,"Unknown",99,"Unknown EMS Scene Arrival Hour",99,"Unknown EMS Scene Arrival Minutes",99,"Unknown",99,"Unknown EMS Hospital Arrival Time",2,"State Highway","Weekend","FQ1_Year","Last Quarter (Month)"
"6","California","60907",0,0,1,1,0,1,1,71,"SAN BERNARDINO (71)",0,"NOT APPLICABLE",6,"June",27,27,2,"Monday",2022,12,"12:00pm-12:59pm",11,"11","SR-247","",3,"State Highway",1,"Rural",4,"Minor Arterial",1,"State Highway Agency",0,"This section IS NOT on the NHS",0,"No Special Jurisdiction",738,"738",34.82921111,34.82921111,-117.02675833,-117.02675833,43,"Other Fixed Object",0,"The First Harmful Event was Not a Collision with a Motor Vehicle in Transport",0,"No",1,"Non-Junction",1,"Not an Intersection",4,"On Roadside",0,"None",1,"Daylight",1,"Clear",0,"No","0000000","Not Applicable",99,"Unknown",99,"Unknown",99,"Unknown EMS Scene Arrival Hour",99,"Unknown EMS Scene Arrival Minutes",88,"Not Applicable (Not Transported)",88,"Not Applicable (Not Transported)",1,"State Highway","Weekday","SQ2_Year","Last Quarter (Month)"
"6","California","60913",1,1,2,2,0,2,2,101,"SUTTER (101)",0,"NOT APPLICABLE",8,"August",21,21,1,"Sunday",2022,5,"5:00am-5:59am",25,"25","SR-99","",3,"State Highway",1,"Rural",3,"Principal Arterial - Other",1,"State Highway Agency",1,"This section IS ON the NHS",0,"No Special Jurisdiction",235,"235",39.03934722,39.03934722,-121.63473889,-121.63473889,8,"Pedestrian",0,"The First Harmful Event was Not a Collision with a Motor Vehicle in Transport",0,"No",1,"Non-Junction",1,"Not an Intersection",1,"On Roadway",0,"None",2,"Dark - Not Lighted",1,"Clear",0,"No","0000000","Not Applicable",5,"5:00am-5:59am",25,"25",99,"Unknown EMS Scene Arrival Hour",98,"Unknown if Arrived",88,"Not Applicable (Not Transported)",88,"Not Applicable (Not Transported)",1,"State Highway","Weekend","SQ2_Year","Last Quarter (Month)"
"6","California","60916",0,0,2,2,0,2,2,37,"LOS ANGELES (37)",4120,"WEST COVINA",6,"June",6,6,2,"Monday",2022,2,"2:00am-2:59am",53,"53","I-10 SAN BERNARDINO FWY","",1,"Interstate",2,"Urban",1,"Interstate",1,"State Highway Agency",1,"This section IS ON the NHS",0,"No Special Jurisdiction",399,"399",34.06812778,34.06812778,-117.84824722,-117.84824722,12,"Motor Vehicle In-Transport",1,"Front-to-Rear",0,"No",1,"Non-Junction",1,"Not an Intersection",1,"On Roadway",0,"None",3,"Dark - Lighted",1,"Clear",0,"No","0000000","Not Applicable",99,"Unknown",99,"Unknown",99,"Unknown EMS Scene Arrival Hour",99,"Unknown EMS Scene Arrival Minutes",88,"Not Applicable (Not Transported)",88,"Not Applicable (Not Transported)",1,"State Highway","Weekday","SQ2_Year","1st Quarter (Month)"
"6","California","60918",0,0,2,2,0,2,2,19,"FRESNO (19)",0,"NOT APPLICABLE",8,"August",3,3,4,"Wednesday",2022,21,"9:00pm-9:59pm",50,"50","SR-33","",3,"State Highway",1,"Rural",4,"Minor Arterial",1,"State Highway Agency",0,"This section IS NOT on the NHS",0,"No Special Jurisdiction",2172,"2172",36.79108056,36.79108056,-120.41045833,-120.41045833,12,"Motor Vehicle In-Transport",2,"Front-to-Front",0,"No",1,"Non-Junction",1,"Not an Intersection",1,"On Roadway",0,"None",2,"Dark - Not Lighted",1,"Clear",0,"No","0000000","Not Applicable",99,"Unknown",99,"Unknown",99,"Unknown EMS Scene Arrival Hour",99,"Unknown EMS Scene Arrival Minutes",88,"Not Applicable (Not Transported)",88,"Not Applicable (Not Transported)",1,"State Highway","Weekday","SQ2_Year","1st Quarter (Month)"
"6","California","60920",0,0,1,1,0,1,1,115,"YUBA (115)",0,"NOT APPLICABLE",7,"July",12,12,3,"Tuesday",2022,16,"4:00pm-4:59pm",35,"35","SR-49","",3,"State Highway",1,"Rural",4,"Minor Arterial",1,"State Highway Agency",0,"This section IS NOT on the NHS",0,"No Special Jurisdiction",2165,"2165",39.43580556,39.43580556,-121.07211667,-121.07211667,42,"Tree (Standing Only)",0,"The First Harmful Event was Not a Collision with a Motor Vehicle in Transport",0,"No",1,"Non-Junction",1,"Not an Intersection",4,"On Roadside",0,"None",1,"Daylight",1,"Clear",0,"No","0000000","Not Applicable",99,"Unknown",99,"Unknown",99,"Unknown EMS Scene Arrival Hour",99,"Unknown EMS Scene Arrival Minutes",88,"Not Applicable (Not Transported)",88,"Not Applicable (Not Transported)",1,"State Highway","Weekday","SQ2_Year","2nd Quarter (Month)"
"6","California","60921",0,0,1,1,0,5,5,31,"KINGS (31)",0,"NOT APPLICABLE",2,"February",13,13,1,"Sunday",2022,3,"3:00am-3:59am",35,"35","SR-43","",3,"State Highway",1,"Rural",4,"Minor Arterial",1,"State Highway Agency",0,"This section IS NOT on the NHS",0,"No Special Jurisdiction",681,"681",36.15900556,36.15900556,-119.60041944,-119.60041944,1,"Rollover/Overturn",0,"The First Harmful Event was Not a Collision with a Motor Vehicle in Transport",0,"No",1,"Non-Junction",1,"Not an Intersection",4,"On Roadside",0,"None",2,"Dark - Not Lighted",1,"Clear",0,"No","0000000","Not Applicable",99,"Unknown",99,"Unknown",99,"Unknown EMS Scene Arrival Hour",99,"Unknown EMS Scene Arrival Minutes",99,"Unknown",99,"Unknown EMS Hospital Arrival Time",1,"State Highway","Weekend","FQ1_Year","2nd Quarter (Month)"
"6","California","60936",0,0,1,1,0,1,1,29,"KERN (29)",0,"NOT APPLICABLE",8,"August",3,3,4,"Wednesday",2022,20,"8:00pm-8:59pm",27,"27","SR-99","",3,"State Highway",2,"Urban",2,"Principal Arterial - Other Freeways and Expressways",1,"State Highway Agency",1,"This section IS ON the NHS",0,"No Special Jurisdiction",365,"365",35.49027222,35.49027222,-119.15152778,-119.15152778,38,"Fence",0,"The First Harmful Event was Not a Collision with a Motor Vehicle in Transport",0,"No",1,"Non-Junction",1,"Not an Intersection",4,"On Roadside",0,"None",5,"Dusk",1,"Clear",0,"No","0000000","Not Applicable",20,"8:00pm-8:59pm",99,"Unknown",20,"8:00pm-8:59pm",99,"Unknown EMS Scene Arrival Minutes",88,"Not Applicable (Not Transported)",88,"Not Applicable (Not Transported)",1,"State Highway","Weekday","SQ2_Year","1st Quarter (Month)"
"6","California","60939",1,1,1,1,0,1,1,107,"TULARE (107)",0,"NOT APPLICABLE",8,"August",9,9,3,"Tuesday",2022,3,"3:00am-3:59am",55,"55","SR-198","",3,"State Highway",2,"Urban",2,"Principal Arterial - Other Freeways and Expressways",1,"State Highway Agency",1,"This section IS ON the NHS",0,"No Special Jurisdiction",166,"166",36.32653889,36.32653889,-119.17435,-119.17435,8,"Pedestrian",0,"The First Harmful Event was Not a Collision with a Motor Vehicle in Transport",0,"No",1,"Non-Junction",1,"Not an Intersection",1,"On Roadway",0,"None",2,"Dark - Not Lighted",1,"Clear",0,"No","0000000","Not Applicable",99,"Unknown",99,"Unknown",99,"Unknown EMS Scene Arrival Hour",99,"Unknown EMS Scene Arrival Minutes",88,"Not Applicable (Not Transported)",88,"Not Applicable (Not Transported)",1,"State Highway","Weekday","SQ2_Year","1st Quarter (Month)"
"6","California","60940",0,0,1,1,0,1,1,107,"TULARE (107)",0,"NOT APPLICABLE",8,"August",17,17,4,"Wednesday",2022,17,"5:00pm-5:59pm",40,"40","CR-YOKOHL DRIVE","",4,"County Road",1,"Rural",5,"Major Collector",2,"County Highway Agency",0,"This section IS NOT on the NHS",0,"No Special Jurisdiction",9,"9",36.30949167,36.30949167,-119.06986944,-119.06986944,42,"Tree (Standing Only)",0,"The First Harmful Event was Not a Collision with a Motor Vehicle in Transport",0,"No",1,"Non-Junction",1,"Not an Intersection",4,"On Roadside",0,"None",1,"Daylight",1,"Clear",0,"No","0000000","Not Applicable",99,"Unknown",99,"Unknown",99,"Unknown EMS Scene Arrival Hour",99,"Unknown EMS Scene Arrival Minutes",88,"Not Applicable (Not Transported)",88,"Not Applicable (Not Transported)",1,"County Road","Weekday","SQ2_Year","2nd Quarter (Month)"
"6","California","60953",0,0,1,1,0,3,3,63,"PLUMAS (63)",0,"NOT APPLICABLE",7,"July",19,19,3,"Tuesday",2022,11,"11:00am-11:59am",57,"57","SR-70","",3,"State Highway",1,"Rural",4,"Minor Arterial",1,"State Highway Agency",0,"This section IS NOT on the NHS",0,"No Special Jurisdiction",702,"702",39.77828889,39.77828889,-120.56161667,-120.56161667,1,"Rollover/Overturn",0,"The First Harmful Event was Not a Collision with a Motor Vehicle in Transport",0,"No",1,"Non-Junction",1,"Not an Intersection",4,"On Roadside",0,"None",1,"Daylight",1,"Clear",0,"No","0000000","Not Applicable",99,"Unknown",99,"Unknown",99,"Unknown EMS Scene Arrival Hour",99,"Unknown EMS Scene Arrival Minutes",99,"Unknown",99,"Unknown EMS Hospital Arrival Time",1,"State Highway","Weekday","SQ2_Year","2nd Quarter (Month)"
"6","California","60957",0,0,2,2,0,3,3,47,"MERCED (47)",0,"NOT APPLICABLE",8,"August",7,7,1,"Sunday",2022,5,"5:00am-5:59am",53,"53","SANTA FE DR","",6,"Local Street - Municipality",2,"Urban",4,"Minor Arterial",2,"County Highway Agency",0,"This section IS NOT on the NHS",0,"No Special Jurisdiction",145,"145",37.34216111,37.34216111,-120.54351111,-120.54351111,12,"Motor Vehicle In-Transport",2,"Front-to-Front",0,"No",1,"Non-Junction",1,"Not an Intersection",1,"On Roadway",0,"None",4,"Dawn",1,"Clear",0,"No","0000000","Not Applicable",99,"Unknown",99,"Unknown",99,"Unknown EMS Scene Arrival Hour",99,"Unknown EMS Scene Arrival Minutes",88,"Not Applicable (Not Transported)",88,"Not Applicable (Not Transported)",3,"Others","Weekend","SQ2_Year","1st Quarter (Month)"
"6","California","60958",1,1,2,2,0,6,6,73,"SAN DIEGO (73)",3260,"SAN DIEGO",7,"July",12,12,3,"Tuesday",2022,20,"8:00pm-8:59pm",25,"25","I-5","",1,"Interstate",2,"Urban",1,"Interstate",1,"State Highway Agency",1,"This section IS ON the NHS",0,"No Special Jurisdiction",10,"10",32.55261667,32.55261667,-117.04801111,-117.04801111,8,"Pedestrian",0,"The First Harmful Event was Not a Collision with a Motor Vehicle in Transport",0,"No",1,"Non-Junction",1,"Not an Intersection",1,"On Roadway",0,"None",2,"Dark - Not Lighted",1,"Clear",0,"No","0000000","Not Applicable",99,"Unknown",99,"Unknown",99,"Unknown EMS Scene Arrival Hour",99,"Unknown EMS Scene Arrival Minutes",88,"Not Applicable (Not Transported)",88,"Not Applicable (Not Transported)",1,"State Highway","Weekday","SQ2_Year","2nd Quarter (Month)"
"6","California","60959",0,0,1,1,0,1,1,89,"SHASTA (89)",0,"NOT APPLICABLE",8,"August",28,28,1,"Sunday",2022,15,"3:00pm-3:59pm",50,"50","SR-36","",3,"State Highway",1,"Rural",4,"Minor Arterial",1,"State Highway Agency",1,"This section IS ON the NHS",0,"No Special Jurisdiction",877,"877",40.36981111,40.36981111,-122.98056111,-122.98056111,42,"Tree (Standing Only)",0,"The First Harmful Event was Not a Collision with a Motor Vehicle in Transport",0,"No",1,"Non-Junction",1,"Not an Intersection",4,"On Roadside",0,"None",1,"Daylight",1,"Clear",0,"No","0000000","Not Applicable",16,"4:00pm-4:59pm",24,"24",16,"4:00pm-4:59pm",45,"45",88,"Not Applicable (Not Transported)",88,"Not Applicable (Not Transported)",1,"State Highway","Weekend","SQ2_Year","Last Quarter (Month)"
"6","California","60960",0,0,1,1,0,2,2,77,"SAN JOAQUIN (77)",0,"NOT APPLICABLE",6,"June",19,19,1,"Sunday",2022,0,"0:00am-0:59am",45,"45","SR-4","",3,"State Highway",1,"Rural",3,"Principal Arterial - Other",1,"State Highway Agency",0,"This section IS NOT on the NHS",0,"No Special Jurisdiction",30,"30",37.89013333,37.89013333,-121.51425833,-121.51425833,30,"Utility Pole/Light Support",0,"The First Harmful Event was Not a Collision with a Motor Vehicle in Transport",0,"No",1,"Non-Junction",1,"Not an Intersection",4,"On Roadside",0,"None",2,"Dark - Not Lighted",1,"Clear",0,"No","0000000","Not Applicable",99,"Unknown",99,"Unknown",99,"Unknown EMS Scene Arrival Hour",99,"Unknown EMS Scene Arrival Minutes",99,"Unknown",99,"Unknown EMS Hospital Arrival Time",1,"State Highway","Weekend","SQ2_Year","2nd Quarter (Month)"
"6","California","60985",0,0,1,1,0,1,1,23,"HUMBOLDT (23)",1220,"EUREKA",1,"January",9,9,1,"Sunday",2022,17,"5:00pm-5:59pm",19,"19","US-101","",2,"US Highway",2,"Urban",3,"Principal Arterial - Other",1,"State Highway Agency",1,"This section IS ON the NHS",0,"No Special Jurisdiction",802,"802",40.80528611,40.80528611,-124.13385833,-124.13385833,1,"Rollover/Overturn",0,"The First Harmful Event was Not a Collision with a Motor Vehicle in Transport",0,"No",1,"Non-Junction",1,"Not an Intersection",4,"On Roadside",0,"None",1,"Daylight",1,"Clear",0,"No","0000000","Not Applicable",17,"5:00pm-5:59pm",19,"19",17,"5:00pm-5:59pm",23,"23",99,"Unknown",96,"Terminated Transport",1,"US Highway","Weekend","FQ1_Year","1st Quarter (Month)"
"6","California","60989",1,1,1,1,0,2,2,59,"ORANGE (59)",1660,"HUNTINGTON BEACH",1,"January",20,20,5,"Thursday",2022,23,"11:00pm-11:59pm",23,"23","SR-1 PACIFIC COAST HWY","",3,"State Highway",2,"Urban",3,"Principal Arterial - Other",1,"State Highway Agency",1,"This section IS ON the NHS",0,"No Special Jurisdiction",263,"263",33.67238611,33.67238611,-118.02321944,-118.02321944,9,"Pedalcyclist",0,"The First Harmful Event was Not a Collision with a Motor Vehicle in Transport",0,"No",1,"Non-Junction",1,"Not an Intersection",1,"On Roadway",0,"None",2,"Dark - Not Lighted",1,"Clear",0,"No","0000000","Not Applicable",23,"11:00pm-11:59pm",40,"40",0,"0:00am-0:59am",10,"10",99,"Unknown",99,"Unknown EMS Hospital Arrival Time",1,"State Highway","Weekday","FQ1_Year","2nd Quarter (Month)"
"6","California","61004",0,0,1,1,0,1,1,71,"SAN BERNARDINO (71)",0,"NOT APPLICABLE",8,"August",22,22,2,"Monday",2022,12,"12:00pm-12:59pm",10,"10","I-15","",1,"Interstate",1,"Rural",1,"Interstate",1,"State Highway Agency",1,"This section IS ON the NHS",0,"No Special Jurisdiction",546,"546",34.68299722,34.68299722,-117.21282222,-117.21282222,35,"Embankment",0,"The First Harmful Event was Not a Collision with a Motor Vehicle in Transport",0,"No",1,"Non-Junction",1,"Not an Intersection",4,"On Roadside",0,"None",1,"Daylight",1,"Clear",0,"No","0000000","Not Applicable",12,"12:00pm-12:59pm",99,"Unknown",99,"Unknown EMS Scene Arrival Hour",99,"Unknown EMS Scene Arrival Minutes",88,"Not Applicable (Not Transported)",88,"Not Applicable (Not Transported)",1,"State Highway","Weekday","SQ2_Year","Last Quarter (Month)"
"6","California","61005",1,1,1,1,0,1,1,65,"RIVERSIDE (65)",0,"NOT APPLICABLE",4,"April",7,7,5,"Thursday",2022,0,"0:00am-0:59am",54,"54","SR-74","",3,"State Highway",2,"Urban",3,"Principal Arterial - Other",1,"State Highway Agency",1,"This section IS ON the NHS",0,"No Special Jurisdiction",335,"335",33.73873611,33.73873611,-117.09048611,-117.09048611,8,"Pedestrian",0,"The First Harmful Event was Not a Collision with a Motor Vehicle in Transport",0,"No",1,"Non-Junction",1,"Not an Intersection",1,"On Roadway",0,"None",2,"Dark - Not Lighted",1,"Clear",0,"No","0000000","Not Applicable",99,"Unknown",99,"Unknown",99,"Unknown EMS Scene Arrival Hour",99,"Unknown EMS Scene Arrival Minutes",88,"Not Applicable (Not Transported)",88,"Not Applicable (Not Transported)",1,"State Highway","Weekday","FQ1_Year","1st Quarter (Month)"
"6","California","61007",0,0,1,1,0,1,1,111,"VENTURA (111)",0,"NOT APPLICABLE",5,"May",30,30,2,"Monday",2022,18,"6:00pm-6:59pm",45,"45","SR-1","",3,"State Highway",1,"Rural",3,"Principal Arterial - Other",1,"State Highway Agency",0,"This section IS NOT on the NHS",0,"No Special Jurisdiction",95,"95",34.10763056,34.10763056,-119.07916944,-119.07916944,30,"Utility Pole/Light Support",0,"The First Harmful Event was Not a Collision with a Motor Vehicle in Transport",0,"No",1,"Non-Junction",1,"Not an Intersection",4,"On Roadside",0,"None",1,"Daylight",1,"Clear",0,"No","0000000","Not Applicable",99,"Unknown",99,"Unknown",99,"Unknown EMS Scene Arrival Hour",99,"Unknown EMS Scene Arrival Minutes",88,"Not Applicable (Not Transported)",88,"Not Applicable (Not Transported)",1,"State Highway","Weekday","SQ2_Year","Last Quarter (Month)"
"6","California","61017",0,0,2,2,0,5,5,37,"LOS ANGELES (37)",1980,"LOS ANGELES",1,"January",16,16,1,"Sunday",2022,12,"12:00pm-12:59pm",25,"25","FIGUEROA ST","",6,"Local Street - Municipality",2,"Urban",3,"Principal Arterial - Other",4,"City or Municipal Highway Agency",1,"This section IS ON the NHS",0,"No Special Jurisdiction",0,"None",33.99298889,33.99298889,-118.28268889,-118.28268889,12,"Motor Vehicle In-Transport",1,"Front-to-Rear",0,"No",1,"Non-Junction",1,"Not an Intersection",1,"On Roadway",0,"None",1,"Daylight",1,"Clear",0,"No","0000000","Not Applicable",99,"Unknown",99,"Unknown",99,"Unknown EMS Scene Arrival Hour",99,"Unknown EMS Scene Arrival Minutes",99,"Unknown",99,"Unknown EMS Hospital Arrival Time",1,"Others","Weekend","FQ1_Year","2nd Quarter (Month)"
"6","California","61021",0,0,1,1,0,1,1,17,"EL DORADO (17)",0,"NOT APPLICABLE",5,"May",22,22,1,"Sunday",2022,4,"4:00am-4:59am",49,"49","US-50","",2,"US Highway",2,"Urban",3,"Principal Arterial - Other",1,"State Highway Agency",1,"This section IS ON the NHS",0,"No Special Jurisdiction",482,"482",38.77129167,38.77129167,-120.30765,-120.30765,42,"Tree (Standing Only)",0,"The First Harmful Event was Not a Collision with a Motor Vehicle in Transport",0,"No",1,"Non-Junction",1,"Not an Intersection",4,"On Roadside",0,"None",4,"Dawn",1,"Clear",0,"No","0000000","Not Applicable",99,"Unknown",99,"Unknown",99,"Unknown EMS Scene Arrival Hour",99,"Unknown EMS Scene Arrival Minutes",99,"Unknown",99,"Unknown EMS Hospital Arrival Time",1,"US Highway","Weekend","SQ2_Year","Last Quarter (Month)"
"6","California","61025",0,0,3,3,0,6,6,59,"ORANGE (59)",80,"ANAHEIM",6,"June",23,23,5,"Thursday",2022,21,"9:00pm-9:59pm",4,"4","SR-57","",3,"State Highway",2,"Urban",2,"Principal Arterial - Other Freeways and Expressways",1,"State Highway Agency",1,"This section IS ON the NHS",0,"No Special Jurisdiction",122,"122",33.80138889,33.80138889,-117.87851944,-117.87851944,12,"Motor Vehicle In-Transport",1,"Front-to-Rear",0,"No",1,"Non-Junction",1,"Not an Intersection",1,"On Roadway",0,"None",3,"Dark - Lighted",1,"Clear",0,"No","0000000","Not Applicable",99,"Unknown",99,"Unknown",99,"Unknown EMS Scene Arrival Hour",99,"Unknown EMS Scene Arrival Minutes",99,"Unknown",99,"Unknown EMS Hospital Arrival Time",1,"State Highway","Weekday","SQ2_Year","Last Quarter (Month)"
"6","California","61037",0,0,2,2,0,3,3,89,"SHASTA (89)",0,"NOT APPLICABLE",8,"August",13,13,7,"Saturday",2022,5,"5:00am-5:59am",6,"6","SR-299","",3,"State Highway",1,"Rural",4,"Minor Arterial",1,"State Highway Agency",0,"This section IS NOT on the NHS",0,"No Special Jurisdiction",870,"870",40.99549444,40.99549444,-121.51149444,-121.51149444,12,"Motor Vehicle In-Transport",2,"Front-to-Front",0,"No",1,"Non-Junction",1,"Not an Intersection",1,"On Roadway",0,"None",2,"Dark - Not Lighted",1,"Clear",0,"No","0000000","Not Applicable",99,"Unknown",99,"Unknown",99,"Unknown EMS Scene Arrival Hour",99,"Unknown EMS Scene Arrival Minutes",88,"Not Applicable (Not Transported)",88,"Not Applicable (Not Transported)",1,"State Highway","Weekend","SQ2_Year","2nd Quarter (Month)"
"6","California","61045",0,0,1,1,0,1,1,37,"LOS ANGELES (37)",0,"NOT APPLICABLE",3,"March",11,11,6,"Friday",2022,19,"7:00pm-7:59pm",28,"28","STOCKER ST","",8,"Other",2,"Urban",3,"Principal Arterial - Other",2,"County Highway Agency",1,"This section IS ON the NHS",0,"No Special Jurisdiction",8,"8",33.99666389,33.99666389,-118.359275,-118.359275,33,"Curb",0,"The First Harmful Event was Not a Collision with a Motor Vehicle in Transport",0,"No",1,"Non-Junction",1,"Not an Intersection",4,"On Roadside",0,"None",3,"Dark - Lighted",1,"Clear",0,"No","0000000","Not Applicable",99,"Unknown",99,"Unknown",99,"Unknown EMS Scene Arrival Hour",99,"Unknown EMS Scene Arrival Minutes",88,"Not Applicable (Not Transported)",88,"Not Applicable (Not Transported)",1,"Others","Weekday","FQ1_Year","2nd Quarter (Month)"
"6","California","61047",0,0,3,3,0,3,3,37,"LOS ANGELES (37)",2870,"POMONA",4,"April",17,17,1,"Sunday",2022,2,"2:00am-2:59am",6,"6","SR-60 POMONA FWY","",3,"State Highway",2,"Urban",2,"Principal Arterial - Other Freeways and Expressways",1,"State Highway Agency",1,"This section IS ON the NHS",0,"No Special Jurisdiction",297,"297",34.02455,34.02455,-117.74103333,-117.74103333,12,"Motor Vehicle In-Transport",1,"Front-to-Rear",0,"No",1,"Non-Junction",1,"Not an Intersection",1,"On Roadway",0,"None",2,"Dark - Not Lighted",1,"Clear",0,"No","0000000","Not Applicable",99,"Unknown",99,"Unknown",99,"Unknown EMS Scene Arrival Hour",99,"Unknown EMS Scene Arrival Minutes",99,"Unknown",99,"Unknown EMS Hospital Arrival Time",2,"State Highway","Weekend","FQ1_Year","2nd Quarter (Month)"
"6","California","61050",1,1,2,2,0,2,2,95,"SOLANO (95)",1260,"FAIRFIELD",8,"August",4,4,5,"Thursday",2022,2,"2:00am-2:59am",0,"0","I-80","",1,"Interstate",1,"Rural",1,"Interstate",1,"State Highway Agency",1,"This section IS ON the NHS",0,"No Special Jurisdiction",174,"174",38.25226944,38.25226944,-122.06754444,-122.06754444,8,"Pedestrian",0,"The First Harmful Event was Not a Collision with a Motor Vehicle in Transport",0,"No",1,"Non-Junction",1,"Not an Intersection",1,"On Roadway",0,"None",2,"Dark - Not Lighted",1,"Clear",0,"No","0000000","Not Applicable",99,"Unknown",99,"Unknown",99,"Unknown EMS Scene Arrival Hour",99,"Unknown EMS Scene Arrival Minutes",88,"Not Applicable (Not Transported)",88,"Not Applicable (Not Transported)",1,"State Highway","Weekday","SQ2_Year","1st Quarter (Month)"
"6","California","61070",1,1,1,1,0,1,1,29,"KERN (29)",240,"BAKERSFIELD",8,"August",20,20,7,"Saturday",2022,21,"9:00pm-9:59pm",47,"47","SR-204 UNION AVE","",3,"State Highway",2,"Urban",3,"Principal Arterial - Other",1,"State Highway Agency",1,"This section IS ON the NHS",0,"No Special Jurisdiction",26,"26",35.36194722,35.36194722,-119.00287778,-119.00287778,8,"Pedestrian",0,"The First Harmful Event was Not a Collision with a Motor Vehicle in Transport",0,"No",1,"Non-Junction",1,"Not an Intersection",1,"On Roadway",0,"None",3,"Dark - Lighted",1,"Clear",0,"No","0000000","Not Applicable",99,"Unknown",99,"Unknown",99,"Unknown EMS Scene Arrival Hour",99,"Unknown EMS Scene Arrival Minutes",88,"Not Applicable (Not Transported)",88,"Not Applicable (Not Transported)",1,"State Highway","Weekend","SQ2_Year","2nd Quarter (Month)"
"6","California","61071",0,0,1,1,0,1,1,59,"ORANGE (59)",80,"ANAHEIM",8,"August",25,25,5,"Thursday",2022,2,"2:00am-2:59am",42,"42","SR-91","",3,"State Highway",2,"Urban",2,"Principal Arterial - Other Freeways and Expressways",1,"State Highway Agency",1,"This section IS ON the NHS",0,"No Special Jurisdiction",127,"127",33.86259722,33.86259722,-117.77258333,-117.77258333,1,"Rollover/Overturn",0,"The First Harmful Event was Not a Collision with a Motor Vehicle in Transport",0,"No",1,"Non-Junction",1,"Not an Intersection",1,"On Roadway",0,"None",2,"Dark - Not Lighted",1,"Clear",0,"No","0000000","Not Applicable",99,"Unknown",99,"Unknown",99,"Unknown EMS Scene Arrival Hour",99,"Unknown EMS Scene Arrival Minutes",99,"Unknown",99,"Unknown EMS Hospital Arrival Time",1,"State Highway","Weekday","SQ2_Year","Last Quarter (Month)"
"6","California","61072",1,1,1,1,0,1,1,37,"LOS ANGELES (37)",3105,"ROSEMEAD",9,"September",2,2,6,"Friday",2022,10,"10:00am-10:59am",27,"27","I-10 SAN BERNARDINO FWY","",1,"Interstate",2,"Urban",1,"Interstate",1,"State Highway Agency",1,"This section IS ON the NHS",0,"No Special Jurisdiction",258,"258",34.07211667,34.07211667,-118.09211944,-118.09211944,8,"Pedestrian",0,"The First Harmful Event was Not a Collision with a Motor Vehicle in Transport",0,"No",1,"Non-Junction",1,"Not an Intersection",1,"On Roadway",0,"None",1,"Daylight",1,"Clear",0,"No","0000000","Not Applicable",99,"Unknown",99,"Unknown",99,"Unknown EMS Scene Arrival Hour",99,"Unknown EMS Scene Arrival Minutes",99,"Unknown",99,"Unknown EMS Hospital Arrival Time",1,"State Highway","Weekday","TQ3_Year","1st Quarter (Month)"
"6","California","61080",0,0,2,2,0,3,3,71,"SAN BERNARDINO (71)",0,"NOT APPLICABLE",8,"August",6,6,7,"Saturday",2022,5,"5:00am-5:59am",31,"31","I-15","",1,"Interstate",1,"Rural",1,"Interstate",1,"State Highway Agency",1,"This section IS ON the NHS",0,"No Special Jurisdiction",2527,"2527",35.34169722,35.34169722,-115.95461667,-115.95461667,12,"Motor Vehicle In-Transport",1,"Front-to-Rear",0,"No",1,"Non-Junction",1,"Not an Intersection",1,"On Roadway",0,"None",4,"Dawn",1,"Clear",0,"No","0000000","Not Applicable",5,"5:00am-5:59am",99,"Unknown",5,"5:00am-5:59am",99,"Unknown EMS Scene Arrival Minutes",99,"Unknown",99,"Unknown EMS Hospital Arrival Time",1,"State Highway","Weekend","SQ2_Year","1st Quarter (Month)"