"state","statename","st_case","peds","pernotmvit","ve_total","ve_forms","pvh_invl","persons","permvit","county","countyname","city","cityname","month","monthname","day","dayname","day_week","day_weekname","year","hour","hourname","minute","minutename","tway_id","tway_id2","route","routename","rur_urb","rur_urbname","func_sys","func_sysname","rd_owner","rd_ownername","nhs","nhsname","sp_jur","sp_jurname","milept","mileptname","latitude","latitudename","longitud","longitudname","harm_ev","harm_evname","man_coll","man_collname","reljct1","reljct1name","reljct2","reljct2name","typ_int","typ_intname","rel_road","rel_roadname","wrk_zone","wrk_zonename","lgt_cond","lgt_condname","weather","weathername","sch_bus","sch_busname","rail","railname","not_hour","not_hourname","not_min","not_minname","arr_hour","arr_hourname","arr_min","arr_minname","hosp_hr","hosp_hrname","hosp_mn","hosp_mnname","fatals","route_category","day_type","quarter_year","day_quarter"
"6","California","61081",0,0,1,1,0,1,1,69,"SAN BENITO (69)",0,"NOT APPLICABLE",8,"August",14,14,1,"Sunday",2022,0,"0:00am-0:59am",50,"50","SR-156","",3,"State Highway",1,"Rural",3,"Principal Arterial - Other",1,"State Highway Agency",1,"This section IS ON the NHS",0,"No Special Jurisdiction",92,"92",36.86888889,36.86888889,-121.4424,-121.4424,34,"Ditch",0,"The First Harmful Event was Not a Collision with a Motor Vehicle in Transport",0,"No",1,"Non-Junction",1,"Not an Intersection",4,"On Roadside",0,"None",2,"Dark - Not Lighted",1,"Clear",0,"No","0000000","Not Applicable",0,"0:00am-0:59am",99,"Unknown",99,"Unknown EMS Scene Arrival Hour",99,"Unknown EMS Scene Arrival Minutes",88,"Not Applicable (Not Transported)",88,"Not Applicable (Not Transported)",1,"State Highway","Weekend","SQ2_Year","2nd Quarter (Month)"
"6","California","61099",0,0,1,1,0,1,1,53,"MONTEREY (53)",0,"NOT APPLICABLE",5,"May",1,1,1,"Sunday",2022,17,"5:00pm-5:59pm",27,"27","US-101","",2,"US Highway",2,"Urban",2,"Principal Arterial - Other Freeways and Expressways",1,"State Highway Agency",1,"This section IS ON the NHS",0,"No Special Jurisdiction",626,"626",36.43066111,36.43066111,-121.33709167,-121.33709167,1,"Rollover/Overturn",0,"The First Harmful Event was Not a Collision with a Motor Vehicle in Transport",0,"No",1,"Non-Junction",1,"Not an Intersection",2,"On Shoulder",0,"None",1,"Daylight",1,"Clear",0,"No","0000000","Not Applicable",99,"Unknown",99,"Unknown",99,"Unknown EMS Scene Arrival Hour",99,"Unknown EMS Scene Arrival Minutes",88,"Not Applicable (Not Transported)",88,"Not Applicable (Not Transported)",1,"US Highway","Weekend","SQ2_Year","1st Quarter (Month)"
"6","California","61103",1,1,1,1,0,1,1,37,"LOS ANGELES (37)",2054,"MALIBU",1,"January",31,31,2,"Monday",2022,18,"6:00pm-6:59pm",39,"39","SR-1 PCH","",3,"State Highway",2,"Urban",3,"Principal Arterial - Other",1,"State Highway Agency",1,"This section IS ON the NHS",0,"No Special Jurisdiction",430,"430",34.03759167,34.03759167,-118.61797222,-118.61797222,8,"Pedestrian",0,"The First Harmful Event was Not a Collision with a Motor Vehicle in Transport",0,"No",1,"Non-Junction",1,"Not an Intersection",1,"On Roadway",0,"None",3,"Dark - Lighted",1,"Clear",0,"No","0000000","Not Applicable",99,"Unknown",99,"Unknown",99,"Unknown EMS Scene Arrival Hour",99,"Unknown EMS Scene Arrival Minutes",99,"Unknown",99,"Unknown EMS Hospital Arrival Time",1,"State Highway","Weekday","FQ1_Year","Last Quarter (Month)"
"6","California","61118",0,0,1,1,0,1,1,13,"CONTRA COSTA (13)",0,"NOT APPLICABLE",1,"January",31,31,2,"Monday",2022,4,"4:00am-4:59am",25,"25","I-680","",1,"Interstate",2,"Urban",1,"Interstate",1,"State Highway Agency",1,"This section IS ON the NHS",0,"No Special Jurisdiction",203,"203",37.98257222,37.98257222,-122.06568611,-122.06568611,42,"Tree (Standing Only)",0,"The First Harmful Event was Not a Collision with a Motor Vehicle in Transport",0,"No",1,"Non-Junction",1,"Not an Intersection",4,"On Roadside",0,"None",3,"Dark - Lighted",1,"Clear",0,"No","0000000","Not Applicable",4,"4:00am-4:59am",99,"Unknown",4,"4:00am-4:59am",99,"Unknown EMS Scene Arrival Minutes",88,"Not Applicable (Not Transported)",88,"Not Applicable (Not Transported)",1,"State Highway","Weekday","FQ1_Year","Last Quarter (Month)"
"6","California","61121",0,0,1,1,0,1,1,87,"SANTA CRUZ (87)",0,"NOT APPLICABLE",3,"March",6,6,1,"Sunday",2022,12,"12:00pm-12:59pm",50,"50","SR-17","",3,"State Highway",2,"Urban",2,"Principal Arterial - Other Freeways and Expressways",1,"State Highway Agency",1,"This section IS ON the NHS",0,"No Special Jurisdiction",19,"19",37.01587778,37.01587778,-122.02575,-122.02575,31,"Post, Pole or Other Supports",0,"The First Harmful Event was Not a Collision with a Motor Vehicle in Transport",0,"No",1,"Non-Junction",1,"Not an Intersection",4,"On Roadside",0,"None",1,"Daylight",1,"Clear",0,"No","0000000","Not Applicable",99,"Unknown",99,"Unknown",99,"Unknown EMS Scene Arrival Hour",99,"Unknown EMS Scene Arrival Minutes",88,"Not Applicable (Not Transported)",88,"Not Applicable (Not Transported)",1,"State Highway","Weekend","FQ1_Year","1st Quarter (Month)"
"6","California","61126",1,1,1,1,0,2,2,109,"TUOLUMNE (109)",0,"NOT APPLICABLE",2,"February",25,25,6,"Friday",2022,18,"6:00pm-6:59pm",40,"40","SR-49","",3,"State Highway",2,"Urban",3,"Principal Arterial - Other",1,"State Highway Agency",1,"This section IS ON the NHS",0,"No Special Jurisdiction",144,"144",37.95258889,37.95258889,-120.42471389,-120.42471389,8,"Pedestrian",0,"The First Harmful Event was Not a Collision with a Motor Vehicle in Transport",0,"No",1,"Non-Junction",1,"Not an Intersection",1,"On Roadway",0,"None",2,"Dark - Not Lighted",1,"Clear",0,"No","0000000","Not Applicable",99,"Unknown",99,"Unknown",99,"Unknown EMS Scene Arrival Hour",99,"Unknown EMS Scene Arrival Minutes",99,"Unknown",99,"Unknown EMS Hospital Arrival Time",1,"State Highway","Weekday","FQ1_Year","Last Quarter (Month)"
"6","California","61132",0,0,2,2,0,2,2,5,"AMADOR (5)",0,"NOT APPLICABLE",3,"March",16,16,4,"Wednesday",2022,14,"2:00pm-2:59pm",25,"25","SR-88","",3,"State Highway",1,"Rural",3,"Principal Arterial - Other",1,"State Highway Agency",1,"This section IS ON the NHS",0,"No Special Jurisdiction",591,"591",38.46625,38.46625,-120.52726944,-120.52726944,1,"Rollover/Overturn",0,"The First Harmful Event was Not a Collision with a Motor Vehicle in Transport",0,"No",1,"Non-Junction",1,"Not an Intersection",1,"On Roadway",0,"None",1,"Daylight",1,"Clear",0,"No","0000000","Not Applicable",14,"2:00pm-2:59pm",99,"Unknown",14,"2:00pm-2:59pm",99,"Unknown EMS Scene Arrival Minutes",88,"Not Applicable (Not Transported)",88,"Not Applicable (Not Transported)",1,"State Highway","Weekday","FQ1_Year","2nd Quarter (Month)"
"6","California","61134",1,1,1,1,0,2,2,19,"FRESNO (19)",0,"NOT APPLICABLE",3,"March",19,19,7,"Saturday",2022,22,"10:00pm-10:59pm",33,"33","SR-180 W WHITESBRIDGE RD","",3,"State Highway",1,"Rural",3,"Principal Arterial - Other",1,"State Highway Agency",0,"This section IS NOT on the NHS",0,"No Special Jurisdiction",347,"347",36.73463611,36.73463611,-120.20151944,-120.20151944,8,"Pedestrian",0,"The First Harmful Event was Not a Collision with a Motor Vehicle in Transport",0,"No",1,"Non-Junction",1,"Not an Intersection",1,"On Roadway",0,"None",2,"Dark - Not Lighted",1,"Clear",0,"No","0000000","Not Applicable",22,"10:00pm-10:59pm",35,"35",22,"10:00pm-10:59pm",54,"54",88,"Not Applicable (Not Transported)",88,"Not Applicable (Not Transported)",1,"State Highway","Weekend","FQ1_Year","2nd Quarter (Month)"
"6","California","61136",0,0,2,2,0,3,3,71,"SAN BERNARDINO (71)",2550,"ONTARIO",3,"March",31,31,5,"Thursday",2022,0,"0:00am-0:59am",55,"55","I-15","",1,"Interstate",2,"Urban",1,"Interstate",1,"State Highway Agency",1,"This section IS ON the NHS",0,"No Special Jurisdiction",1,"1",34.035125,34.035125,-117.55003611,-117.55003611,12,"Motor Vehicle In-Transport",1,"Front-to-Rear",0,"No",1,"Non-Junction",1,"Not an Intersection",1,"On Roadway",0,"None",2,"Dark - Not Lighted",1,"Clear",0,"No","0000000","Not Applicable",99,"Unknown",99,"Unknown",99,"Unknown EMS Scene Arrival Hour",99,"Unknown EMS Scene Arrival Minutes",99,"Unknown",99,"Unknown EMS Hospital Arrival Time",1,"State Highway","Weekday","FQ1_Year","Last Quarter (Month)"
"6","California","61139",1,1,2,2,0,4,4,19,"FRESNO (19)",1370,"FRESNO",3,"March",26,26,7,"Saturday",2022,20,"8:00pm-8:59pm",40,"40","SR-180","",3,"State Highway",2,"Urban",2,"Principal Arterial - Other Freeways and Expressways",1,"State Highway Agency",1,"This section IS ON the NHS",0,"No Special Jurisdiction",597,"597",36.75508056,36.75508056,-119.75751389,-119.75751389,8,"Pedestrian",0,"The First Harmful Event was Not a Collision with a Motor Vehicle in Transport",0,"No",1,"Non-Junction",1,"Not an Intersection",1,"On Roadway",0,"None",2,"Dark - Not Lighted",1,"Clear",0,"No","0000000","Not Applicable",99,"Unknown",99,"Unknown",99,"Unknown EMS Scene Arrival Hour",99,"Unknown EMS Scene Arrival Minutes",88,"Not Applicable (Not Transported)",88,"Not Applicable (Not Transported)",1,"State Highway","Weekend","FQ1_Year","Last Quarter (Month)"
"6","California","61140",0,0,1,1,0,1,1,111,"VENTURA (111)",0,"NOT APPLICABLE",5,"May",13,13,6,"Friday",2022,3,"3:00am-3:59am",35,"35","SR-126 E TELEPHONE RD","",3,"State Highway",1,"Rural",3,"Principal Arterial - Other",1,"State Highway Agency",1,"This section IS ON the NHS",0,"No Special Jurisdiction",316,"316",34.40580556,34.40580556,-118.74138611,-118.74138611,1,"Rollover/Overturn",0,"The First Harmful Event was Not a Collision with a Motor Vehicle in Transport",0,"No",1,"Non-Junction",1,"Not an Intersection",2,"On Shoulder",0,"None",2,"Dark - Not Lighted",1,"Clear",0,"No","0000000","Not Applicable",99,"Unknown",99,"Unknown",99,"Unknown EMS Scene Arrival Hour",99,"Unknown EMS Scene Arrival Minutes",88,"Not Applicable (Not Transported)",88,"Not Applicable (Not Transported)",1,"State Highway","Weekday","SQ2_Year","2nd Quarter (Month)"
"6","California","61142",0,0,1,1,0,1,1,29,"KERN (29)",3840,"TEHACHAPI",7,"July",1,1,6,"Friday",2022,11,"11:00am-11:59am",28,"28","SR-58","",3,"State Highway",2,"Urban",2,"Principal Arterial - Other Freeways and Expressways",1,"State Highway Agency",1,"This section IS ON the NHS",0,"No Special Jurisdiction",928,"928",35.13807222,35.13807222,-118.43121944,-118.43121944,31,"Post, Pole or Other Supports",0,"The First Harmful Event was Not a Collision with a Motor Vehicle in Transport",0,"No",1,"Non-Junction",1,"Not an Intersection",3,"On Median",0,"None",1,"Daylight",1,"Clear",0,"No","0000000","Not Applicable",11,"11:00am-11:59am",99,"Unknown",11,"11:00am-11:59am",99,"Unknown EMS Scene Arrival Minutes",88,"Not Applicable (Not Transported)",88,"Not Applicable (Not Transported)",1,"State Highway","Weekday","SQ2_Year","1st Quarter (Month)"
"6","California","61149",1,1,1,1,0,1,1,37,"LOS ANGELES (37)",1980,"LOS ANGELES",2,"February",12,12,7,"Saturday",2022,21,"9:00pm-9:59pm",30,"30","SR-1 W PACIFIC COAST HWY","",3,"State Highway",2,"Urban",3,"Principal Arterial - Other",1,"State Highway Agency",1,"This section IS ON the NHS",0,"No Special Jurisdiction",106,"106",33.79109722,33.79109722,-118.26549444,-118.26549444,8,"Pedestrian",0,"The First Harmful Event was Not a Collision with a Motor Vehicle in Transport",0,"No",1,"Non-Junction",1,"Not an Intersection",1,"On Roadway",0,"None",3,"Dark - Lighted",1,"Clear",0,"No","0000000","Not Applicable",99,"Unknown",99,"Unknown",99,"Unknown EMS Scene Arrival Hour",99,"Unknown EMS Scene Arrival Minutes",99,"Unknown",99,"Unknown EMS Hospital Arrival Time",1,"State Highway","Weekend","FQ1_Year","2nd Quarter (Month)"
"6","California","61161",0,0,1,1,0,3,3,71,"SAN BERNARDINO (71)",4040,"VICTORVILLE",5,"May",8,8,1,"Sunday",2022,6,"6:00am-6:59am",58,"58","I-15 MOJAVE FWY","",1,"Interstate",1,"Rural",1,"Interstate",1,"State Highway Agency",1,"This section IS ON the NHS",0,"No Special Jurisdiction",552,"552",34.69194444,34.69194444,-117.21083889,-117.21083889,1,"Rollover/Overturn",0,"The First Harmful Event was Not a Collision with a Motor Vehicle in Transport",0,"No",1,"Non-Junction",1,"Not an Intersection",4,"On Roadside",0,"None",1,"Daylight",1,"Clear",0,"No","0000000","Not Applicable",7,"7:00am-7:59am",0,"0",7,"7:00am-7:59am",25,"25",99,"Unknown",99,"Unknown EMS Hospital Arrival Time",1,"State Highway","Weekend","SQ2_Year","1st Quarter (Month)"
"6","California","61162",0,0,2,2,0,2,2,29,"KERN (29)",0,"NOT APPLICABLE",5,"May",6,6,6,"Friday",2022,14,"2:00pm-2:59pm",35,"35","US-395","",2,"US Highway",1,"Rural",3,"Principal Arterial - Other",1,"State Highway Agency",1,"This section IS ON the NHS",0,"No Special Jurisdiction",62,"62",35.44540278,35.44540278,-117.66202778,-117.66202778,12,"Motor Vehicle In-Transport",1,"Front-to-Rear",0,"No",1,"Non-Junction",1,"Not an Intersection",1,"On Roadway",0,"None",1,"Daylight",1,"Clear",0,"No","0000000","Not Applicable",14,"2:00pm-2:59pm",40,"40",14,"2:00pm-2:59pm",55,"55",88,"Not Applicable (Not Transported)",88,"Not Applicable (Not Transported)",1,"US Highway","Weekday","SQ2_Year","1st Quarter (Month)"
"6","California","61170",1,1,1,1,0,0,0,37,"LOS ANGELES (37)",0,"NOT APPLICABLE",5,"May",10,10,3,"Tuesday",2022,9,"9:00am-9:59am",45,"45","AVENUE G","",8,"Other",1,"Rural",5,"Major Collector",2,"County Highway Agency",0,"This section IS NOT on the NHS",0,"No Special Jurisdiction",482,"482",34.73369167,34.73369167,-118.080725,-118.080725,8,"Pedestrian",0,"The First Harmful Event was Not a Collision with a Motor Vehicle in Transport",0,"No",1,"Non-Junction",1,"Not an Intersection",2,"On Shoulder",0,"None",1,"Daylight",1,"Clear",0,"No","0000000","Not Applicable",10,"10:00am-10:59am",5,"5",10,"10:00am-10:59am",14,"14",88,"Not Applicable (Not Transported)",88,"Not Applicable (Not Transported)",1,"Others","Weekday","SQ2_Year","1st Quarter (Month)"
"6","California","61174",0,0,1,1,0,1,1,47,"MERCED (47)",0,"NOT APPLICABLE",7,"July",16,16,7,"Saturday",2022,20,"8:00pm-8:59pm",10,"10","SR-99","",3,"State Highway",2,"Urban",2,"Principal Arterial - Other Freeways and Expressways",1,"State Highway Agency",1,"This section IS ON the NHS",0,"No Special Jurisdiction",341,"341",37.43468333,37.43468333,-120.77948333,-120.77948333,1,"Rollover/Overturn",0,"The First Harmful Event was Not a Collision with a Motor Vehicle in Transport",0,"No",1,"Non-Junction",1,"Not an Intersection",4,"On Roadside",0,"None",1,"Daylight",1,"Clear",0,"No","0000000","Not Applicable",20,"8:00pm-8:59pm",99,"Unknown",20,"8:00pm-8:59pm",99,"Unknown EMS Scene Arrival Minutes",88,"Not Applicable (Not Transported)",88,"Not Applicable (Not Transported)",1,"State Highway","Weekend","SQ2_Year","2nd Quarter (Month)"
"6","California","61189",0,0,3,3,0,3,3,87,"SANTA CRUZ (87)",0,"NOT APPLICABLE",4,"April",6,6,4,"Wednesday",2022,16,"4:00pm-4:59pm",18,"18","SR-129","",3,"State Highway",1,"Rural",4,"Minor Arterial",1,"State Highway Agency",0,"This section IS NOT on the NHS",0,"No Special Jurisdiction",91,"91",36.90466111,36.90466111,-121.61111944,-121.61111944,12,"Motor Vehicle In-Transport",2,"Front-to-Front",0,"No",1,"Non-Junction",1,"Not an Intersection",1,"On Roadway",0,"None",1,"Daylight",1,"Clear",0,"No","0000000","Not Applicable",99,"Unknown",99,"Unknown",99,"Unknown EMS Scene Arrival Hour",99,"Unknown EMS Scene Arrival Minutes",99,"Unknown",99,"Unknown EMS Hospital Arrival Time",1,"State Highway","Weekday","FQ1_Year","1st Quarter (Month)"
"6","California","61191",0,0,1,1,0,1,1,111,"VENTURA (111)",2620,"OXNARD",4,"April",22,22,6,"Friday",2022,4,"4:00am-4:59am",47,"47","US-101 VENTURA FREEWAY","",2,"US Highway",2,"Urban",2,"Principal Arterial - Other Freeways and Expressways",1,"State Highway Agency",1,"This section IS ON the NHS",0,"No Special Jurisdiction",206,"206",34.22356667,34.22356667,-119.15199167,-119.15199167,25,"Concrete Traffic Barrier",0,"The First Harmful Event was Not a Collision with a Motor Vehicle in Transport",0,"No",1,"Non-Junction",1,"Not an Intersection",3,"On Median",0,"None",2,"Dark - Not Lighted",1,"Clear",0,"No","0000000","Not Applicable",4,"4:00am-4:59am",47,"47",4,"4:00am-4:59am",57,"57",88,"Not Applicable (Not Transported)",88,"Not Applicable (Not Transported)",1,"US Highway","Weekday","FQ1_Year","Last Quarter (Month)"
"6","California","61193",0,0,3,3,0,4,4,111,"VENTURA (111)",2620,"OXNARD",6,"June",24,24,6,"Friday",2022,13,"1:00pm-1:59pm",47,"47","US-101","",2,"US Highway",2,"Urban",2,"Principal Arterial - Other Freeways and Expressways",1,"State Highway Agency",1,"This section IS ON the NHS",0,"No Special Jurisdiction",230,"230",34.24110833,34.24110833,-119.18578056,-119.18578056,12,"Motor Vehicle In-Transport",1,"Front-to-Rear",0,"No",1,"Non-Junction",1,"Not an Intersection",1,"On Roadway",0,"None",1,"Daylight",1,"Clear",0,"No","0000000","Not Applicable",99,"Unknown",99,"Unknown",99,"Unknown EMS Scene Arrival Hour",99,"Unknown EMS Scene Arrival Minutes",99,"Unknown",99,"Unknown EMS Hospital Arrival Time",1,"US Highway","Weekday","SQ2_Year","Last Quarter (Month)"
"6","California","61194",0,0,2,2,0,2,2,89,"SHASTA (89)",0,"NOT APPLICABLE",8,"August",18,18,5,"Thursday",2022,11,"11:00am-11:59am",50,"50","SR-299","",3,"State Highway",1,"Rural",3,"Principal Arterial - Other",1,"State Highway Agency",1,"This section IS ON the NHS",0,"No Special Jurisdiction",1294,"1294",40.61051667,40.61051667,-122.51615,-122.51615,12,"Motor Vehicle In-Transport",2,"Front-to-Front",0,"No",1,"Non-Junction",1,"Not an Intersection",1,"On Roadway",0,"None",1,"Daylight",1,"Clear",0,"No","0000000","Not Applicable",99,"Unknown",99,"Unknown",99,"Unknown EMS Scene Arrival Hour",99,"Unknown EMS Scene Arrival Minutes",88,"Not Applicable (Not Transported)",88,"Not Applicable (Not Transported)",1,"State Highway","Weekday","SQ2_Year","2nd Quarter (Month)"
"6","California","61201",0,0,1,1,0,1,1,35,"LASSEN (35)",0,"NOT APPLICABLE",5,"May",26,26,5,"Thursday",2022,0,"0:00am-0:59am",40,"40","US-395","",2,"US Highway",2,"Urban",3,"Principal Arterial - Other",1,"State Highway Agency",1,"This section IS ON the NHS",0,"No Special Jurisdiction",666,"666",40.37552778,40.37552778,-120.48574167,-120.48574167,1,"Rollover/Overturn",0,"The First Harmful Event was Not a Collision with a Motor Vehicle in Transport",0,"No",1,"Non-Junction",1,"Not an Intersection",4,"On Roadside",0,"None",2,"Dark - Not Lighted",1,"Clear",0,"No","0000000","Not Applicable",99,"Unknown",99,"Unknown",99,"Unknown EMS Scene Arrival Hour",99,"Unknown EMS Scene Arrival Minutes",88,"Not Applicable (Not Transported)",88,"Not Applicable (Not Transported)",1,"US Highway","Weekday","SQ2_Year","Last Quarter (Month)"
"6","California","61205",0,0,1,1,0,1,1,33,"LAKE (33)",0,"NOT APPLICABLE",1,"January",30,30,1,"Sunday",2022,0,"0:00am-0:59am",35,"35","SR-20","",3,"State Highway",1,"Rural",3,"Principal Arterial - Other",1,"State Highway Agency",1,"This section IS ON the NHS",0,"No Special Jurisdiction",452,"452",39.01029722,39.01029722,-122.43120278,-122.43120278,35,"Embankment",0,"The First Harmful Event was Not a Collision with a Motor Vehicle in Transport",0,"No",1,"Non-Junction",1,"Not an Intersection",4,"On Roadside",0,"None",2,"Dark - Not Lighted",1,"Clear",0,"No","0000000","Not Applicable",99,"Unknown",99,"Unknown",99,"Unknown EMS Scene Arrival Hour",99,"Unknown EMS Scene Arrival Minutes",88,"Not Applicable (Not Transported)",88,"Not Applicable (Not Transported)",1,"State Highway","Weekend","FQ1_Year","Last Quarter (Month)"
"6","California","61211",1,1,1,1,0,1,1,37,"LOS ANGELES (37)",1980,"LOS ANGELES",1,"January",21,21,6,"Friday",2022,0,"0:00am-0:59am",21,"21","VENICE BLVD","",6,"Local Street - Municipality",2,"Urban",3,"Principal Arterial - Other",4,"City or Municipal Highway Agency",1,"This section IS ON the NHS",0,"No Special Jurisdiction",0,"None",33.99344444,33.99344444,-118.45416389,-118.45416389,8,"Pedestrian",0,"The First Harmful Event was Not a Collision with a Motor Vehicle in Transport",0,"No",1,"Non-Junction",1,"Not an Intersection",1,"On Roadway",0,"None",3,"Dark - Lighted",1,"Clear",0,"No","0000000","Not Applicable",99,"Unknown",99,"Unknown",99,"Unknown EMS Scene Arrival Hour",99,"Unknown EMS Scene Arrival Minutes",99,"Unknown",99,"Unknown EMS Hospital Arrival Time",1,"Others","Weekday","FQ1_Year","Last Quarter (Month)"
"6","California","61214",0,0,2,2,0,2,2,53,"MONTEREY (53)",0,"NOT APPLICABLE",8,"August",7,7,1,"Sunday",2022,8,"8:00am-8:59am",48,"48","SR-68 MONTEREY SALINAS HWY","",3,"State Highway",2,"Urban",3,"Principal Arterial - Other",1,"State Highway Agency",1,"This section IS ON the NHS",0,"No Special Jurisdiction",101,"101",36.56936944,36.56936944,-121.77346944,-121.77346944,12,"Motor Vehicle In-Transport",1,"Front-to-Rear",0,"No",1,"Non-Junction",1,"Not an Intersection",1,"On Roadway",0,"None",1,"Daylight",1,"Clear",0,"No","0000000","Not Applicable",99,"Unknown",99,"Unknown",99,"Unknown EMS Scene Arrival Hour",99,"Unknown EMS Scene Arrival Minutes",99,"Unknown",99,"Unknown EMS Hospital Arrival Time",1,"State Highway","Weekend","SQ2_Year","1st Quarter (Month)"
"6","California","61218",0,0,1,1,0,1,1,67,"SACRAMENTO (67)",0,"NOT APPLICABLE",3,"March",13,13,1,"Sunday",2022,14,"2:00pm-2:59pm",5,"5","SR-104","",3,"State Highway",1,"Rural",5,"Major Collector",1,"State Highway Agency",0,"This section IS NOT on the NHS",0,"No Special Jurisdiction",111,"111",38.35280833,38.35280833,-121.13241389,-121.13241389,43,"Other Fixed Object",0,"The First Harmful Event was Not a Collision with a Motor Vehicle in Transport",0,"No",1,"Non-Junction",1,"Not an Intersection",4,"On Roadside",0,"None",1,"Daylight",1,"Clear",0,"No","0000000","Not Applicable",99,"Unknown",99,"Unknown",99,"Unknown EMS Scene Arrival Hour",99,"Unknown EMS Scene Arrival Minutes",88,"Not Applicable (Not Transported)",88,"Not Applicable (Not Transported)",1,"State Highway","Weekend","FQ1_Year","2nd Quarter (Month)"
"6","California","61219",0,0,2,2,0,2,2,67,"SACRAMENTO (67)",0,"NOT APPLICABLE",4,"April",28,28,5,"Thursday",2022,13,"1:00pm-1:59pm",1,"1","SR-160","",3,"State Highway",1,"Rural",3,"Principal Arterial - Other",1,"State Highway Agency",1,"This section IS ON the NHS",0,"No Special Jurisdiction",47,"47",38.07883611,38.07883611,-121.732575,-121.732575,12,"Motor Vehicle In-Transport",2,"Front-to-Front",0,"No",1,"Non-Junction",1,"Not an Intersection",1,"On Roadway",0,"None",1,"Daylight",1,"Clear",0,"No","0000000","Not Applicable",13,"1:00pm-1:59pm",99,"Unknown",13,"1:00pm-1:59pm",99,"Unknown EMS Scene Arrival Minutes",99,"Unknown",99,"Unknown EMS Hospital Arrival Time",1,"State Highway","Weekday","FQ1_Year","Last Quarter (Month)"
"6","California","61224",1,1,1,1,0,2,2,113,"YOLO (113)",0,"NOT APPLICABLE",8,"August",9,9,3,"Tuesday",2022,18,"6:00pm-6:59pm",12,"12","SR-113","",3,"State Highway",2,"Urban",2,"Principal Arterial - Other Freeways and Expressways",1,"State Highway Agency",1,"This section IS ON the NHS",0,"No Special Jurisdiction",28,"28",38.57105,38.57105,-121.76748889,-121.76748889,8,"Pedestrian",0,"The First Harmful Event was Not a Collision with a Motor Vehicle in Transport",0,"No",1,"Non-Junction",1,"Not an Intersection",1,"On Roadway",0,"None",1,"Daylight",1,"Clear",0,"No","0000000","Not Applicable",99,"Unknown",99,"Unknown",99,"Unknown EMS Scene Arrival Hour",99,"Unknown EMS Scene Arrival Minutes",88,"Not Applicable (Not Transported)",88,"Not Applicable (Not Transported)",1,"State Highway","Weekday","SQ2_Year","1st Quarter (Month)"
"6","California","61230",1,1,1,1,0,1,1,37,"LOS ANGELES (37)",1980,"LOS ANGELES",7,"July",1,1,6,"Friday",2022,1,"1:00am-1:59am",45,"45","I-405","",1,"Interstate",1,"Rural",1,"Interstate",1,"State Highway Agency",1,"This section IS ON the NHS",0,"No Special Jurisdiction",644,"644",34.17597222,34.17597222,-118.46792778,-118.46792778,8,"Pedestrian",0,"The First Harmful Event was Not a Collision with a Motor Vehicle in Transport",0,"No",1,"Non-Junction",1,"Not an Intersection",1,"On Roadway",0,"None",2,"Dark - Not Lighted",1,"Clear",0,"No","0000000","Not Applicable",99,"Unknown",98,"Unknown if Notified",99,"Unknown EMS Scene Arrival Hour",98,"Unknown if Arrived",88,"Not Applicable (Not Transported)",88,"Not Applicable (Not Transported)",1,"State Highway","Weekday","SQ2_Year","1st Quarter (Month)"
"6","California","61231",0,0,3,3,0,5,5,71,"SAN BERNARDINO (71)",0,"NOT APPLICABLE",8,"August",17,17,4,"Wednesday",2022,12,"12:00pm-12:59pm",45,"45","CR-BEAR VALLEY RD","",4,"County Road",1,"Rural",5,"Major Collector",2,"County Highway Agency",0,"This section IS NOT on the NHS",0,"No Special Jurisdiction",174,"174",34.47186944,34.47186944,-117.14705278,-117.14705278,12,"Motor Vehicle In-Transport",2,"Front-to-Front",0,"No",1,"Non-Junction",1,"Not an Intersection",1,"On Roadway",0,"None",1,"Daylight",1,"Clear",0,"No","0000000","Not Applicable",99,"Unknown",99,"Unknown",99,"Unknown EMS Scene Arrival Hour",99,"Unknown EMS Scene Arrival Minutes",99,"Unknown",99,"Unknown EMS Hospital Arrival Time",1,"County Road","Weekday","SQ2_Year","2nd Quarter (Month)"
"6","California","61232",0,0,1,1,0,1,1,67,"SACRAMENTO (67)",0,"NOT APPLICABLE",8,"August",20,20,7,"Saturday",2022,0,"0:00am-0:59am",30,"30","CR-ROSEVILLE ROAD","",4,"County Road",2,"Urban",4,"Minor Arterial",2,"County Highway Agency",0,"This section IS NOT on the NHS",0,"No Special Jurisdiction",59,"59",38.68600833,38.68600833,-121.35354444,-121.35354444,35,"Embankment",0,"The First Harmful Event was Not a Collision with a Motor Vehicle in Transport",0,"No",1,"Non-Junction",1,"Not an Intersection",4,"On Roadside",0,"None",3,"Dark - Lighted",1,"Clear",0,"No","0000000","Not Applicable",99,"Unknown",99,"Unknown",99,"Unknown EMS Scene Arrival Hour",99,"Unknown EMS Scene Arrival Minutes",99,"Unknown",99,"Unknown EMS Hospital Arrival Time",1,"County Road","Weekend","SQ2_Year","2nd Quarter (Month)"