"state","statename","st_case","peds","pernotmvit","ve_total","ve_forms","pvh_invl","persons","permvit","county","countyname","city","cityname","month","monthname","day","dayname","day_week","day_weekname","year","hour","hourname","minute","minutename","tway_id","tway_id2","route","routename","rur_urb","rur_urbname","func_sys","func_sysname","rd_owner","rd_ownername","nhs","nhsname","sp_jur","sp_jurname","milept","mileptname","latitude","latitudename","longitud","longitudname","harm_ev","harm_evname","man_coll","man_collname","reljct1","reljct1name","reljct2","reljct2name","typ_int","typ_intname","rel_road","rel_roadname","wrk_zone","wrk_zonename","lgt_cond","lgt_condname","weather","weathername","sch_bus","sch_busname","rail","railname","not_hour","not_hourname","not_min","not_minname","arr_hour","arr_hourname","arr_min","arr_minname","hosp_hr","hosp_hrname","hosp_mn","hosp_mnname","fatals","route_category","day_type","quarter_year","day_quarter"
"6","California","63248",0,0,1,1,0,1,1,33,"LAKE (33)",0,"NOT APPLICABLE",5,"May",1,1,1,"Sunday",2022,2,"2:00am-2:59am",46,"46","SR-29","",3,"State Highway",1,"Rural",4,"Minor Arterial",1,"State Highway Agency",0,"This section IS NOT on the NHS",0,"No Special Jurisdiction",54,"54",38.74778611,38.74778611,-122.61779722,-122.61779722,1,"Rollover/Overturn",0,"The First Harmful Event was Not a Collision with a Motor Vehicle in Transport",0,"No",1,"Non-Junction",1,"Not an Intersection",1,"On Roadway",0,"None",3,"Dark - Lighted",1,"Clear",0,"No","0000000","Not Applicable",99,"Unknown",99,"Unknown",10,"10:00am-10:59am",99,"Unknown EMS Scene Arrival Minutes",88,"Not Applicable (Not Transported)",88,"Not Applicable (Not Transported)",1,"State Highway","Weekend","SQ2_Year","1st Quarter (Month)"
"6","California","63250",0,0,2,2,0,2,2,59,"ORANGE (59)",1713,"EAST IRVINE",9,"September",24,24,7,"Saturday",2022,4,"4:00am-4:59am",4,"4","I-5","",1,"Interstate",2,"Urban",1,"Interstate",1,"State Highway Agency",1,"This section IS ON the NHS",0,"No Special Jurisdiction",276,"276",33.72033611,33.72033611,-117.79653889,-117.79653889,12,"Motor Vehicle In-Transport",1,"Front-to-Rear",0,"No",1,"Non-Junction",1,"Not an Intersection",1,"On Roadway",0,"None",3,"Dark - Lighted",1,"Clear",0,"No","0000000","Not Applicable",4,"4:00am-4:59am",7,"7",99,"Unknown EMS Scene Arrival Hour",99,"Unknown EMS Scene Arrival Minutes",99,"Unknown",99,"Unknown EMS Hospital Arrival Time",1,"State Highway","Weekend","TQ3_Year","Last Quarter (Month)"
"6","California","63266",1,1,1,1,0,1,1,71,"SAN BERNARDINO (71)",790,"COLTON",5,"May",4,4,4,"Wednesday",2022,3,"3:00am-3:59am",15,"15","I-10 REDLANDS FWY","",1,"Interstate",2,"Urban",1,"Interstate",1,"State Highway Agency",1,"This section IS ON the NHS",0,"No Special Jurisdiction",246,"246",34.06333333,34.06333333,-117.28999444,-117.28999444,8,"Pedestrian",0,"The First Harmful Event was Not a Collision with a Motor Vehicle in Transport",0,"No",1,"Non-Junction",1,"Not an Intersection",1,"On Roadway",0,"None",2,"Dark - Not Lighted",1,"Clear",0,"No","0000000","Not Applicable",3,"3:00am-3:59am",16,"16",3,"3:00am-3:59am",30,"30",88,"Not Applicable (Not Transported)",88,"Not Applicable (Not Transported)",1,"State Highway","Weekday","SQ2_Year","1st Quarter (Month)"
"6","California","63269",0,0,2,2,0,2,2,37,"LOS ANGELES (37)",1980,"LOS ANGELES",4,"April",23,23,7,"Saturday",2022,1,"1:00am-1:59am",13,"13","I-105 W/B CENTURY FWY","",1,"Interstate",2,"Urban",1,"Interstate",1,"State Highway Agency",1,"This section IS ON the NHS",0,"No Special Jurisdiction",11,"11",33.93125556,33.93125556,-118.38479444,-118.38479444,12,"Motor Vehicle In-Transport",2,"Front-to-Front",0,"No",1,"Non-Junction",1,"Not an Intersection",1,"On Roadway",0,"None",2,"Dark - Not Lighted",1,"Clear",0,"No","0000000","Not Applicable",1,"1:00am-1:59am",14,"14",1,"1:00am-1:59am",24,"24",99,"Unknown",99,"Unknown EMS Hospital Arrival Time",1,"State Highway","Weekend","FQ1_Year","Last Quarter (Month)"
"6","California","63276",0,0,2,2,0,6,6,37,"LOS ANGELES (37)",0,"NOT APPLICABLE",11,"November",22,22,3,"Tuesday",2022,21,"9:00pm-9:59pm",25,"25","SR-60 POMONA FWY","",3,"State Highway",2,"Urban",2,"Principal Arterial - Other Freeways and Expressways",1,"State Highway Agency",1,"This section IS ON the NHS",0,"No Special Jurisdiction",27,"27",34.03410278,34.03410278,-118.17946944,-118.17946944,12,"Motor Vehicle In-Transport",1,"Front-to-Rear",0,"No",1,"Non-Junction",1,"Not an Intersection",1,"On Roadway",0,"None",2,"Dark - Not Lighted",1,"Clear",0,"No","0000000","Not Applicable",21,"9:00pm-9:59pm",29,"29",99,"Unknown EMS Scene Arrival Hour",99,"Unknown EMS Scene Arrival Minutes",99,"Unknown",99,"Unknown EMS Hospital Arrival Time",1,"State Highway","Weekday","TQ3_Year","Last Quarter (Month)"
"6","California","63280",1,1,1,1,0,1,1,29,"KERN (29)",0,"NOT APPLICABLE",11,"November",22,22,3,"Tuesday",2022,3,"3:00am-3:59am",15,"15","SR-184","",3,"State Highway",2,"Urban",3,"Principal Arterial - Other",1,"State Highway Agency",1,"This section IS ON the NHS",0,"No Special Jurisdiction",75,"75",35.34593889,35.34593889,-118.91432222,-118.91432222,8,"Pedestrian",0,"The First Harmful Event was Not a Collision with a Motor Vehicle in Transport",0,"No",1,"Non-Junction",1,"Not an Intersection",1,"On Roadway",0,"None",2,"Dark - Not Lighted",1,"Clear",0,"No","0000000","Not Applicable",3,"3:00am-3:59am",19,"19",99,"Unknown EMS Scene Arrival Hour",99,"Unknown EMS Scene Arrival Minutes",88,"Not Applicable (Not Transported)",88,"Not Applicable (Not Transported)",1,"State Highway","Weekday","TQ3_Year","Last Quarter (Month)"
"6","California","63306",1,1,1,1,0,1,1,33,"LAKE (33)",719,"CLEARLAKE",7,"July",20,20,4,"Wednesday",2022,1,"1:00am-1:59am",0,"0","SR-53","",3,"State Highway",2,"Urban",3,"Principal Arterial - Other",1,"State Highway Agency",1,"This section IS ON the NHS",0,"No Special Jurisdiction",20,"20",38.93753056,38.93753056,-122.62253333,-122.62253333,8,"Pedestrian",0,"The First Harmful Event was Not a Collision with a Motor Vehicle in Transport",0,"No",1,"Non-Junction",1,"Not an Intersection",1,"On Roadway",0,"None",2,"Dark - Not Lighted",1,"Clear",0,"No","0000000","Not Applicable",99,"Unknown",99,"Unknown",99,"Unknown EMS Scene Arrival Hour",99,"Unknown EMS Scene Arrival Minutes",88,"Not Applicable (Not Transported)",88,"Not Applicable (Not Transported)",1,"State Highway","Weekday","SQ2_Year","2nd Quarter (Month)"
"6","California","63323",0,0,1,1,0,2,2,73,"SAN DIEGO (73)",3260,"SAN DIEGO",7,"July",22,22,6,"Friday",2022,19,"7:00pm-7:59pm",15,"15","SR-78 SAN PASQUAL VALLEY RD","",3,"State Highway",1,"Rural",4,"Minor Arterial",1,"State Highway Agency",0,"This section IS NOT on the NHS",0,"No Special Jurisdiction",307,"307",33.08653333,33.08653333,-116.90660278,-116.90660278,38,"Fence",0,"The First Harmful Event was Not a Collision with a Motor Vehicle in Transport",0,"No",1,"Non-Junction",1,"Not an Intersection",4,"On Roadside",0,"None",1,"Daylight",1,"Clear",0,"No","0000000","Not Applicable",99,"Unknown",99,"Unknown",99,"Unknown EMS Scene Arrival Hour",99,"Unknown EMS Scene Arrival Minutes",99,"Unknown",99,"Unknown EMS Hospital Arrival Time",1,"State Highway","Weekday","SQ2_Year","Last Quarter (Month)"
"6","California","63363",0,0,1,1,0,1,1,65,"RIVERSIDE (65)",3070,"RIVERSIDE",7,"July",27,27,4,"Wednesday",2022,0,"0:00am-0:59am",40,"40","SR-91 RIVERSIDE FWY","",3,"State Highway",2,"Urban",1,"Interstate",1,"State Highway Agency",1,"This section IS ON the NHS",0,"No Special Jurisdiction",148,"148",33.92132222,33.92132222,-117.4303,-117.4303,39,"Wall",0,"The First Harmful Event was Not a Collision with a Motor Vehicle in Transport",0,"No",1,"Non-Junction",1,"Not an Intersection",3,"On Median",0,"None",2,"Dark - Not Lighted",1,"Clear",0,"No","0000000","Not Applicable",99,"Unknown",99,"Unknown",99,"Unknown EMS Scene Arrival Hour",99,"Unknown EMS Scene Arrival Minutes",88,"Not Applicable (Not Transported)",88,"Not Applicable (Not Transported)",1,"State Highway","Weekday","SQ2_Year","Last Quarter (Month)"
"6","California","63372",0,0,2,2,0,3,3,73,"SAN DIEGO (73)",1080,"EL CAJON",12,"December",18,18,1,"Sunday",2022,4,"4:00am-4:59am",30,"30","I-5","",1,"Interstate",2,"Urban",1,"Interstate",1,"State Highway Agency",1,"This section IS ON the NHS",0,"No Special Jurisdiction",173,"173",32.80289167,32.80289167,-116.93666389,-116.93666389,42,"Tree (Standing Only)",0,"The First Harmful Event was Not a Collision with a Motor Vehicle in Transport",0,"No",1,"Non-Junction",1,"Not an Intersection",4,"On Roadside",0,"None",2,"Dark - Not Lighted",1,"Clear",0,"No","0000000","Not Applicable",4,"4:00am-4:59am",30,"30",99,"Unknown EMS Scene Arrival Hour",99,"Unknown EMS Scene Arrival Minutes",88,"Not Applicable (Not Transported)",88,"Not Applicable (Not Transported)",1,"State Highway","Weekend","TQ3_Year","2nd Quarter (Month)"
"6","California","63373",1,1,1,1,0,3,3,37,"LOS ANGELES (37)",1970,"LONG BEACH",7,"July",30,30,7,"Saturday",2022,22,"10:00pm-10:59pm",10,"10","SR-1 PACIFIC COAST HWY","",3,"State Highway",2,"Urban",3,"Principal Arterial - Other",1,"State Highway Agency",1,"This section IS ON the NHS",0,"No Special Jurisdiction",81,"81",33.78992222,33.78992222,-118.22244722,-118.22244722,8,"Pedestrian",0,"The First Harmful Event was Not a Collision with a Motor Vehicle in Transport",0,"No",1,"Non-Junction",1,"Not an Intersection",1,"On Roadway",0,"None",2,"Dark - Not Lighted",1,"Clear",0,"No","0000000","Not Applicable",22,"10:00pm-10:59pm",45,"45",99,"Unknown EMS Scene Arrival Hour",99,"Unknown EMS Scene Arrival Minutes",99,"Unknown",99,"Unknown EMS Hospital Arrival Time",1,"State Highway","Weekend","SQ2_Year","Last Quarter (Month)"
"6","California","63381",1,1,1,1,0,1,1,31,"KINGS (31)",0,"NOT APPLICABLE",6,"June",14,14,3,"Tuesday",2022,23,"11:00pm-11:59pm",12,"12","I-5","",1,"Interstate",1,"Rural",1,"Interstate",1,"State Highway Agency",1,"This section IS ON the NHS",0,"No Special Jurisdiction",181,"181",35.99849722,35.99849722,-119.97783056,-119.97783056,8,"Pedestrian",0,"The First Harmful Event was Not a Collision with a Motor Vehicle in Transport",0,"No",1,"Non-Junction",1,"Not an Intersection",1,"On Roadway",0,"None",2,"Dark - Not Lighted",1,"Clear",0,"No","0000000","Not Applicable",99,"Unknown",99,"Unknown",99,"Unknown EMS Scene Arrival Hour",99,"Unknown EMS Scene Arrival Minutes",99,"Unknown",99,"Unknown EMS Hospital Arrival Time",1,"State Highway","Weekday","SQ2_Year","2nd Quarter (Month)"
"6","California","63394",0,0,2,2,0,5,5,111,"VENTURA (111)",0,"NOT APPLICABLE",11,"November",6,6,1,"Sunday",2022,4,"4:00am-4:59am",22,"22","SR-1 PCH","",3,"State Highway",1,"Rural",3,"Principal Arterial - Other",1,"State Highway Agency",0,"This section IS NOT on the NHS",0,"No Special Jurisdiction",88,"88",34.09898889,34.09898889,-119.07828889,-119.07828889,12,"Motor Vehicle In-Transport",2,"Front-to-Front",0,"No",1,"Non-Junction",1,"Not an Intersection",1,"On Roadway",0,"None",2,"Dark - Not Lighted",1,"Clear",0,"No","0000000","Not Applicable",4,"4:00am-4:59am",24,"24",99,"Unknown EMS Scene Arrival Hour",99,"Unknown EMS Scene Arrival Minutes",88,"Not Applicable (Not Transported)",88,"Not Applicable (Not Transported)",5,"State Highway","Weekend","TQ3_Year","1st Quarter (Month)"
"6","California","63400",1,1,1,1,0,1,1,37,"LOS ANGELES (37)",1980,"LOS ANGELES",8,"August",5,5,6,"Friday",2022,6,"6:00am-6:59am",0,"0","VENICE BLVD","",8,"Other",2,"Urban",3,"Principal Arterial - Other",4,"City or Municipal Highway Agency",1,"This section IS ON the NHS",0,"No Special Jurisdiction",321,"321",33.99364167,33.99364167,-118.45322222,-118.45322222,8,"Pedestrian",0,"The First Harmful Event was Not a Collision with a Motor Vehicle in Transport",0,"No",1,"Non-Junction",1,"Not an Intersection",1,"On Roadway",0,"None",3,"Dark - Lighted",1,"Clear",0,"No","0000000","Not Applicable",6,"6:00am-6:59am",99,"Unknown",6,"6:00am-6:59am",99,"Unknown EMS Scene Arrival Minutes",88,"Not Applicable (Not Transported)",88,"Not Applicable (Not Transported)",1,"Others","Weekday","SQ2_Year","1st Quarter (Month)"
"6","California","63403",0,0,2,2,0,3,3,71,"SAN BERNARDINO (71)",1305,"FONTANA",5,"May",28,28,7,"Saturday",2022,2,"2:00am-2:59am",45,"45","I-15","",1,"Interstate",2,"Urban",1,"Interstate",1,"State Highway Agency",1,"This section IS ON the NHS",0,"No Special Jurisdiction",106,"106",34.16123889,34.16123889,-117.46569444,-117.46569444,12,"Motor Vehicle In-Transport",1,"Front-to-Rear",0,"No",1,"Non-Junction",1,"Not an Intersection",1,"On Roadway",0,"None",3,"Dark - Lighted",1,"Clear",0,"No","0000000","Not Applicable",2,"2:00am-2:59am",47,"47",3,"3:00am-3:59am",2,"2",99,"Unknown",99,"Unknown EMS Hospital Arrival Time",1,"State Highway","Weekend","SQ2_Year","Last Quarter (Month)"
"6","California","63404",0,0,1,1,0,2,2,85,"SANTA CLARA (85)",0,"NOT APPLICABLE",11,"November",13,13,1,"Sunday",2022,21,"9:00pm-9:59pm",54,"54","SR-17","",3,"State Highway",2,"Urban",3,"Principal Arterial - Other",1,"State Highway Agency",1,"This section IS ON the NHS",0,"No Special Jurisdiction",41,"41",37.1907,37.1907,-121.99322778,-121.99322778,25,"Concrete Traffic Barrier",0,"The First Harmful Event was Not a Collision with a Motor Vehicle in Transport",0,"No",1,"Non-Junction",1,"Not an Intersection",3,"On Median",0,"None",3,"Dark - Lighted",1,"Clear",0,"No","0000000","Not Applicable",21,"9:00pm-9:59pm",57,"57",99,"Unknown EMS Scene Arrival Hour",99,"Unknown EMS Scene Arrival Minutes",99,"Unknown",99,"Unknown EMS Hospital Arrival Time",1,"State Highway","Weekend","TQ3_Year","2nd Quarter (Month)"
"6","California","63409",1,1,1,1,0,2,2,107,"TULARE (107)",2880,"PORTERVILLE",8,"August",8,8,2,"Monday",2022,23,"11:00pm-11:59pm",31,"31","SR-190","",3,"State Highway",2,"Urban",3,"Principal Arterial - Other",1,"State Highway Agency",1,"This section IS ON the NHS",0,"No Special Jurisdiction",176,"176",36.05121667,36.05121667,-118.99537778,-118.99537778,8,"Pedestrian",0,"The First Harmful Event was Not a Collision with a Motor Vehicle in Transport",0,"No",1,"Non-Junction",1,"Not an Intersection",1,"On Roadway",0,"None",2,"Dark - Not Lighted",1,"Clear",0,"No","0000000","Not Applicable",99,"Unknown",99,"Unknown",99,"Unknown EMS Scene Arrival Hour",99,"Unknown EMS Scene Arrival Minutes",99,"Unknown",99,"Unknown EMS Hospital Arrival Time",1,"State Highway","Weekday","SQ2_Year","1st Quarter (Month)"
"6","California","63420",1,1,1,1,0,3,3,71,"SAN BERNARDINO (71)",1305,"FONTANA",8,"August",7,7,1,"Sunday",2022,23,"11:00pm-11:59pm",55,"55","RT-66 FOOTHILL BL","",8,"Other",2,"Urban",3,"Principal Arterial - Other",4,"City or Municipal Highway Agency",1,"This section IS ON the NHS",0,"No Special Jurisdiction",157,"157",34.10669722,34.10669722,-117.435325,-117.435325,8,"Pedestrian",0,"The First Harmful Event was Not a Collision with a Motor Vehicle in Transport",0,"No",1,"Non-Junction",1,"Not an Intersection",1,"On Roadway",0,"None",3,"Dark - Lighted",1,"Clear",0,"No","0000000","Not Applicable",99,"Unknown",99,"Unknown",99,"Unknown EMS Scene Arrival Hour",99,"Unknown EMS Scene Arrival Minutes",99,"Unknown",99,"Unknown EMS Hospital Arrival Time",1,"Others","Weekend","SQ2_Year","1st Quarter (Month)"
"6","California","63439",1,1,1,1,0,2,2,29,"KERN (29)",240,"BAKERSFIELD",4,"April",29,29,6,"Friday",2022,22,"10:00pm-10:59pm",58,"58","RT-119 TAFT HWY","",8,"Other",2,"Urban",4,"Minor Arterial",1,"State Highway Agency",0,"This section IS NOT on the NHS",0,"No Special Jurisdiction",308,"308",35.26687778,35.26687778,-119.02766111,-119.02766111,8,"Pedestrian",0,"The First Harmful Event was Not a Collision with a Motor Vehicle in Transport",0,"No",1,"Non-Junction",1,"Not an Intersection",1,"On Roadway",0,"None",2,"Dark - Not Lighted",1,"Clear",0,"No","0000000","Not Applicable",99,"Unknown",99,"Unknown",99,"Unknown EMS Scene Arrival Hour",99,"Unknown EMS Scene Arrival Minutes",88,"Not Applicable (Not Transported)",88,"Not Applicable (Not Transported)",1,"Others","Weekday","FQ1_Year","Last Quarter (Month)"
"6","California","63468",0,0,1,1,0,3,3,73,"SAN DIEGO (73)",860,"CORONADO",7,"July",29,29,6,"Friday",2022,0,"0:00am-0:59am",26,"26","ORANGE AVE","",8,"Other",2,"Urban",3,"Principal Arterial - Other",1,"State Highway Agency",1,"This section IS ON the NHS",0,"No Special Jurisdiction",188,"188",32.68528889,32.68528889,-117.18010278,-117.18010278,33,"Curb",0,"The First Harmful Event was Not a Collision with a Motor Vehicle in Transport",0,"No",1,"Non-Junction",1,"Not an Intersection",4,"On Roadside",0,"None",3,"Dark - Lighted",1,"Clear",0,"No","0000000","Not Applicable",99,"Unknown",99,"Unknown",99,"Unknown EMS Scene Arrival Hour",99,"Unknown EMS Scene Arrival Minutes",99,"Unknown",99,"Unknown EMS Hospital Arrival Time",1,"Others","Weekday","SQ2_Year","Last Quarter (Month)"
"6","California","63474",0,0,2,2,0,3,3,37,"LOS ANGELES (37)",1980,"LOS ANGELES",5,"May",21,21,7,"Saturday",2022,0,"0:00am-0:59am",57,"57","US-101 VENTURA FWY","",2,"US Highway",2,"Urban",2,"Principal Arterial - Other Freeways and Expressways",1,"State Highway Agency",1,"This section IS ON the NHS",0,"No Special Jurisdiction",142,"142",34.15695,34.15695,-118.42074722,-118.42074722,12,"Motor Vehicle In-Transport",1,"Front-to-Rear",0,"No",1,"Non-Junction",1,"Not an Intersection",1,"On Roadway",0,"None",3,"Dark - Lighted",1,"Clear",0,"No","0000000","Not Applicable",99,"Unknown",99,"Unknown",99,"Unknown EMS Scene Arrival Hour",99,"Unknown EMS Scene Arrival Minutes",99,"Unknown",99,"Unknown EMS Hospital Arrival Time",1,"US Highway","Weekend","SQ2_Year","Last Quarter (Month)"
"6","California","63497",1,1,1,1,0,1,1,59,"ORANGE (59)",3760,"STANTON",8,"August",19,19,6,"Friday",2022,20,"8:00pm-8:59pm",0,"0","SR-39 BEACH BLVD","",3,"State Highway",2,"Urban",3,"Principal Arterial - Other",1,"State Highway Agency",1,"This section IS ON the NHS",0,"No Special Jurisdiction",95,"95",33.78624722,33.78624722,-117.99278056,-117.99278056,8,"Pedestrian",0,"The First Harmful Event was Not a Collision with a Motor Vehicle in Transport",0,"No",1,"Non-Junction",1,"Not an Intersection",1,"On Roadway",0,"None",5,"Dusk",1,"Clear",0,"No","0000000","Not Applicable",99,"Unknown",99,"Unknown",99,"Unknown EMS Scene Arrival Hour",99,"Unknown EMS Scene Arrival Minutes",99,"Unknown",99,"Unknown EMS Hospital Arrival Time",1,"State Highway","Weekday","SQ2_Year","2nd Quarter (Month)"
"6","California","63508",1,1,1,1,0,1,1,37,"LOS ANGELES (37)",1970,"LONG BEACH",8,"August",22,22,2,"Monday",2022,1,"1:00am-1:59am",41,"41","SR-22 E 7TH ST","",3,"State Highway",2,"Urban",3,"Principal Arterial - Other",1,"State Highway Agency",1,"This section IS ON the NHS",0,"No Special Jurisdiction",5,"5",33.77520833,33.77520833,-118.11344444,-118.11344444,8,"Pedestrian",0,"The First Harmful Event was Not a Collision with a Motor Vehicle in Transport",0,"No",1,"Non-Junction",1,"Not an Intersection",1,"On Roadway",0,"None",2,"Dark - Not Lighted",1,"Clear",0,"No","0000000","Not Applicable",99,"Unknown",99,"Unknown",99,"Unknown EMS Scene Arrival Hour",99,"Unknown EMS Scene Arrival Minutes",88,"Not Applicable (Not Transported)",88,"Not Applicable (Not Transported)",1,"State Highway","Weekday","SQ2_Year","Last Quarter (Month)"
"6","California","63570",1,1,1,1,0,2,2,71,"SAN BERNARDINO (71)",4040,"VICTORVILLE",9,"September",8,8,5,"Thursday",2022,2,"2:00am-2:59am",27,"27","SR-18","",3,"State Highway",2,"Urban",3,"Principal Arterial - Other",1,"State Highway Agency",1,"This section IS ON the NHS",0,"No Special Jurisdiction",951,"951",34.53561389,34.53561389,-117.28375,-117.28375,8,"Pedestrian",0,"The First Harmful Event was Not a Collision with a Motor Vehicle in Transport",0,"No",1,"Non-Junction",1,"Not an Intersection",1,"On Roadway",0,"None",2,"Dark - Not Lighted",1,"Clear",0,"No","0000000","Not Applicable",99,"Unknown",99,"Unknown",99,"Unknown EMS Scene Arrival Hour",99,"Unknown EMS Scene Arrival Minutes",99,"Unknown",99,"Unknown EMS Hospital Arrival Time",1,"State Highway","Weekday","TQ3_Year","1st Quarter (Month)"
"6","California","63591",1,1,1,1,0,1,1,29,"KERN (29)",240,"BAKERSFIELD",9,"September",11,11,1,"Sunday",2022,4,"4:00am-4:59am",13,"13","SR-58 ROSEDALE HWY","",3,"State Highway",2,"Urban",3,"Principal Arterial - Other",1,"State Highway Agency",1,"This section IS ON the NHS",0,"No Special Jurisdiction",506,"506",35.38327222,35.38327222,-119.07703889,-119.07703889,8,"Pedestrian",0,"The First Harmful Event was Not a Collision with a Motor Vehicle in Transport",0,"No",1,"Non-Junction",1,"Not an Intersection",1,"On Roadway",0,"None",3,"Dark - Lighted",1,"Clear",0,"No","0000000","Not Applicable",99,"Unknown",99,"Unknown",99,"Unknown EMS Scene Arrival Hour",99,"Unknown EMS Scene Arrival Minutes",99,"Unknown",99,"Unknown EMS Hospital Arrival Time",1,"State Highway","Weekend","TQ3_Year","2nd Quarter (Month)"
"6","California","63607",0,0,2,2,0,2,2,19,"FRESNO (19)",0,"NOT APPLICABLE",10,"October",3,3,2,"Monday",2022,2,"2:00am-2:59am",57,"57","SR-33","",3,"State Highway",1,"Rural",4,"Minor Arterial",1,"State Highway Agency",0,"This section IS NOT on the NHS",0,"No Special Jurisdiction",635,"635",36.77651111,36.77651111,-120.39795833,-120.39795833,12,"Motor Vehicle In-Transport",2,"Front-to-Front",0,"No",1,"Non-Junction",1,"Not an Intersection",1,"On Roadway",0,"None",2,"Dark - Not Lighted",1,"Clear",0,"No","0000000","Not Applicable",2,"2:00am-2:59am",59,"59",3,"3:00am-3:59am",27,"27",99,"Unknown",99,"Unknown EMS Hospital Arrival Time",1,"State Highway","Weekday","TQ3_Year","1st Quarter (Month)"
"6","California","63621",0,0,1,1,0,1,1,71,"SAN BERNARDINO (71)",4291,"YUCCA VALLEY",9,"September",27,27,3,"Tuesday",2022,23,"11:00pm-11:59pm",7,"7","SR-62","",3,"State Highway",2,"Urban",3,"Principal Arterial - Other",1,"State Highway Agency",1,"This section IS ON the NHS",0,"No Special Jurisdiction",118,"118",34.12075556,34.12075556,-116.42305833,-116.42305833,33,"Curb",0,"The First Harmful Event was Not a Collision with a Motor Vehicle in Transport",0,"No",1,"Non-Junction",1,"Not an Intersection",4,"On Roadside",0,"None",3,"Dark - Lighted",1,"Clear",0,"No","0000000","Not Applicable",99,"Unknown",99,"Unknown",99,"Unknown EMS Scene Arrival Hour",99,"Unknown EMS Scene Arrival Minutes",88,"Not Applicable (Not Transported)",88,"Not Applicable (Not Transported)",1,"State Highway","Weekday","TQ3_Year","Last Quarter (Month)"
"6","California","63667",0,0,1,1,0,1,1,71,"SAN BERNARDINO (71)",681,"CHINO HILLS",9,"September",29,29,5,"Thursday",2022,2,"2:00am-2:59am",6,"6","SR-142 CARBON CANYON RD","",3,"State Highway",2,"Urban",3,"Principal Arterial - Other",1,"State Highway Agency",1,"This section IS ON the NHS",0,"No Special Jurisdiction",18,"18",33.96415278,33.96415278,-117.76063611,-117.76063611,33,"Curb",0,"The First Harmful Event was Not a Collision with a Motor Vehicle in Transport",0,"No",1,"Non-Junction",1,"Not an Intersection",4,"On Roadside",0,"None",3,"Dark - Lighted",1,"Clear",0,"No","0000000","Not Applicable",99,"Unknown",99,"Unknown",99,"Unknown EMS Scene Arrival Hour",99,"Unknown EMS Scene Arrival Minutes",99,"Unknown",99,"Unknown EMS Hospital Arrival Time",1,"State Highway","Weekday","TQ3_Year","Last Quarter (Month)"
"6","California","63714",1,1,1,1,0,1,1,37,"LOS ANGELES (37)",1980,"LOS ANGELES",10,"October",7,7,6,"Friday",2022,19,"7:00pm-7:59pm",10,"10","SR-27  TOPANGA CANYON BLVD","",3,"State Highway",2,"Urban",3,"Principal Arterial - Other",1,"State Highway Agency",1,"This section IS ON the NHS",0,"No Special Jurisdiction",146,"146",34.20259722,34.20259722,-118.60602778,-118.60602778,8,"Pedestrian",0,"The First Harmful Event was Not a Collision with a Motor Vehicle in Transport",0,"No",1,"Non-Junction",1,"Not an Intersection",1,"On Roadway",0,"None",3,"Dark - Lighted",1,"Clear",0,"No","0000000","Not Applicable",99,"Unknown",99,"Unknown",99,"Unknown EMS Scene Arrival Hour",99,"Unknown EMS Scene Arrival Minutes",99,"Unknown",99,"Unknown EMS Hospital Arrival Time",1,"State Highway","Weekday","TQ3_Year","1st Quarter (Month)"
"6","California","63739",0,0,2,2,0,3,3,35,"LASSEN (35)",0,"NOT APPLICABLE",9,"September",9,9,6,"Friday",2022,21,"9:00pm-9:59pm",4,"4","US-395","",2,"US Highway",1,"Rural",3,"Principal Arterial - Other",1,"State Highway Agency",1,"This section IS ON the NHS",0,"No Special Jurisdiction",392,"392",40.15818611,40.15818611,-120.32450833,-120.32450833,12,"Motor Vehicle In-Transport",2,"Front-to-Front",0,"No",1,"Non-Junction",1,"Not an Intersection",1,"On Roadway",0,"None",2,"Dark - Not Lighted",1,"Clear",0,"No","0000000","Not Applicable",21,"9:00pm-9:59pm",4,"4",99,"Unknown EMS Scene Arrival Hour",99,"Unknown EMS Scene Arrival Minutes",99,"Unknown",99,"Unknown EMS Hospital Arrival Time",1,"US Highway","Weekday","TQ3_Year","1st Quarter (Month)"
"6","California","63788",0,0,2,2,0,3,3,71,"SAN BERNARDINO (71)",3000,"RIALTO",10,"October",31,31,2,"Monday",2022,23,"11:00pm-11:59pm",22,"22","SR-210","",3,"State Highway",2,"Urban",2,"Principal Arterial - Other Freeways and Expressways",1,"State Highway Agency",1,"This section IS ON the NHS",0,"No Special Jurisdiction",169,"169",34.13593333,34.13593333,-117.40001944,-117.40001944,12,"Motor Vehicle In-Transport",1,"Front-to-Rear",0,"No",1,"Non-Junction",1,"Not an Intersection",1,"On Roadway",0,"None",2,"Dark - Not Lighted",1,"Clear",0,"No","0000000","Not Applicable",23,"11:00pm-11:59pm",24,"24",23,"11:00pm-11:59pm",99,"Unknown EMS Scene Arrival Minutes",99,"Unknown",99,"Unknown EMS Hospital Arrival Time",1,"State Highway","Weekday","TQ3_Year","Last Quarter (Month)"